disease,resistance_gene_count,susceptibility_gene_count,evidence_strength_score,temperature,humidity,soil_moisture,light,risk_level,risk_score
Early Blight,0,0,0.0,29.7,31.7,32.0,345.5,moderate,46.0
Late Blight,0,0,0.0,29.7,31.7,32.0,345.5,low,34.0
Fusarium Wilt,2,0,-2.0,29.7,31.7,32.0,345.5,low,28.0
Bacterial Spot,2,0,-1.6,29.7,31.7,32.0,345.5,low,28.0
Early Blight,0,0,0.0,26.6,31.8,25.9,814.9,moderate,46.0
Late Blight,1,0,-1.0,26.6,31.8,25.9,814.9,low,16.0
Fusarium Wilt,1,0,-1.0,26.6,31.8,25.9,814.9,low,28.0
Bacterial Spot,0,0,0.0,26.6,31.8,25.9,814.9,moderate,46.0
Early Blight,1,0,-0.6,22.8,40.6,86.6,470.3,moderate,40.0
Late Blight,1,0,-1.0,22.8,40.6,86.6,470.3,low,28.0
Fusarium Wilt,0,0,0.0,22.8,40.6,86.6,470.3,moderate,46.0
Bacterial Spot,0,0,0.0,22.8,40.6,86.6,470.3,low,34.0
Early Blight,0,0,0.0,37.4,55.7,54.2,1012.3,low,34.0
Late Blight,0,0,0.0,37.4,55.7,54.2,1012.3,low,34.0
Fusarium Wilt,1,0,-1.0,37.4,55.7,54.2,1012.3,low,28.0
Bacterial Spot,2,0,-1.6,37.4,55.7,54.2,1012.3,low,16.0
Early Blight,0,0,0.0,16.8,45.8,18.1,405.8,low,34.0
Late Blight,2,0,-1.6,16.8,45.8,18.1,405.8,low,28.0
Fusarium Wilt,2,0,-2.0,16.8,45.8,18.1,405.8,low,28.0
Bacterial Spot,0,0,0.0,16.8,45.8,18.1,405.8,low,34.0
Early Blight,1,0,-0.6,29.0,41.6,68.3,279.7,moderate,40.0
Late Blight,0,0,0.0,29.0,41.6,68.3,279.7,low,34.0
Fusarium Wilt,0,0,0.0,29.0,41.6,68.3,279.7,moderate,62.0
Bacterial Spot,0,0,0.0,29.0,41.6,68.3,279.7,moderate,46.0
Early Blight,1,0,-0.6,20.3,32.2,35.2,394.5,moderate,40.0
Late Blight,0,0,0.0,20.3,32.2,35.2,394.5,moderate,46.0
Fusarium Wilt,1,0,-1.0,20.3,32.2,35.2,394.5,low,16.0
Bacterial Spot,1,0,-1.0,20.3,32.2,35.2,394.5,low,16.0
Early Blight,1,0,-0.6,25.6,48.0,29.7,717.5,moderate,40.0
Late Blight,0,0,0.0,25.6,48.0,29.7,717.5,low,34.0
Fusarium Wilt,2,0,-2.0,25.6,48.0,29.7,717.5,moderate,44.0
Bacterial Spot,0,0,0.0,25.6,48.0,29.7,717.5,moderate,46.0
Early Blight,0,0,0.0,17.1,33.2,18.8,790.2,low,34.0
Late Blight,2,0,-1.6,17.1,33.2,18.8,790.2,low,28.0
Fusarium Wilt,1,0,-1.0,17.1,33.2,18.8,790.2,low,16.0
Bacterial Spot,0,0,0.0,17.1,33.2,18.8,790.2,low,34.0
Early Blight,0,0,0.0,34.8,30.8,67.7,849.9,low,34.0
Late Blight,1,0,-1.0,34.8,30.8,67.7,849.9,low,16.0
Fusarium Wilt,2,0,-2.0,34.8,30.8,67.7,849.9,low,28.0
Bacterial Spot,1,0,-1.0,34.8,30.8,67.7,849.9,low,16.0
Early Blight,0,0,0.0,35.1,47.9,50.0,296.5,low,34.0
Late Blight,1,0,-0.6,35.1,47.9,50.0,296.5,low,28.0
Fusarium Wilt,0,0,0.0,35.1,47.9,50.0,296.5,moderate,46.0
Bacterial Spot,1,0,-1.0,35.1,47.9,50.0,296.5,low,16.0
Early Blight,1,0,-0.6,27.4,82.9,52.4,100.6,moderate,56.0
Late Blight,1,0,-1.0,27.4,82.9,52.4,100.6,low,28.0
Fusarium Wilt,0,0,0.0,27.4,82.9,52.4,100.6,moderate,62.0
Bacterial Spot,2,0,-1.6,27.4,82.9,52.4,100.6,low,28.0
Early Blight,1,0,-0.6,35.2,94.4,16.9,634.6,moderate,40.0
Late Blight,0,0,0.0,35.2,94.4,16.9,634.6,moderate,46.0
Fusarium Wilt,2,0,-2.0,35.2,94.4,16.9,634.6,low,28.0
Bacterial Spot,1,0,-0.6,35.2,94.4,16.9,634.6,moderate,40.0
Early Blight,0,0,0.0,35.1,58.8,26.9,693.2,low,34.0
Late Blight,2,0,-1.6,35.1,58.8,26.9,693.2,low,16.0
Fusarium Wilt,0,0,0.0,35.1,58.8,26.9,693.2,moderate,46.0
Bacterial Spot,1,0,-1.0,35.1,58.8,26.9,693.2,low,16.0
Early Blight,1,0,-0.6,17.8,45.3,37.0,747.1,low,28.0
Late Blight,2,0,-1.6,17.8,45.3,37.0,747.1,low,28.0
Fusarium Wilt,1,0,-1.0,17.8,45.3,37.0,747.1,low,28.0
Bacterial Spot,0,0,0.0,17.8,45.3,37.0,747.1,low,34.0
Early Blight,1,0,-0.6,16.6,46.2,63.5,335.7,low,28.0
Late Blight,0,0,0.0,16.6,46.2,63.5,335.7,moderate,46.0
Fusarium Wilt,1,0,-1.0,16.6,46.2,63.5,335.7,low,28.0
Bacterial Spot,1,0,-0.6,16.6,46.2,63.5,335.7,low,28.0
Early Blight,0,0,0.0,17.2,59.3,43.9,613.7,low,34.0
Late Blight,0,0,0.0,17.2,59.3,43.9,613.7,moderate,46.0
Fusarium Wilt,2,0,-2.0,17.2,59.3,43.9,613.7,low,28.0
Bacterial Spot,1,0,-1.0,17.2,59.3,43.9,613.7,low,16.0
Early Blight,1,0,-0.6,20.7,42.9,45.9,564.1,moderate,40.0
Late Blight,1,0,-1.0,20.7,42.9,45.9,564.1,low,28.0
Fusarium Wilt,1,0,-1.0,20.7,42.9,45.9,564.1,low,28.0
Bacterial Spot,1,0,-0.6,20.7,42.9,45.9,564.1,low,28.0
Early Blight,0,0,0.0,38.0,86.8,87.5,1119.0,moderate,46.0
Late Blight,2,0,-1.6,38.0,86.8,87.5,1119.0,low,28.0
Fusarium Wilt,2,0,-2.0,38.0,86.8,87.5,1119.0,low,28.0
Bacterial Spot,2,0,-1.6,38.0,86.8,87.5,1119.0,low,28.0
Early Blight,1,0,-0.6,37.7,48.0,72.7,600.5,low,28.0
Late Blight,0,0,0.0,37.7,48.0,72.7,600.5,low,34.0
Fusarium Wilt,0,0,0.0,37.7,48.0,72.7,600.5,moderate,46.0
Bacterial Spot,2,0,-1.6,37.7,48.0,72.7,600.5,low,16.0
Early Blight,1,0,-0.6,37.3,69.4,53.4,922.8,low,28.0
Late Blight,0,0,0.0,37.3,69.4,53.4,922.8,low,34.0
Fusarium Wilt,1,0,-1.0,37.3,69.4,53.4,922.8,low,28.0
Bacterial Spot,1,0,-0.6,37.3,69.4,53.4,922.8,low,28.0
Early Blight,1,0,-0.6,19.3,70.5,64.0,358.7,moderate,40.0
Late Blight,1,0,-0.6,19.3,70.5,64.0,358.7,moderate,40.0
Fusarium Wilt,0,0,0.0,19.3,70.5,64.0,358.7,moderate,46.0
Bacterial Spot,1,0,-1.0,19.3,70.5,64.0,358.7,low,16.0
Early Blight,1,0,-0.6,27.0,93.6,26.3,887.8,moderate,56.0
Late Blight,1,0,-1.0,27.0,93.6,26.3,887.8,low,28.0
Fusarium Wilt,2,0,-2.0,27.0,93.6,26.3,887.8,moderate,44.0
Bacterial Spot,1,0,-0.6,27.0,93.6,26.3,887.8,moderate,56.0
Early Blight,1,0,-0.6,25.5,97.9,89.7,180.6,moderate,56.0
Late Blight,1,0,-1.0,25.5,97.9,89.7,180.6,low,28.0
Fusarium Wilt,0,0,0.0,25.5,97.9,89.7,180.6,moderate,62.0
Bacterial Spot,2,0,-1.6,25.5,97.9,89.7,180.6,moderate,44.0
Early Blight,0,0,0.0,34.2,77.8,58.9,1186.0,moderate,46.0
Late Blight,1,0,-1.0,34.2,77.8,58.9,1186.0,low,28.0
Fusarium Wilt,1,0,-1.0,34.2,77.8,58.9,1186.0,moderate,44.0
Bacterial Spot,1,0,-0.6,34.2,77.8,58.9,1186.0,low,28.0
Early Blight,0,0,0.0,17.7,37.3,54.3,399.6,low,34.0
Late Blight,1,0,-0.6,17.7,37.3,54.3,399.6,moderate,40.0
Fusarium Wilt,1,0,-1.0,17.7,37.3,54.3,399.6,low,16.0
Bacterial Spot,1,0,-1.0,17.7,37.3,54.3,399.6,low,16.0
Early Blight,1,0,-0.6,34.5,36.3,43.9,404.3,low,28.0
Late Blight,0,0,0.0,34.5,36.3,43.9,404.3,low,34.0
Fusarium Wilt,1,0,-1.0,34.5,36.3,43.9,404.3,low,28.0
Bacterial Spot,1,0,-0.6,34.5,36.3,43.9,404.3,low,28.0
Early Blight,0,0,0.0,15.2,35.1,80.6,1094.3,low,34.0
Late Blight,0,0,0.0,15.2,35.1,80.6,1094.3,moderate,46.0
Fusarium Wilt,2,0,-2.0,15.2,35.1,80.6,1094.3,low,16.0
Bacterial Spot,1,0,-1.0,15.2,35.1,80.6,1094.3,low,16.0
Early Blight,1,0,-0.6,33.3,88.5,81.9,331.1,moderate,40.0
Late Blight,1,0,-1.0,33.3,88.5,81.9,331.1,low,28.0
Fusarium Wilt,1,0,-1.0,33.3,88.5,81.9,331.1,moderate,44.0
Bacterial Spot,1,0,-0.6,33.3,88.5,81.9,331.1,moderate,40.0
Early Blight,0,0,0.0,36.4,88.8,88.1,991.8,moderate,46.0
Late Blight,1,0,-1.0,36.4,88.8,88.1,991.8,low,28.0
Fusarium Wilt,1,0,-1.0,36.4,88.8,88.1,991.8,low,28.0
Bacterial Spot,0,0,0.0,36.4,88.8,88.1,991.8,moderate,46.0
Early Blight,0,0,0.0,33.6,48.1,73.0,218.9,low,34.0
Late Blight,1,0,-0.6,33.6,48.1,73.0,218.9,low,28.0
Fusarium Wilt,1,0,-1.0,33.6,48.1,73.0,218.9,moderate,44.0
Bacterial Spot,1,0,-1.0,33.6,48.1,73.0,218.9,low,16.0
Early Blight,0,0,0.0,20.2,31.6,25.5,461.1,moderate,46.0
Late Blight,1,0,-0.6,20.2,31.6,25.5,461.1,moderate,40.0
Fusarium Wilt,1,0,-1.0,20.2,31.6,25.5,461.1,low,16.0
Bacterial Spot,0,0,0.0,20.2,31.6,25.5,461.1,low,34.0
Early Blight,0,0,0.0,36.6,37.8,87.6,296.4,low,34.0
Late Blight,2,0,-1.6,36.6,37.8,87.6,296.4,low,16.0
Fusarium Wilt,1,0,-1.0,36.6,37.8,87.6,296.4,low,16.0
Bacterial Spot,1,0,-1.0,36.6,37.8,87.6,296.4,low,16.0
Early Blight,0,0,0.0,26.8,56.2,56.1,380.2,moderate,46.0
Late Blight,1,0,-1.0,26.8,56.2,56.1,380.2,low,16.0
Fusarium Wilt,0,0,0.0,26.8,56.2,56.1,380.2,moderate,62.0
Bacterial Spot,0,0,0.0,26.8,56.2,56.1,380.2,moderate,46.0
Early Blight,1,0,-0.6,23.4,34.8,63.1,463.2,moderate,40.0
Late Blight,0,0,0.0,23.4,34.8,63.1,463.2,moderate,46.0
Fusarium Wilt,2,0,-2.0,23.4,34.8,63.1,463.2,low,16.0
Bacterial Spot,2,0,-1.6,23.4,34.8,63.1,463.2,low,16.0
Early Blight,0,0,0.0,21.8,38.7,43.6,1134.4,moderate,46.0
Late Blight,0,0,0.0,21.8,38.7,43.6,1134.4,moderate,46.0
Fusarium Wilt,1,0,-1.0,21.8,38.7,43.6,1134.4,low,16.0
Bacterial Spot,2,0,-1.6,21.8,38.7,43.6,1134.4,low,16.0
Early Blight,1,0,-0.6,24.9,69.4,62.4,611.5,moderate,40.0
Late Blight,2,0,-1.6,24.9,69.4,62.4,611.5,low,16.0
Fusarium Wilt,0,0,0.0,24.9,69.4,62.4,611.5,moderate,46.0
Bacterial Spot,2,0,-1.6,24.9,69.4,62.4,611.5,low,28.0
Early Blight,0,0,0.0,26.9,73.0,36.8,1000.3,moderate,62.0
Late Blight,1,0,-0.6,26.9,73.0,36.8,1000.3,low,28.0
Fusarium Wilt,2,0,-2.0,26.9,73.0,36.8,1000.3,moderate,44.0
Bacterial Spot,2,0,-1.6,26.9,73.0,36.8,1000.3,low,28.0
Early Blight,1,0,-0.6,34.5,35.0,43.2,792.7,low,28.0
Late Blight,1,0,-0.6,34.5,35.0,43.2,792.7,low,28.0
Fusarium Wilt,1,0,-1.0,34.5,35.0,43.2,792.7,low,28.0
Bacterial Spot,1,0,-1.0,34.5,35.0,43.2,792.7,low,16.0
Early Blight,0,0,0.0,32.7,37.2,44.0,293.5,low,34.0
Late Blight,1,0,-0.6,32.7,37.2,44.0,293.5,low,28.0
Fusarium Wilt,1,0,-1.0,32.7,37.2,44.0,293.5,low,28.0
Bacterial Spot,1,0,-1.0,32.7,37.2,44.0,293.5,low,16.0
Early Blight,0,0,0.0,30.4,97.2,57.6,1145.0,moderate,46.0
Late Blight,0,0,0.0,30.4,97.2,57.6,1145.0,moderate,46.0
Fusarium Wilt,0,0,0.0,30.4,97.2,57.6,1145.0,moderate,62.0
Bacterial Spot,0,0,0.0,30.4,97.2,57.6,1145.0,moderate,46.0
Early Blight,0,0,0.0,32.1,62.3,30.7,372.0,low,34.0
Late Blight,0,0,0.0,32.1,62.3,30.7,372.0,low,34.0
Fusarium Wilt,1,0,-1.0,32.1,62.3,30.7,372.0,moderate,44.0
Bacterial Spot,2,0,-1.6,32.1,62.3,30.7,372.0,low,16.0
Early Blight,1,0,-0.6,21.2,51.7,53.2,252.2,moderate,40.0
Late Blight,0,0,0.0,21.2,51.7,53.2,252.2,moderate,46.0
Fusarium Wilt,2,0,-2.0,21.2,51.7,53.2,252.2,low,28.0
Bacterial Spot,1,0,-0.6,21.2,51.7,53.2,252.2,low,28.0
Early Blight,0,0,0.0,19.8,58.6,82.4,742.5,low,34.0
Late Blight,0,0,0.0,19.8,58.6,82.4,742.5,moderate,46.0
Fusarium Wilt,2,0,-2.0,19.8,58.6,82.4,742.5,low,28.0
Bacterial Spot,1,0,-1.0,19.8,58.6,82.4,742.5,low,16.0
Early Blight,0,0,0.0,34.6,94.8,43.5,922.3,moderate,46.0
Late Blight,1,0,-0.6,34.6,94.8,43.5,922.3,moderate,40.0
Fusarium Wilt,2,0,-2.0,34.6,94.8,43.5,922.3,moderate,44.0
Bacterial Spot,2,0,-1.6,34.6,94.8,43.5,922.3,low,28.0
Early Blight,1,0,-0.6,30.6,57.5,23.2,614.1,low,28.0
Late Blight,1,0,-0.6,30.6,57.5,23.2,614.1,low,28.0
Fusarium Wilt,1,0,-1.0,30.6,57.5,23.2,614.1,moderate,44.0
Bacterial Spot,1,0,-1.0,30.6,57.5,23.2,614.1,low,16.0
Early Blight,1,0,-0.6,18.1,61.4,14.0,517.0,low,28.0
Late Blight,1,0,-1.0,18.1,61.4,14.0,517.0,low,28.0
Fusarium Wilt,1,0,-1.0,18.1,61.4,14.0,517.0,low,28.0
Bacterial Spot,1,0,-0.6,18.1,61.4,14.0,517.0,low,28.0
Early Blight,1,0,-0.6,16.9,31.3,53.2,1199.9,low,28.0
Late Blight,0,0,0.0,16.9,31.3,53.2,1199.9,moderate,46.0
Fusarium Wilt,0,0,0.0,16.9,31.3,53.2,1199.9,low,34.0
Bacterial Spot,1,0,-0.6,16.9,31.3,53.2,1199.9,low,28.0
Early Blight,0,0,0.0,15.5,40.4,20.1,836.4,low,34.0
Late Blight,1,0,-1.0,15.5,40.4,20.1,836.4,low,28.0
Fusarium Wilt,1,0,-1.0,15.5,40.4,20.1,836.4,low,28.0
Bacterial Spot,0,0,0.0,15.5,40.4,20.1,836.4,low,34.0
Early Blight,1,0,-0.6,17.6,85.7,87.2,218.9,moderate,40.0
Late Blight,1,0,-1.0,17.6,85.7,87.2,218.9,moderate,44.0
Fusarium Wilt,1,0,-1.0,17.6,85.7,87.2,218.9,low,28.0
Bacterial Spot,1,0,-0.6,17.6,85.7,87.2,218.9,moderate,40.0
Early Blight,0,0,0.0,30.9,72.7,18.2,949.7,moderate,46.0
Late Blight,1,0,-0.6,30.9,72.7,18.2,949.7,low,28.0
Fusarium Wilt,0,0,0.0,30.9,72.7,18.2,949.7,moderate,62.0
Bacterial Spot,2,0,-1.6,30.9,72.7,18.2,949.7,low,16.0
Early Blight,0,0,0.0,23.5,64.4,37.3,1034.5,moderate,46.0
Late Blight,1,0,-1.0,23.5,64.4,37.3,1034.5,low,28.0
Fusarium Wilt,0,0,0.0,23.5,64.4,37.3,1034.5,moderate,46.0
Bacterial Spot,1,0,-0.6,23.5,64.4,37.3,1034.5,low,28.0
Early Blight,0,0,0.0,31.9,95.7,31.6,989.0,moderate,46.0
Late Blight,2,0,-1.6,31.9,95.7,31.6,989.0,low,28.0
Fusarium Wilt,1,0,-1.0,31.9,95.7,31.6,989.0,moderate,44.0
Bacterial Spot,0,0,0.0,31.9,95.7,31.6,989.0,moderate,46.0
Early Blight,0,0,0.0,17.0,90.0,29.5,611.2,moderate,46.0
Late Blight,2,0,-1.6,17.0,90.0,29.5,611.2,moderate,44.0
Fusarium Wilt,1,0,-1.0,17.0,90.0,29.5,611.2,low,28.0
Bacterial Spot,1,0,-1.0,17.0,90.0,29.5,611.2,low,28.0
Early Blight,1,0,-0.6,22.8,89.9,66.1,403.9,moderate,56.0
Late Blight,1,0,-0.6,22.8,89.9,66.1,403.9,moderate,56.0
Fusarium Wilt,1,0,-1.0,22.8,89.9,66.1,403.9,low,28.0
Bacterial Spot,0,0,0.0,22.8,89.9,66.1,403.9,moderate,46.0
Early Blight,1,0,-0.6,29.9,63.4,73.4,202.4,moderate,40.0
Late Blight,1,0,-0.6,29.9,63.4,73.4,202.4,low,28.0
Fusarium Wilt,1,0,-1.0,29.9,63.4,73.4,202.4,moderate,44.0
Bacterial Spot,1,0,-0.6,29.9,63.4,73.4,202.4,moderate,40.0
Early Blight,1,0,-0.6,32.2,52.5,66.2,398.0,low,28.0
Late Blight,2,0,-1.6,32.2,52.5,66.2,398.0,low,16.0
Fusarium Wilt,1,0,-1.0,32.2,52.5,66.2,398.0,moderate,44.0
Bacterial Spot,1,0,-0.6,32.2,52.5,66.2,398.0,low,28.0
Early Blight,0,0,0.0,20.0,62.9,68.0,1174.3,moderate,46.0
Late Blight,2,0,-1.6,20.0,62.9,68.0,1174.3,low,28.0
Fusarium Wilt,2,0,-2.0,20.0,62.9,68.0,1174.3,low,28.0
Bacterial Spot,2,0,-1.6,20.0,62.9,68.0,1174.3,low,16.0
Early Blight,0,0,0.0,27.3,48.7,87.9,708.7,moderate,46.0
Late Blight,1,0,-1.0,27.3,48.7,87.9,708.7,low,16.0
Fusarium Wilt,1,0,-1.0,27.3,48.7,87.9,708.7,moderate,44.0
Bacterial Spot,1,0,-0.6,27.3,48.7,87.9,708.7,moderate,40.0
Early Blight,1,0,-0.6,25.1,42.5,14.1,1135.2,moderate,40.0
Late Blight,1,0,-0.6,25.1,42.5,14.1,1135.2,low,28.0
Fusarium Wilt,1,0,-1.0,25.1,42.5,14.1,1135.2,moderate,44.0
Bacterial Spot,2,0,-1.6,25.1,42.5,14.1,1135.2,low,28.0
Early Blight,0,0,0.0,27.9,50.7,89.5,230.3,moderate,46.0
Late Blight,0,0,0.0,27.9,50.7,89.5,230.3,low,34.0
Fusarium Wilt,1,0,-1.0,27.9,50.7,89.5,230.3,moderate,44.0
Bacterial Spot,2,0,-1.6,27.9,50.7,89.5,230.3,low,28.0
Early Blight,0,0,0.0,34.8,97.3,34.4,783.1,moderate,46.0
Late Blight,0,0,0.0,34.8,97.3,34.4,783.1,moderate,46.0
Fusarium Wilt,2,0,-2.0,34.8,97.3,34.4,783.1,moderate,44.0
Bacterial Spot,1,0,-0.6,34.8,97.3,34.4,783.1,moderate,40.0
Early Blight,0,0,0.0,19.0,35.1,10.2,595.6,low,34.0
Late Blight,2,0,-1.6,19.0,35.1,10.2,595.6,low,28.0
Fusarium Wilt,0,0,0.0,19.0,35.1,10.2,595.6,low,34.0
Bacterial Spot,1,0,-1.0,19.0,35.1,10.2,595.6,low,16.0
Early Blight,0,0,0.0,36.2,83.6,60.0,827.3,moderate,46.0
Late Blight,1,0,-1.0,36.2,83.6,60.0,827.3,low,28.0
Fusarium Wilt,0,0,0.0,36.2,83.6,60.0,827.3,moderate,46.0
Bacterial Spot,1,0,-0.6,36.2,83.6,60.0,827.3,low,28.0
Early Blight,1,0,-0.6,18.8,50.9,69.9,726.1,low,28.0
Late Blight,1,0,-1.0,18.8,50.9,69.9,726.1,low,28.0
Fusarium Wilt,0,0,0.0,18.8,50.9,69.9,726.1,moderate,46.0
Bacterial Spot,1,0,-0.6,18.8,50.9,69.9,726.1,low,28.0
Early Blight,1,0,-0.6,16.9,32.7,44.6,454.6,low,28.0
Late Blight,1,0,-1.0,16.9,32.7,44.6,454.6,low,28.0
Fusarium Wilt,0,0,0.0,16.9,32.7,44.6,454.6,low,34.0
Bacterial Spot,0,0,0.0,16.9,32.7,44.6,454.6,low,34.0
Early Blight,1,0,-0.6,30.5,48.3,13.2,931.9,low,28.0
Late Blight,0,0,0.0,30.5,48.3,13.2,931.9,low,34.0
Fusarium Wilt,1,0,-1.0,30.5,48.3,13.2,931.9,moderate,44.0
Bacterial Spot,1,0,-0.6,30.5,48.3,13.2,931.9,low,28.0
Early Blight,0,0,0.0,17.1,53.7,36.7,837.1,low,34.0
Late Blight,1,0,-1.0,17.1,53.7,36.7,837.1,low,28.0
Fusarium Wilt,1,0,-1.0,17.1,53.7,36.7,837.1,low,28.0
Bacterial Spot,0,0,0.0,17.1,53.7,36.7,837.1,low,34.0
Early Blight,1,0,-0.6,25.5,51.4,35.9,1167.2,moderate,40.0
Late Blight,0,0,0.0,25.5,51.4,35.9,1167.2,low,34.0
Fusarium Wilt,0,0,0.0,25.5,51.4,35.9,1167.2,moderate,62.0
Bacterial Spot,2,0,-1.6,25.5,51.4,35.9,1167.2,low,28.0
Early Blight,1,0,-0.6,23.3,81.4,60.0,936.0,moderate,56.0
Late Blight,0,0,0.0,23.3,81.4,60.0,936.0,moderate,62.0
Fusarium Wilt,1,0,-1.0,23.3,81.4,60.0,936.0,low,28.0
Bacterial Spot,1,0,-1.0,23.3,81.4,60.0,936.0,low,16.0
Early Blight,0,0,0.0,29.0,46.3,22.7,705.9,moderate,46.0
Late Blight,1,0,-1.0,29.0,46.3,22.7,705.9,low,16.0
Fusarium Wilt,1,0,-1.0,29.0,46.3,22.7,705.9,moderate,44.0
Bacterial Spot,1,0,-1.0,29.0,46.3,22.7,705.9,low,28.0
Early Blight,0,0,0.0,26.5,78.7,50.7,400.8,moderate,62.0
Late Blight,1,0,-0.6,26.5,78.7,50.7,400.8,moderate,40.0
Fusarium Wilt,1,0,-1.0,26.5,78.7,50.7,400.8,moderate,44.0
Bacterial Spot,0,0,0.0,26.5,78.7,50.7,400.8,moderate,46.0
Early Blight,1,0,-0.6,35.2,88.8,32.1,969.0,moderate,40.0
Late Blight,0,0,0.0,35.2,88.8,32.1,969.0,moderate,46.0
Fusarium Wilt,1,0,-1.0,35.2,88.8,32.1,969.0,low,28.0
Bacterial Spot,1,0,-1.0,35.2,88.8,32.1,969.0,low,28.0
Early Blight,1,0,-0.6,38.0,63.3,21.9,692.4,low,28.0
Late Blight,0,0,0.0,38.0,63.3,21.9,692.4,low,34.0
Fusarium Wilt,2,0,-2.0,38.0,63.3,21.9,692.4,low,28.0
Bacterial Spot,1,0,-1.0,38.0,63.3,21.9,692.4,low,16.0
Early Blight,0,0,0.0,28.2,45.9,72.0,148.0,moderate,46.0
Late Blight,0,0,0.0,28.2,45.9,72.0,148.0,low,34.0
Fusarium Wilt,1,0,-1.0,28.2,45.9,72.0,148.0,moderate,44.0
Bacterial Spot,0,0,0.0,28.2,45.9,72.0,148.0,moderate,46.0
Early Blight,0,0,0.0,26.4,32.5,50.2,749.2,moderate,46.0
Late Blight,1,0,-0.6,26.4,32.5,50.2,749.2,low,28.0
Fusarium Wilt,1,0,-1.0,26.4,32.5,50.2,749.2,low,28.0
Bacterial Spot,1,0,-0.6,26.4,32.5,50.2,749.2,moderate,40.0
Early Blight,1,0,-0.6,30.1,40.5,47.6,1166.1,low,28.0
Late Blight,0,0,0.0,30.1,40.5,47.6,1166.1,low,34.0
Fusarium Wilt,0,0,0.0,30.1,40.5,47.6,1166.1,moderate,62.0
Bacterial Spot,1,0,-0.6,30.1,40.5,47.6,1166.1,low,28.0
Early Blight,1,0,-0.6,22.3,78.9,70.8,1059.6,moderate,56.0
Late Blight,1,0,-1.0,22.3,78.9,70.8,1059.6,moderate,44.0
Fusarium Wilt,0,0,0.0,22.3,78.9,70.8,1059.6,moderate,46.0
Bacterial Spot,1,0,-0.6,22.3,78.9,70.8,1059.6,low,28.0
Early Blight,0,0,0.0,17.3,73.1,79.8,588.0,moderate,46.0
Late Blight,1,0,-0.6,17.3,73.1,79.8,588.0,moderate,40.0
Fusarium Wilt,1,0,-1.0,17.3,73.1,79.8,588.0,low,28.0
Bacterial Spot,2,0,-1.6,17.3,73.1,79.8,588.0,low,16.0
Early Blight,1,0,-0.6,27.2,68.5,73.4,287.0,moderate,40.0
Late Blight,0,0,0.0,27.2,68.5,73.4,287.0,low,34.0
Fusarium Wilt,1,0,-1.0,27.2,68.5,73.4,287.0,moderate,44.0
Bacterial Spot,2,0,-1.6,27.2,68.5,73.4,287.0,low,28.0
Early Blight,0,0,0.0,20.8,47.4,10.8,985.1,moderate,46.0
Late Blight,1,0,-0.6,20.8,47.4,10.8,985.1,moderate,40.0
Fusarium Wilt,2,0,-2.0,20.8,47.4,10.8,985.1,low,28.0
Bacterial Spot,0,0,0.0,20.8,47.4,10.8,985.1,low,34.0
Early Blight,1,0,-0.6,24.8,47.0,77.6,319.1,moderate,40.0
Late Blight,2,0,-1.6,24.8,47.0,77.6,319.1,low,16.0
Fusarium Wilt,0,0,0.0,24.8,47.0,77.6,319.1,moderate,46.0
Bacterial Spot,1,0,-0.6,24.8,47.0,77.6,319.1,moderate,40.0
Early Blight,0,0,0.0,37.5,74.8,32.0,722.5,moderate,46.0
Late Blight,1,0,-0.6,37.5,74.8,32.0,722.5,low,28.0
Fusarium Wilt,1,0,-1.0,37.5,74.8,32.0,722.5,low,28.0
Bacterial Spot,1,0,-0.6,37.5,74.8,32.0,722.5,low,28.0
Early Blight,0,0,0.0,33.4,71.3,38.2,800.3,moderate,46.0
Late Blight,0,0,0.0,33.4,71.3,38.2,800.3,low,34.0
Fusarium Wilt,0,0,0.0,33.4,71.3,38.2,800.3,moderate,62.0
Bacterial Spot,0,0,0.0,33.4,71.3,38.2,800.3,low,34.0
Early Blight,0,0,0.0,29.9,51.0,45.3,737.5,moderate,46.0
Late Blight,2,0,-1.6,29.9,51.0,45.3,737.5,low,16.0
Fusarium Wilt,1,0,-1.0,29.9,51.0,45.3,737.5,moderate,44.0
Bacterial Spot,1,0,-1.0,29.9,51.0,45.3,737.5,low,28.0
Early Blight,1,0,-0.6,37.3,66.1,83.1,1013.5,low,28.0
Late Blight,1,0,-0.6,37.3,66.1,83.1,1013.5,low,28.0
Fusarium Wilt,0,0,0.0,37.3,66.1,83.1,1013.5,moderate,46.0
Bacterial Spot,2,0,-1.6,37.3,66.1,83.1,1013.5,low,16.0
Early Blight,0,0,0.0,37.1,39.6,87.3,1046.2,low,34.0
Late Blight,0,0,0.0,37.1,39.6,87.3,1046.2,low,34.0
Fusarium Wilt,1,0,-1.0,37.1,39.6,87.3,1046.2,low,16.0
Bacterial Spot,1,0,-0.6,37.1,39.6,87.3,1046.2,low,28.0
Early Blight,0,0,0.0,27.3,60.9,63.8,839.6,moderate,46.0
Late Blight,0,0,0.0,27.3,60.9,63.8,839.6,low,34.0
Fusarium Wilt,2,0,-2.0,27.3,60.9,63.8,839.6,moderate,44.0
Bacterial Spot,1,0,-1.0,27.3,60.9,63.8,839.6,low,28.0
Early Blight,0,0,0.0,27.9,92.2,27.7,169.5,moderate,62.0
Late Blight,1,0,-0.6,27.9,92.2,27.7,169.5,moderate,40.0
Fusarium Wilt,2,0,-2.0,27.9,92.2,27.7,169.5,moderate,44.0
Bacterial Spot,1,0,-0.6,27.9,92.2,27.7,169.5,moderate,56.0
Early Blight,1,0,-0.6,26.3,36.6,81.0,249.2,moderate,40.0
Late Blight,0,0,0.0,26.3,36.6,81.0,249.2,low,34.0
Fusarium Wilt,1,0,-1.0,26.3,36.6,81.0,249.2,low,28.0
Bacterial Spot,1,0,-0.6,26.3,36.6,81.0,249.2,moderate,40.0
Early Blight,0,0,0.0,24.5,36.7,49.1,548.9,moderate,46.0
Late Blight,2,0,-1.6,24.5,36.7,49.1,548.9,low,16.0
Fusarium Wilt,1,0,-1.0,24.5,36.7,49.1,548.9,low,16.0
Bacterial Spot,1,0,-0.6,24.5,36.7,49.1,548.9,moderate,40.0
Early Blight,1,0,-0.6,30.8,67.0,88.2,494.5,low,28.0
Late Blight,2,0,-1.6,30.8,67.0,88.2,494.5,low,16.0
Fusarium Wilt,1,0,-1.0,30.8,67.0,88.2,494.5,moderate,44.0
Bacterial Spot,0,0,0.0,30.8,67.0,88.2,494.5,low,34.0
Early Blight,1,0,-0.6,28.7,31.5,72.9,367.9,moderate,40.0
Late Blight,1,0,-0.6,28.7,31.5,72.9,367.9,low,28.0
Fusarium Wilt,1,0,-1.0,28.7,31.5,72.9,367.9,low,28.0
Bacterial Spot,1,0,-1.0,28.7,31.5,72.9,367.9,low,28.0
Early Blight,0,0,0.0,22.6,40.0,82.0,103.1,moderate,46.0
Late Blight,2,0,-1.6,22.6,40.0,82.0,103.1,low,28.0
Fusarium Wilt,2,0,-2.0,22.6,40.0,82.0,103.1,low,28.0
Bacterial Spot,1,0,-0.6,22.6,40.0,82.0,103.1,low,28.0
Early Blight,1,0,-0.6,15.3,83.7,29.0,456.1,moderate,40.0
Late Blight,1,0,-1.0,15.3,83.7,29.0,456.1,moderate,44.0
Fusarium Wilt,0,0,0.0,15.3,83.7,29.0,456.1,moderate,46.0
Bacterial Spot,1,0,-1.0,15.3,83.7,29.0,456.1,low,16.0
Early Blight,1,0,-0.6,26.8,37.4,50.3,1140.0,moderate,40.0
Late Blight,0,0,0.0,26.8,37.4,50.3,1140.0,low,34.0
Fusarium Wilt,1,0,-1.0,26.8,37.4,50.3,1140.0,low,28.0
Bacterial Spot,1,0,-0.6,26.8,37.4,50.3,1140.0,moderate,40.0
Early Blight,0,0,0.0,26.0,57.3,64.9,639.3,moderate,46.0
Late Blight,2,0,-1.6,26.0,57.3,64.9,639.3,low,16.0
Fusarium Wilt,1,0,-1.0,26.0,57.3,64.9,639.3,moderate,44.0
Bacterial Spot,1,0,-1.0,26.0,57.3,64.9,639.3,low,28.0
Early Blight,1,0,-0.6,27.6,52.1,89.6,683.6,moderate,40.0
Late Blight,1,0,-0.6,27.6,52.1,89.6,683.6,low,28.0
Fusarium Wilt,0,0,0.0,27.6,52.1,89.6,683.6,moderate,62.0
Bacterial Spot,0,0,0.0,27.6,52.1,89.6,683.6,moderate,46.0
Early Blight,1,0,-0.6,31.6,44.6,46.1,351.3,low,28.0
Late Blight,2,0,-1.6,31.6,44.6,46.1,351.3,low,16.0
Fusarium Wilt,2,0,-2.0,31.6,44.6,46.1,351.3,moderate,44.0
Bacterial Spot,1,0,-0.6,31.6,44.6,46.1,351.3,low,28.0
Early Blight,1,0,-0.6,18.5,92.8,15.4,1014.9,moderate,40.0
Late Blight,1,0,-1.0,18.5,92.8,15.4,1014.9,moderate,44.0
Fusarium Wilt,0,0,0.0,18.5,92.8,15.4,1014.9,moderate,46.0
Bacterial Spot,0,0,0.0,18.5,92.8,15.4,1014.9,moderate,46.0
Early Blight,0,0,0.0,22.6,38.3,38.3,831.9,moderate,46.0
Late Blight,0,0,0.0,22.6,38.3,38.3,831.9,moderate,46.0
Fusarium Wilt,0,0,0.0,22.6,38.3,38.3,831.9,low,34.0
Bacterial Spot,1,0,-1.0,22.6,38.3,38.3,831.9,low,16.0
Early Blight,0,0,0.0,19.9,74.7,27.9,219.0,moderate,46.0
Late Blight,1,0,-1.0,19.9,74.7,27.9,219.0,low,28.0
Fusarium Wilt,0,0,0.0,19.9,74.7,27.9,219.0,moderate,46.0
Bacterial Spot,0,0,0.0,19.9,74.7,27.9,219.0,low,34.0
Early Blight,0,0,0.0,33.8,71.7,61.4,128.9,moderate,46.0
Late Blight,1,0,-0.6,33.8,71.7,61.4,128.9,low,28.0
Fusarium Wilt,1,0,-1.0,33.8,71.7,61.4,128.9,moderate,44.0
Bacterial Spot,2,0,-1.6,33.8,71.7,61.4,128.9,low,16.0
Early Blight,1,0,-0.6,15.1,89.2,55.3,540.9,moderate,40.0
Late Blight,1,0,-0.6,15.1,89.2,55.3,540.9,moderate,56.0
Fusarium Wilt,1,0,-1.0,15.1,89.2,55.3,540.9,low,28.0
Bacterial Spot,2,0,-1.6,15.1,89.2,55.3,540.9,low,28.0
Early Blight,1,0,-0.6,23.5,79.1,72.1,724.4,moderate,56.0
Late Blight,2,0,-1.6,23.5,79.1,72.1,724.4,moderate,44.0
Fusarium Wilt,0,0,0.0,23.5,79.1,72.1,724.4,moderate,46.0
Bacterial Spot,1,0,-1.0,23.5,79.1,72.1,724.4,low,16.0
Early Blight,1,0,-0.6,26.2,60.1,31.9,930.4,moderate,40.0
Late Blight,2,0,-1.6,26.2,60.1,31.9,930.4,low,16.0
Fusarium Wilt,1,0,-1.0,26.2,60.1,31.9,930.4,moderate,44.0
Bacterial Spot,1,0,-0.6,26.2,60.1,31.9,930.4,moderate,40.0
Early Blight,1,0,-0.6,24.1,70.8,10.6,431.6,moderate,56.0
Late Blight,2,0,-1.6,24.1,70.8,10.6,431.6,low,16.0
Fusarium Wilt,2,0,-2.0,24.1,70.8,10.6,431.6,low,28.0
Bacterial Spot,1,0,-0.6,24.1,70.8,10.6,431.6,moderate,40.0
Early Blight,0,0,0.0,23.7,77.8,50.0,1016.7,moderate,62.0
Late Blight,1,0,-1.0,23.7,77.8,50.0,1016.7,moderate,44.0
Fusarium Wilt,2,0,-2.0,23.7,77.8,50.0,1016.7,low,28.0
Bacterial Spot,0,0,0.0,23.7,77.8,50.0,1016.7,low,34.0
Early Blight,1,0,-0.6,28.2,69.0,66.8,559.5,moderate,40.0
Late Blight,2,0,-1.6,28.2,69.0,66.8,559.5,low,16.0
Fusarium Wilt,0,0,0.0,28.2,69.0,66.8,559.5,moderate,62.0
Bacterial Spot,0,0,0.0,28.2,69.0,66.8,559.5,moderate,46.0
Early Blight,0,0,0.0,17.0,87.4,29.5,747.8,moderate,46.0
Late Blight,2,0,-1.6,17.0,87.4,29.5,747.8,moderate,44.0
Fusarium Wilt,2,0,-2.0,17.0,87.4,29.5,747.8,low,28.0
Bacterial Spot,1,0,-1.0,17.0,87.4,29.5,747.8,low,28.0
Early Blight,0,0,0.0,17.6,64.7,82.5,484.3,low,34.0
Late Blight,0,0,0.0,17.6,64.7,82.5,484.3,moderate,46.0
Fusarium Wilt,2,0,-2.0,17.6,64.7,82.5,484.3,low,28.0
Bacterial Spot,1,0,-1.0,17.6,64.7,82.5,484.3,low,16.0
Early Blight,1,0,-0.6,32.5,74.6,24.2,950.1,moderate,40.0
Late Blight,0,0,0.0,32.5,74.6,24.2,950.1,low,34.0
Fusarium Wilt,1,0,-1.0,32.5,74.6,24.2,950.1,moderate,44.0
Bacterial Spot,0,0,0.0,32.5,74.6,24.2,950.1,low,34.0
Early Blight,1,0,-0.6,29.4,88.8,60.2,266.1,moderate,56.0
Late Blight,2,0,-1.6,29.4,88.8,60.2,266.1,low,28.0
Fusarium Wilt,2,0,-2.0,29.4,88.8,60.2,266.1,moderate,44.0
Bacterial Spot,1,0,-0.6,29.4,88.8,60.2,266.1,moderate,56.0
Early Blight,0,0,0.0,25.4,33.9,76.5,184.4,moderate,46.0
Late Blight,0,0,0.0,25.4,33.9,76.5,184.4,low,34.0
Fusarium Wilt,1,0,-1.0,25.4,33.9,76.5,184.4,low,28.0
Bacterial Spot,0,0,0.0,25.4,33.9,76.5,184.4,moderate,46.0
Early Blight,1,0,-0.6,35.6,60.6,74.8,817.0,low,28.0
Late Blight,2,0,-1.6,35.6,60.6,74.8,817.0,low,16.0
Fusarium Wilt,2,0,-2.0,35.6,60.6,74.8,817.0,low,28.0
Bacterial Spot,1,0,-0.6,35.6,60.6,74.8,817.0,low,28.0
Early Blight,1,0,-0.6,31.4,64.3,23.8,372.5,low,28.0
Late Blight,1,0,-1.0,31.4,64.3,23.8,372.5,low,16.0
Fusarium Wilt,2,0,-2.0,31.4,64.3,23.8,372.5,moderate,44.0
Bacterial Spot,2,0,-1.6,31.4,64.3,23.8,372.5,low,16.0
Early Blight,1,0,-0.6,22.8,70.7,73.1,812.0,moderate,56.0
Late Blight,1,0,-1.0,22.8,70.7,73.1,812.0,low,28.0
Fusarium Wilt,1,0,-1.0,22.8,70.7,73.1,812.0,low,28.0
Bacterial Spot,0,0,0.0,22.8,70.7,73.1,812.0,low,34.0
Early Blight,1,0,-0.6,35.1,52.7,56.6,255.6,low,28.0
Late Blight,0,0,0.0,35.1,52.7,56.6,255.6,low,34.0
Fusarium Wilt,1,0,-1.0,35.1,52.7,56.6,255.6,low,28.0
Bacterial Spot,1,0,-0.6,35.1,52.7,56.6,255.6,low,28.0
Early Blight,0,0,0.0,23.7,83.8,75.1,837.1,moderate,62.0
Late Blight,0,0,0.0,23.7,83.8,75.1,837.1,moderate,62.0
Fusarium Wilt,0,0,0.0,23.7,83.8,75.1,837.1,moderate,46.0
Bacterial Spot,2,0,-1.6,23.7,83.8,75.1,837.1,low,16.0
Early Blight,1,0,-0.6,23.3,42.3,27.1,1142.4,moderate,40.0
Late Blight,2,0,-1.6,23.3,42.3,27.1,1142.4,low,28.0
Fusarium Wilt,1,0,-1.0,23.3,42.3,27.1,1142.4,low,28.0
Bacterial Spot,1,0,-1.0,23.3,42.3,27.1,1142.4,low,16.0
Early Blight,0,0,0.0,34.2,90.1,13.0,470.4,moderate,46.0
Late Blight,2,0,-1.6,34.2,90.1,13.0,470.4,low,28.0
Fusarium Wilt,1,0,-1.0,34.2,90.1,13.0,470.4,moderate,44.0
Bacterial Spot,0,0,0.0,34.2,90.1,13.0,470.4,moderate,46.0
Early Blight,1,0,-0.6,18.8,59.8,42.9,844.0,low,28.0
Late Blight,2,0,-1.6,18.8,59.8,42.9,844.0,low,28.0
Fusarium Wilt,1,0,-1.0,18.8,59.8,42.9,844.0,low,28.0
Bacterial Spot,1,0,-0.6,18.8,59.8,42.9,844.0,low,28.0
Early Blight,0,0,0.0,33.6,61.9,76.8,504.6,low,34.0
Late Blight,1,0,-0.6,33.6,61.9,76.8,504.6,low,28.0
Fusarium Wilt,2,0,-2.0,33.6,61.9,76.8,504.6,moderate,44.0
Bacterial Spot,0,0,0.0,33.6,61.9,76.8,504.6,low,34.0
Early Blight,0,0,0.0,33.8,84.5,21.1,375.0,moderate,46.0
Late Blight,0,0,0.0,33.8,84.5,21.1,375.0,moderate,46.0
Fusarium Wilt,1,0,-1.0,33.8,84.5,21.1,375.0,moderate,44.0
Bacterial Spot,1,0,-0.6,33.8,84.5,21.1,375.0,low,28.0
Early Blight,1,0,-0.6,32.6,48.5,82.4,262.1,low,28.0
Late Blight,1,0,-0.6,32.6,48.5,82.4,262.1,low,28.0
Fusarium Wilt,2,0,-2.0,32.6,48.5,82.4,262.1,moderate,44.0
Bacterial Spot,2,0,-1.6,32.6,48.5,82.4,262.1,low,16.0
Early Blight,1,0,-0.6,26.5,46.0,89.6,512.4,moderate,40.0
Late Blight,0,0,0.0,26.5,46.0,89.6,512.4,low,34.0
Fusarium Wilt,0,0,0.0,26.5,46.0,89.6,512.4,moderate,62.0
Bacterial Spot,2,0,-1.6,26.5,46.0,89.6,512.4,low,28.0
Early Blight,1,0,-0.6,34.1,77.3,21.1,876.1,moderate,40.0
Late Blight,2,0,-1.6,34.1,77.3,21.1,876.1,low,28.0
Fusarium Wilt,1,0,-1.0,34.1,77.3,21.1,876.1,moderate,44.0
Bacterial Spot,0,0,0.0,34.1,77.3,21.1,876.1,low,34.0
Early Blight,1,0,-0.6,27.1,37.6,33.0,431.3,moderate,40.0
Late Blight,1,0,-1.0,27.1,37.6,33.0,431.3,low,16.0
Fusarium Wilt,2,0,-2.0,27.1,37.6,33.0,431.3,low,28.0
Bacterial Spot,0,0,0.0,27.1,37.6,33.0,431.3,moderate,46.0
Early Blight,1,0,-0.6,15.4,65.0,29.4,257.9,low,28.0
Late Blight,1,0,-0.6,15.4,65.0,29.4,257.9,moderate,40.0
Fusarium Wilt,1,0,-1.0,15.4,65.0,29.4,257.9,low,28.0
Bacterial Spot,1,0,-1.0,15.4,65.0,29.4,257.9,low,16.0
Early Blight,0,0,0.0,16.6,65.8,50.6,1187.2,low,34.0
Late Blight,2,0,-1.6,16.6,65.8,50.6,1187.2,low,28.0
Fusarium Wilt,0,0,0.0,16.6,65.8,50.6,1187.2,moderate,46.0
Bacterial Spot,2,0,-1.6,16.6,65.8,50.6,1187.2,low,16.0
Early Blight,0,0,0.0,33.1,53.4,68.6,791.1,low,34.0
Late Blight,1,0,-0.6,33.1,53.4,68.6,791.1,low,28.0
Fusarium Wilt,1,0,-1.0,33.1,53.4,68.6,791.1,moderate,44.0
Bacterial Spot,1,0,-0.6,33.1,53.4,68.6,791.1,low,28.0
Early Blight,0,0,0.0,32.9,61.6,65.6,794.9,low,34.0
Late Blight,1,0,-1.0,32.9,61.6,65.6,794.9,low,16.0
Fusarium Wilt,2,0,-2.0,32.9,61.6,65.6,794.9,moderate,44.0
Bacterial Spot,2,0,-1.6,32.9,61.6,65.6,794.9,low,16.0
Early Blight,0,0,0.0,16.0,93.5,51.2,1188.0,moderate,46.0
Late Blight,1,0,-1.0,16.0,93.5,51.2,1188.0,moderate,44.0
Fusarium Wilt,2,0,-2.0,16.0,93.5,51.2,1188.0,low,28.0
Bacterial Spot,0,0,0.0,16.0,93.5,51.2,1188.0,moderate,46.0
Early Blight,0,0,0.0,22.6,38.5,39.4,1078.4,moderate,46.0
Late Blight,1,0,-0.6,22.6,38.5,39.4,1078.4,moderate,40.0
Fusarium Wilt,1,0,-1.0,22.6,38.5,39.4,1078.4,low,16.0
Bacterial Spot,1,0,-1.0,22.6,38.5,39.4,1078.4,low,16.0
Early Blight,0,0,0.0,26.9,84.5,68.2,186.8,moderate,62.0
Late Blight,0,0,0.0,26.9,84.5,68.2,186.8,moderate,46.0
Fusarium Wilt,2,0,-2.0,26.9,84.5,68.2,186.8,moderate,44.0
Bacterial Spot,1,0,-0.6,26.9,84.5,68.2,186.8,moderate,40.0
Early Blight,1,0,-0.6,28.9,59.0,65.2,486.7,moderate,40.0
Late Blight,1,0,-0.6,28.9,59.0,65.2,486.7,low,28.0
Fusarium Wilt,1,0,-1.0,28.9,59.0,65.2,486.7,moderate,44.0
Bacterial Spot,0,0,0.0,28.9,59.0,65.2,486.7,moderate,46.0
Early Blight,0,0,0.0,16.7,73.4,39.1,981.2,moderate,46.0
Late Blight,1,0,-0.6,16.7,73.4,39.1,981.2,moderate,40.0
Fusarium Wilt,0,0,0.0,16.7,73.4,39.1,981.2,moderate,46.0
Bacterial Spot,2,0,-1.6,16.7,73.4,39.1,981.2,low,16.0
Early Blight,0,0,0.0,32.9,54.9,40.6,724.0,low,34.0
Late Blight,0,0,0.0,32.9,54.9,40.6,724.0,low,34.0
Fusarium Wilt,1,0,-1.0,32.9,54.9,40.6,724.0,moderate,44.0
Bacterial Spot,0,0,0.0,32.9,54.9,40.6,724.0,low,34.0
Early Blight,0,0,0.0,24.2,74.2,30.0,224.8,moderate,62.0
Late Blight,2,0,-1.6,24.2,74.2,30.0,224.8,low,16.0
Fusarium Wilt,1,0,-1.0,24.2,74.2,30.0,224.8,low,28.0
Bacterial Spot,2,0,-1.6,24.2,74.2,30.0,224.8,low,28.0
Early Blight,1,0,-0.6,37.9,49.4,83.3,640.3,low,28.0
Late Blight,1,0,-0.6,37.9,49.4,83.3,640.3,low,28.0
Fusarium Wilt,1,0,-1.0,37.9,49.4,83.3,640.3,low,28.0
Bacterial Spot,1,0,-1.0,37.9,49.4,83.3,640.3,low,16.0
Early Blight,0,0,0.0,34.4,51.7,37.8,171.4,low,34.0
Late Blight,0,0,0.0,34.4,51.7,37.8,171.4,low,34.0
Fusarium Wilt,0,0,0.0,34.4,51.7,37.8,171.4,moderate,62.0
Bacterial Spot,0,0,0.0,34.4,51.7,37.8,171.4,low,34.0
Early Blight,0,0,0.0,26.7,38.3,26.1,252.8,moderate,46.0
Late Blight,1,0,-1.0,26.7,38.3,26.1,252.8,low,16.0
Fusarium Wilt,1,0,-1.0,26.7,38.3,26.1,252.8,low,28.0
Bacterial Spot,0,0,0.0,26.7,38.3,26.1,252.8,moderate,46.0
Early Blight,0,0,0.0,17.0,51.0,90.0,890.8,low,34.0
Late Blight,0,0,0.0,17.0,51.0,90.0,890.8,moderate,46.0
Fusarium Wilt,1,0,-1.0,17.0,51.0,90.0,890.8,low,28.0
Bacterial Spot,1,0,-0.6,17.0,51.0,90.0,890.8,low,28.0
Early Blight,0,0,0.0,30.6,53.4,80.2,958.3,low,34.0
Late Blight,1,0,-1.0,30.6,53.4,80.2,958.3,low,16.0
Fusarium Wilt,1,0,-1.0,30.6,53.4,80.2,958.3,moderate,44.0
Bacterial Spot,2,0,-1.6,30.6,53.4,80.2,958.3,low,16.0
Early Blight,1,0,-0.6,18.5,41.2,35.8,880.3,low,28.0
Late Blight,0,0,0.0,18.5,41.2,35.8,880.3,moderate,46.0
Fusarium Wilt,1,0,-1.0,18.5,41.2,35.8,880.3,low,28.0
Bacterial Spot,0,0,0.0,18.5,41.2,35.8,880.3,low,34.0
Early Blight,1,0,-0.6,17.9,50.6,52.7,652.8,low,28.0
Late Blight,1,0,-0.6,17.9,50.6,52.7,652.8,moderate,40.0
Fusarium Wilt,0,0,0.0,17.9,50.6,52.7,652.8,moderate,46.0
Bacterial Spot,0,0,0.0,17.9,50.6,52.7,652.8,low,34.0
Early Blight,0,0,0.0,28.0,86.1,12.3,150.0,moderate,62.0
Late Blight,0,0,0.0,28.0,86.1,12.3,150.0,moderate,46.0
Fusarium Wilt,1,0,-1.0,28.0,86.1,12.3,150.0,moderate,44.0
Bacterial Spot,1,0,-0.6,28.0,86.1,12.3,150.0,moderate,56.0
Early Blight,0,0,0.0,29.4,49.7,86.5,631.2,moderate,46.0
Late Blight,1,0,-0.6,29.4,49.7,86.5,631.2,low,28.0
Fusarium Wilt,2,0,-2.0,29.4,49.7,86.5,631.2,moderate,44.0
Bacterial Spot,2,0,-1.6,29.4,49.7,86.5,631.2,low,28.0
Early Blight,0,0,0.0,19.7,71.3,35.0,890.2,moderate,46.0
Late Blight,0,0,0.0,19.7,71.3,35.0,890.2,moderate,46.0
Fusarium Wilt,2,0,-2.0,19.7,71.3,35.0,890.2,low,28.0
Bacterial Spot,1,0,-0.6,19.7,71.3,35.0,890.2,low,28.0
Early Blight,1,0,-0.6,25.7,48.2,29.8,206.5,moderate,40.0
Late Blight,1,0,-1.0,25.7,48.2,29.8,206.5,low,16.0
Fusarium Wilt,1,0,-1.0,25.7,48.2,29.8,206.5,moderate,44.0
Bacterial Spot,2,0,-1.6,25.7,48.2,29.8,206.5,low,28.0
Early Blight,0,0,0.0,28.3,51.3,71.0,648.1,moderate,46.0
Late Blight,2,0,-1.6,28.3,51.3,71.0,648.1,low,16.0
Fusarium Wilt,1,0,-1.0,28.3,51.3,71.0,648.1,moderate,44.0
Bacterial Spot,0,0,0.0,28.3,51.3,71.0,648.1,moderate,46.0
Early Blight,0,0,0.0,19.9,54.0,14.0,644.4,low,34.0
Late Blight,1,0,-0.6,19.9,54.0,14.0,644.4,moderate,40.0
Fusarium Wilt,0,0,0.0,19.9,54.0,14.0,644.4,moderate,46.0
Bacterial Spot,1,0,-1.0,19.9,54.0,14.0,644.4,low,16.0
Early Blight,0,0,0.0,31.7,81.9,39.3,540.6,moderate,46.0
Late Blight,1,0,-1.0,31.7,81.9,39.3,540.6,low,28.0
Fusarium Wilt,1,0,-1.0,31.7,81.9,39.3,540.6,moderate,44.0
Bacterial Spot,1,0,-0.6,31.7,81.9,39.3,540.6,low,28.0
Early Blight,1,0,-0.6,37.7,76.3,19.5,1172.6,moderate,40.0
Late Blight,1,0,-0.6,37.7,76.3,19.5,1172.6,moderate,40.0
Fusarium Wilt,0,0,0.0,37.7,76.3,19.5,1172.6,moderate,46.0
Bacterial Spot,1,0,-1.0,37.7,76.3,19.5,1172.6,low,16.0
Early Blight,1,0,-0.6,26.5,33.1,21.0,466.3,moderate,40.0
Late Blight,1,0,-1.0,26.5,33.1,21.0,466.3,low,16.0
Fusarium Wilt,1,0,-1.0,26.5,33.1,21.0,466.3,low,28.0
Bacterial Spot,1,0,-0.6,26.5,33.1,21.0,466.3,moderate,40.0
Early Blight,0,0,0.0,37.8,80.3,33.9,470.0,moderate,46.0
Late Blight,0,0,0.0,37.8,80.3,33.9,470.0,moderate,46.0
Fusarium Wilt,1,0,-1.0,37.8,80.3,33.9,470.0,low,28.0
Bacterial Spot,1,0,-1.0,37.8,80.3,33.9,470.0,low,16.0
Early Blight,0,0,0.0,37.5,69.7,73.7,897.9,low,34.0
Late Blight,2,0,-1.6,37.5,69.7,73.7,897.9,low,16.0
Fusarium Wilt,0,0,0.0,37.5,69.7,73.7,897.9,moderate,46.0
Bacterial Spot,0,0,0.0,37.5,69.7,73.7,897.9,low,34.0
Early Blight,0,0,0.0,31.6,69.7,23.6,791.9,low,34.0
Late Blight,1,0,-0.6,31.6,69.7,23.6,791.9,low,28.0
Fusarium Wilt,1,0,-1.0,31.6,69.7,23.6,791.9,moderate,44.0
Bacterial Spot,1,0,-0.6,31.6,69.7,23.6,791.9,low,28.0
Early Blight,1,0,-0.6,15.4,51.3,22.1,859.6,low,28.0
Late Blight,0,0,0.0,15.4,51.3,22.1,859.6,moderate,46.0
Fusarium Wilt,0,0,0.0,15.4,51.3,22.1,859.6,moderate,46.0
Bacterial Spot,2,0,-1.6,15.4,51.3,22.1,859.6,low,16.0
Early Blight,1,0,-0.6,19.8,52.1,63.0,678.0,low,28.0
Late Blight,1,0,-1.0,19.8,52.1,63.0,678.0,low,28.0
Fusarium Wilt,2,0,-2.0,19.8,52.1,63.0,678.0,low,28.0
Bacterial Spot,0,0,0.0,19.8,52.1,63.0,678.0,low,34.0
Early Blight,1,0,-0.6,29.8,77.1,58.8,311.5,moderate,56.0
Late Blight,1,0,-0.6,29.8,77.1,58.8,311.5,moderate,40.0
Fusarium Wilt,1,0,-1.0,29.8,77.1,58.8,311.5,moderate,44.0
Bacterial Spot,2,0,-1.6,29.8,77.1,58.8,311.5,low,28.0
Early Blight,0,0,0.0,31.2,51.6,37.9,1127.1,low,34.0
Late Blight,2,0,-1.6,31.2,51.6,37.9,1127.1,low,16.0
Fusarium Wilt,1,0,-1.0,31.2,51.6,37.9,1127.1,moderate,44.0
Bacterial Spot,0,0,0.0,31.2,51.6,37.9,1127.1,low,34.0
Early Blight,0,0,0.0,37.0,84.7,33.2,416.4,moderate,46.0
Late Blight,2,0,-1.6,37.0,84.7,33.2,416.4,low,28.0
Fusarium Wilt,2,0,-2.0,37.0,84.7,33.2,416.4,low,28.0
Bacterial Spot,1,0,-1.0,37.0,84.7,33.2,416.4,low,16.0
Early Blight,0,0,0.0,36.5,77.3,21.0,777.2,moderate,46.0
Late Blight,1,0,-1.0,36.5,77.3,21.0,777.2,low,28.0
Fusarium Wilt,0,0,0.0,36.5,77.3,21.0,777.2,moderate,46.0
Bacterial Spot,2,0,-1.6,36.5,77.3,21.0,777.2,low,16.0
Early Blight,0,0,0.0,31.5,36.8,71.7,105.7,low,34.0
Late Blight,1,0,-0.6,31.5,36.8,71.7,105.7,low,28.0
Fusarium Wilt,0,0,0.0,31.5,36.8,71.7,105.7,moderate,46.0
Bacterial Spot,2,0,-1.6,31.5,36.8,71.7,105.7,low,16.0
Early Blight,1,0,-0.6,37.2,51.8,61.7,1098.7,low,28.0
Late Blight,0,0,0.0,37.2,51.8,61.7,1098.7,low,34.0
Fusarium Wilt,0,0,0.0,37.2,51.8,61.7,1098.7,moderate,46.0
Bacterial Spot,1,0,-0.6,37.2,51.8,61.7,1098.7,low,28.0
Early Blight,1,0,-0.6,35.3,42.0,83.6,1196.9,low,28.0
Late Blight,1,0,-1.0,35.3,42.0,83.6,1196.9,low,16.0
Fusarium Wilt,0,0,0.0,35.3,42.0,83.6,1196.9,moderate,46.0
Bacterial Spot,1,0,-0.6,35.3,42.0,83.6,1196.9,low,28.0
Early Blight,0,0,0.0,28.1,37.3,88.6,413.0,moderate,46.0
Late Blight,1,0,-0.6,28.1,37.3,88.6,413.0,low,28.0
Fusarium Wilt,0,0,0.0,28.1,37.3,88.6,413.0,moderate,46.0
Bacterial Spot,2,0,-1.6,28.1,37.3,88.6,413.0,low,28.0
Early Blight,1,0,-0.6,17.6,41.0,46.7,383.0,low,28.0
Late Blight,0,0,0.0,17.6,41.0,46.7,383.0,moderate,46.0
Fusarium Wilt,0,0,0.0,17.6,41.0,46.7,383.0,moderate,46.0
Bacterial Spot,1,0,-1.0,17.6,41.0,46.7,383.0,low,16.0
Early Blight,0,0,0.0,35.6,86.2,51.2,195.4,moderate,46.0
Late Blight,2,0,-1.6,35.6,86.2,51.2,195.4,low,28.0
Fusarium Wilt,2,0,-2.0,35.6,86.2,51.2,195.4,low,28.0
Bacterial Spot,2,0,-1.6,35.6,86.2,51.2,195.4,low,28.0
Early Blight,1,0,-0.6,32.3,94.9,34.2,895.2,moderate,40.0
Late Blight,0,0,0.0,32.3,94.9,34.2,895.2,moderate,46.0
Fusarium Wilt,2,0,-2.0,32.3,94.9,34.2,895.2,moderate,44.0
Bacterial Spot,2,0,-1.6,32.3,94.9,34.2,895.2,low,28.0
Early Blight,1,0,-0.6,26.6,90.9,66.3,442.1,moderate,56.0
Late Blight,1,0,-0.6,26.6,90.9,66.3,442.1,moderate,40.0
Fusarium Wilt,1,0,-1.0,26.6,90.9,66.3,442.1,moderate,44.0
Bacterial Spot,2,0,-1.6,26.6,90.9,66.3,442.1,moderate,44.0
Early Blight,1,0,-0.6,32.2,71.2,43.3,704.2,moderate,40.0
Late Blight,0,0,0.0,32.2,71.2,43.3,704.2,low,34.0
Fusarium Wilt,2,0,-2.0,32.2,71.2,43.3,704.2,moderate,44.0
Bacterial Spot,0,0,0.0,32.2,71.2,43.3,704.2,low,34.0
Early Blight,0,0,0.0,16.9,60.4,66.3,185.9,low,34.0
Late Blight,1,0,-1.0,16.9,60.4,66.3,185.9,low,28.0
Fusarium Wilt,0,0,0.0,16.9,60.4,66.3,185.9,moderate,46.0
Bacterial Spot,2,0,-1.6,16.9,60.4,66.3,185.9,low,16.0
Early Blight,1,0,-0.6,27.0,37.9,26.4,741.5,moderate,40.0
Late Blight,0,0,0.0,27.0,37.9,26.4,741.5,low,34.0
Fusarium Wilt,1,0,-1.0,27.0,37.9,26.4,741.5,low,28.0
Bacterial Spot,2,0,-1.6,27.0,37.9,26.4,741.5,low,28.0
Early Blight,0,0,0.0,25.6,84.9,67.9,535.5,moderate,62.0
Late Blight,0,0,0.0,25.6,84.9,67.9,535.5,moderate,46.0
Fusarium Wilt,2,0,-2.0,25.6,84.9,67.9,535.5,moderate,44.0
Bacterial Spot,1,0,-1.0,25.6,84.9,67.9,535.5,low,28.0
Early Blight,1,0,-0.6,36.5,34.7,84.7,134.9,low,28.0
Late Blight,0,0,0.0,36.5,34.7,84.7,134.9,low,34.0
Fusarium Wilt,0,0,0.0,36.5,34.7,84.7,134.9,low,34.0
Bacterial Spot,1,0,-1.0,36.5,34.7,84.7,134.9,low,16.0
Early Blight,0,0,0.0,23.8,89.1,82.5,513.2,moderate,62.0
Late Blight,0,0,0.0,23.8,89.1,82.5,513.2,moderate,62.0
Fusarium Wilt,1,0,-1.0,23.8,89.1,82.5,513.2,low,28.0
Bacterial Spot,1,0,-1.0,23.8,89.1,82.5,513.2,low,28.0
Early Blight,1,0,-0.6,27.2,79.5,27.8,103.8,moderate,56.0
Late Blight,1,0,-1.0,27.2,79.5,27.8,103.8,low,28.0
Fusarium Wilt,0,0,0.0,27.2,79.5,27.8,103.8,moderate,62.0
Bacterial Spot,1,0,-0.6,27.2,79.5,27.8,103.8,moderate,40.0
Early Blight,1,0,-0.6,23.0,48.7,85.0,897.5,moderate,40.0
Late Blight,1,0,-0.6,23.0,48.7,85.0,897.5,moderate,40.0
Fusarium Wilt,0,0,0.0,23.0,48.7,85.0,897.5,moderate,46.0
Bacterial Spot,2,0,-1.6,23.0,48.7,85.0,897.5,low,16.0
Early Blight,1,0,-0.6,17.3,32.3,57.8,873.6,low,28.0
Late Blight,1,0,-0.6,17.3,32.3,57.8,873.6,moderate,40.0
Fusarium Wilt,2,0,-2.0,17.3,32.3,57.8,873.6,low,16.0
Bacterial Spot,1,0,-0.6,17.3,32.3,57.8,873.6,low,28.0
Early Blight,1,0,-0.6,26.6,49.7,75.3,904.7,moderate,40.0
Late Blight,0,0,0.0,26.6,49.7,75.3,904.7,low,34.0
Fusarium Wilt,2,0,-2.0,26.6,49.7,75.3,904.7,moderate,44.0
Bacterial Spot,1,0,-1.0,26.6,49.7,75.3,904.7,low,28.0
Early Blight,0,0,0.0,20.1,50.4,14.9,1143.4,moderate,46.0
Late Blight,0,0,0.0,20.1,50.4,14.9,1143.4,moderate,46.0
Fusarium Wilt,2,0,-2.0,20.1,50.4,14.9,1143.4,low,28.0
Bacterial Spot,0,0,0.0,20.1,50.4,14.9,1143.4,low,34.0
Early Blight,1,0,-0.6,30.4,83.4,35.5,558.0,moderate,40.0
Late Blight,1,0,-1.0,30.4,83.4,35.5,558.0,low,28.0
Fusarium Wilt,1,0,-1.0,30.4,83.4,35.5,558.0,moderate,44.0
Bacterial Spot,1,0,-1.0,30.4,83.4,35.5,558.0,low,16.0
Early Blight,0,0,0.0,33.5,92.2,55.0,1164.6,moderate,46.0
Late Blight,2,0,-1.6,33.5,92.2,55.0,1164.6,low,28.0
Fusarium Wilt,1,0,-1.0,33.5,92.2,55.0,1164.6,moderate,44.0
Bacterial Spot,0,0,0.0,33.5,92.2,55.0,1164.6,moderate,46.0
Early Blight,0,0,0.0,17.1,79.3,25.2,395.3,moderate,46.0
Late Blight,0,0,0.0,17.1,79.3,25.2,395.3,moderate,62.0
Fusarium Wilt,1,0,-1.0,17.1,79.3,25.2,395.3,low,28.0
Bacterial Spot,0,0,0.0,17.1,79.3,25.2,395.3,low,34.0
Early Blight,1,0,-0.6,26.0,89.1,36.6,1152.7,moderate,56.0
Late Blight,0,0,0.0,26.0,89.1,36.6,1152.7,moderate,46.0
Fusarium Wilt,1,0,-1.0,26.0,89.1,36.6,1152.7,moderate,44.0
Bacterial Spot,2,0,-1.6,26.0,89.1,36.6,1152.7,moderate,44.0
Early Blight,0,0,0.0,28.9,43.9,83.2,707.3,moderate,46.0
Late Blight,1,0,-1.0,28.9,43.9,83.2,707.3,low,16.0
Fusarium Wilt,2,0,-2.0,28.9,43.9,83.2,707.3,moderate,44.0
Bacterial Spot,1,0,-0.6,28.9,43.9,83.2,707.3,moderate,40.0
Early Blight,0,0,0.0,17.3,96.7,47.6,1023.7,moderate,46.0
Late Blight,2,0,-1.6,17.3,96.7,47.6,1023.7,moderate,44.0
Fusarium Wilt,1,0,-1.0,17.3,96.7,47.6,1023.7,low,28.0
Bacterial Spot,2,0,-1.6,17.3,96.7,47.6,1023.7,low,28.0
Early Blight,1,0,-0.6,36.5,69.4,43.4,267.7,low,28.0
Late Blight,1,0,-1.0,36.5,69.4,43.4,267.7,low,16.0
Fusarium Wilt,1,0,-1.0,36.5,69.4,43.4,267.7,low,28.0
Bacterial Spot,1,0,-0.6,36.5,69.4,43.4,267.7,low,28.0
Early Blight,1,0,-0.6,33.9,95.7,61.3,639.7,moderate,40.0
Late Blight,1,0,-0.6,33.9,95.7,61.3,639.7,moderate,40.0
Fusarium Wilt,1,0,-1.0,33.9,95.7,61.3,639.7,moderate,44.0
Bacterial Spot,0,0,0.0,33.9,95.7,61.3,639.7,moderate,46.0
Early Blight,0,0,0.0,29.8,34.0,12.7,1031.4,moderate,46.0
Late Blight,0,0,0.0,29.8,34.0,12.7,1031.4,low,34.0
Fusarium Wilt,1,0,-1.0,29.8,34.0,12.7,1031.4,low,28.0
Bacterial Spot,1,0,-1.0,29.8,34.0,12.7,1031.4,low,28.0
Early Blight,0,0,0.0,15.2,64.4,39.9,779.6,low,34.0
Late Blight,1,0,-0.6,15.2,64.4,39.9,779.6,moderate,40.0
Fusarium Wilt,2,0,-2.0,15.2,64.4,39.9,779.6,low,28.0
Bacterial Spot,1,0,-0.6,15.2,64.4,39.9,779.6,low,28.0
Early Blight,0,0,0.0,27.2,48.7,88.2,118.9,moderate,46.0
Late Blight,0,0,0.0,27.2,48.7,88.2,118.9,low,34.0
Fusarium Wilt,1,0,-1.0,27.2,48.7,88.2,118.9,moderate,44.0
Bacterial Spot,2,0,-1.6,27.2,48.7,88.2,118.9,low,28.0
Early Blight,1,0,-0.6,19.4,65.8,75.2,394.1,low,28.0
Late Blight,2,0,-1.6,19.4,65.8,75.2,394.1,low,28.0
Fusarium Wilt,0,0,0.0,19.4,65.8,75.2,394.1,moderate,46.0
Bacterial Spot,1,0,-1.0,19.4,65.8,75.2,394.1,low,16.0
Early Blight,1,0,-0.6,34.5,74.5,78.7,935.5,moderate,40.0
Late Blight,1,0,-1.0,34.5,74.5,78.7,935.5,low,16.0
Fusarium Wilt,2,0,-2.0,34.5,74.5,78.7,935.5,moderate,44.0
Bacterial Spot,2,0,-1.6,34.5,74.5,78.7,935.5,low,16.0
Early Blight,1,0,-0.6,25.0,83.3,55.3,1043.8,moderate,56.0
Late Blight,1,0,-0.6,25.0,83.3,55.3,1043.8,moderate,40.0
Fusarium Wilt,1,0,-1.0,25.0,83.3,55.3,1043.8,moderate,44.0
Bacterial Spot,1,0,-0.6,25.0,83.3,55.3,1043.8,moderate,40.0
Early Blight,0,0,0.0,16.1,35.1,84.0,1089.2,low,34.0
Late Blight,1,0,-1.0,16.1,35.1,84.0,1089.2,low,28.0
Fusarium Wilt,1,0,-1.0,16.1,35.1,84.0,1089.2,low,16.0
Bacterial Spot,0,0,0.0,16.1,35.1,84.0,1089.2,low,34.0
Early Blight,1,0,-0.6,31.4,57.1,16.2,278.7,low,28.0
Late Blight,1,0,-0.6,31.4,57.1,16.2,278.7,low,28.0
Fusarium Wilt,1,0,-1.0,31.4,57.1,16.2,278.7,moderate,44.0
Bacterial Spot,1,0,-0.6,31.4,57.1,16.2,278.7,low,28.0
Early Blight,1,0,-0.6,37.7,79.2,50.1,1171.8,moderate,40.0
Late Blight,1,0,-1.0,37.7,79.2,50.1,1171.8,low,28.0
Fusarium Wilt,1,0,-1.0,37.7,79.2,50.1,1171.8,low,28.0
Bacterial Spot,1,0,-0.6,37.7,79.2,50.1,1171.8,low,28.0
Early Blight,1,0,-0.6,32.8,32.0,31.9,1191.8,low,28.0
Late Blight,1,0,-1.0,32.8,32.0,31.9,1191.8,low,16.0
Fusarium Wilt,1,0,-1.0,32.8,32.0,31.9,1191.8,low,28.0
Bacterial Spot,1,0,-0.6,32.8,32.0,31.9,1191.8,low,28.0
Early Blight,1,0,-0.6,29.2,84.3,67.0,190.2,moderate,56.0
Late Blight,0,0,0.0,29.2,84.3,67.0,190.2,moderate,46.0
Fusarium Wilt,1,0,-1.0,29.2,84.3,67.0,190.2,moderate,44.0
Bacterial Spot,2,0,-1.6,29.2,84.3,67.0,190.2,low,28.0
Early Blight,1,0,-0.6,22.1,54.5,31.6,245.8,moderate,40.0
Late Blight,1,0,-1.0,22.1,54.5,31.6,245.8,low,28.0
Fusarium Wilt,2,0,-2.0,22.1,54.5,31.6,245.8,low,28.0
Bacterial Spot,2,0,-1.6,22.1,54.5,31.6,245.8,low,16.0
Early Blight,1,0,-0.6,28.8,52.1,40.8,421.0,moderate,40.0
Late Blight,1,0,-1.0,28.8,52.1,40.8,421.0,low,16.0
Fusarium Wilt,0,0,0.0,28.8,52.1,40.8,421.0,moderate,62.0
Bacterial Spot,1,0,-0.6,28.8,52.1,40.8,421.0,moderate,40.0
Early Blight,1,0,-0.6,23.8,39.4,34.1,642.4,moderate,40.0
Late Blight,2,0,-1.6,23.8,39.4,34.1,642.4,low,28.0
Fusarium Wilt,2,0,-2.0,23.8,39.4,34.1,642.4,low,16.0
Bacterial Spot,2,0,-1.6,23.8,39.4,34.1,642.4,low,16.0
Early Blight,1,0,-0.6,29.4,70.4,25.6,217.7,moderate,56.0
Late Blight,1,0,-0.6,29.4,70.4,25.6,217.7,low,28.0
Fusarium Wilt,0,0,0.0,29.4,70.4,25.6,217.7,moderate,62.0
Bacterial Spot,2,0,-1.6,29.4,70.4,25.6,217.7,low,28.0
Early Blight,1,0,-0.6,33.8,88.4,87.9,249.7,moderate,40.0
Late Blight,1,0,-0.6,33.8,88.4,87.9,249.7,moderate,40.0
Fusarium Wilt,1,0,-1.0,33.8,88.4,87.9,249.7,moderate,44.0
Bacterial Spot,1,0,-0.6,33.8,88.4,87.9,249.7,moderate,40.0
Early Blight,1,0,-0.6,31.0,63.4,56.1,366.7,low,28.0
Late Blight,1,0,-0.6,31.0,63.4,56.1,366.7,low,28.0
Fusarium Wilt,1,0,-1.0,31.0,63.4,56.1,366.7,moderate,44.0
Bacterial Spot,0,0,0.0,31.0,63.4,56.1,366.7,low,34.0
Early Blight,0,0,0.0,30.7,67.4,86.2,607.8,low,34.0
Late Blight,2,0,-1.6,30.7,67.4,86.2,607.8,low,16.0
Fusarium Wilt,0,0,0.0,30.7,67.4,86.2,607.8,moderate,62.0
Bacterial Spot,1,0,-0.6,30.7,67.4,86.2,607.8,low,28.0
Early Blight,0,0,0.0,26.5,73.1,29.4,824.5,moderate,62.0
Late Blight,1,0,-0.6,26.5,73.1,29.4,824.5,low,28.0
Fusarium Wilt,1,0,-1.0,26.5,73.1,29.4,824.5,moderate,44.0
Bacterial Spot,1,0,-1.0,26.5,73.1,29.4,824.5,low,28.0
Early Blight,1,0,-0.6,36.2,77.0,53.5,969.8,moderate,40.0
Late Blight,0,0,0.0,36.2,77.0,53.5,969.8,moderate,46.0
Fusarium Wilt,1,0,-1.0,36.2,77.0,53.5,969.8,low,28.0
Bacterial Spot,0,0,0.0,36.2,77.0,53.5,969.8,low,34.0
Early Blight,0,0,0.0,23.2,74.0,13.5,1182.0,moderate,62.0
Late Blight,1,0,-1.0,23.2,74.0,13.5,1182.0,low,28.0
Fusarium Wilt,1,0,-1.0,23.2,74.0,13.5,1182.0,low,28.0
Bacterial Spot,2,0,-1.6,23.2,74.0,13.5,1182.0,low,16.0
Early Blight,1,0,-0.6,26.7,65.3,56.4,732.8,moderate,40.0
Late Blight,1,0,-1.0,26.7,65.3,56.4,732.8,low,16.0
Fusarium Wilt,0,0,0.0,26.7,65.3,56.4,732.8,moderate,62.0
Bacterial Spot,2,0,-1.6,26.7,65.3,56.4,732.8,low,28.0
Early Blight,0,0,0.0,17.4,58.3,86.9,227.7,low,34.0
Late Blight,2,0,-1.6,17.4,58.3,86.9,227.7,low,28.0
Fusarium Wilt,2,0,-2.0,17.4,58.3,86.9,227.7,low,28.0
Bacterial Spot,2,0,-1.6,17.4,58.3,86.9,227.7,low,16.0
Early Blight,0,0,0.0,25.1,77.4,35.5,430.3,moderate,62.0
Late Blight,1,0,-1.0,25.1,77.4,35.5,430.3,low,28.0
Fusarium Wilt,0,0,0.0,25.1,77.4,35.5,430.3,moderate,62.0
Bacterial Spot,1,0,-1.0,25.1,77.4,35.5,430.3,low,28.0
Early Blight,0,0,0.0,20.6,41.9,22.8,715.8,moderate,46.0
Late Blight,2,0,-1.6,20.6,41.9,22.8,715.8,low,28.0
Fusarium Wilt,1,0,-1.0,20.6,41.9,22.8,715.8,low,28.0
Bacterial Spot,2,0,-1.6,20.6,41.9,22.8,715.8,low,16.0
Early Blight,0,0,0.0,29.1,43.4,57.4,527.7,moderate,46.0
Late Blight,1,0,-1.0,29.1,43.4,57.4,527.7,low,16.0
Fusarium Wilt,1,0,-1.0,29.1,43.4,57.4,527.7,moderate,44.0
Bacterial Spot,1,0,-1.0,29.1,43.4,57.4,527.7,low,28.0
Early Blight,0,0,0.0,19.3,52.2,46.6,388.6,low,34.0
Late Blight,0,0,0.0,19.3,52.2,46.6,388.6,moderate,46.0
Fusarium Wilt,0,0,0.0,19.3,52.2,46.6,388.6,moderate,46.0
Bacterial Spot,1,0,-0.6,19.3,52.2,46.6,388.6,low,28.0
Early Blight,1,0,-0.6,34.4,72.0,75.1,876.6,moderate,40.0
Late Blight,1,0,-0.6,34.4,72.0,75.1,876.6,low,28.0
Fusarium Wilt,2,0,-2.0,34.4,72.0,75.1,876.6,moderate,44.0
Bacterial Spot,2,0,-1.6,34.4,72.0,75.1,876.6,low,16.0
Early Blight,1,0,-0.6,30.9,64.7,43.5,251.7,low,28.0
Late Blight,1,0,-1.0,30.9,64.7,43.5,251.7,low,16.0
Fusarium Wilt,0,0,0.0,30.9,64.7,43.5,251.7,moderate,62.0
Bacterial Spot,0,0,0.0,30.9,64.7,43.5,251.7,low,34.0
Early Blight,1,0,-0.6,26.3,39.5,35.2,596.1,moderate,40.0
Late Blight,2,0,-1.6,26.3,39.5,35.2,596.1,low,16.0
Fusarium Wilt,1,0,-1.0,26.3,39.5,35.2,596.1,low,28.0
Bacterial Spot,0,0,0.0,26.3,39.5,35.2,596.1,moderate,46.0
Early Blight,1,0,-0.6,26.4,76.6,43.3,1023.9,moderate,56.0
Late Blight,2,0,-1.6,26.4,76.6,43.3,1023.9,low,28.0
Fusarium Wilt,1,0,-1.0,26.4,76.6,43.3,1023.9,moderate,44.0
Bacterial Spot,1,0,-1.0,26.4,76.6,43.3,1023.9,low,28.0
Early Blight,0,0,0.0,18.9,61.1,69.4,942.5,low,34.0
Late Blight,2,0,-1.6,18.9,61.1,69.4,942.5,low,28.0
Fusarium Wilt,0,0,0.0,18.9,61.1,69.4,942.5,moderate,46.0
Bacterial Spot,1,0,-1.0,18.9,61.1,69.4,942.5,low,16.0
Early Blight,1,0,-0.6,16.0,78.9,53.7,1188.8,moderate,40.0
Late Blight,0,0,0.0,16.0,78.9,53.7,1188.8,moderate,62.0
Fusarium Wilt,1,0,-1.0,16.0,78.9,53.7,1188.8,low,28.0
Bacterial Spot,2,0,-1.6,16.0,78.9,53.7,1188.8,low,16.0
Early Blight,1,0,-0.6,33.8,59.9,89.5,953.2,low,28.0
Late Blight,0,0,0.0,33.8,59.9,89.5,953.2,low,34.0
Fusarium Wilt,1,0,-1.0,33.8,59.9,89.5,953.2,moderate,44.0
Bacterial Spot,1,0,-0.6,33.8,59.9,89.5,953.2,low,28.0
Early Blight,1,0,-0.6,18.2,44.1,26.6,165.3,low,28.0
Late Blight,1,0,-1.0,18.2,44.1,26.6,165.3,low,28.0
Fusarium Wilt,1,0,-1.0,18.2,44.1,26.6,165.3,low,28.0
Bacterial Spot,2,0,-1.6,18.2,44.1,26.6,165.3,low,16.0
Early Blight,0,0,0.0,34.7,97.0,64.3,204.7,moderate,46.0
Late Blight,0,0,0.0,34.7,97.0,64.3,204.7,moderate,46.0
Fusarium Wilt,0,0,0.0,34.7,97.0,64.3,204.7,moderate,62.0
Bacterial Spot,1,0,-1.0,34.7,97.0,64.3,204.7,low,28.0
Early Blight,0,0,0.0,20.7,78.4,76.3,937.6,moderate,62.0
Late Blight,1,0,-1.0,20.7,78.4,76.3,937.6,moderate,44.0
Fusarium Wilt,2,0,-2.0,20.7,78.4,76.3,937.6,low,28.0
Bacterial Spot,1,0,-1.0,20.7,78.4,76.3,937.6,low,16.0
Early Blight,0,0,0.0,35.2,36.3,51.2,406.0,low,34.0
Late Blight,1,0,-1.0,35.2,36.3,51.2,406.0,low,16.0
Fusarium Wilt,2,0,-2.0,35.2,36.3,51.2,406.0,low,16.0
Bacterial Spot,0,0,0.0,35.2,36.3,51.2,406.0,low,34.0
Early Blight,1,0,-0.6,31.8,61.2,63.1,494.0,low,28.0
Late Blight,1,0,-0.6,31.8,61.2,63.1,494.0,low,28.0
Fusarium Wilt,2,0,-2.0,31.8,61.2,63.1,494.0,moderate,44.0
Bacterial Spot,1,0,-1.0,31.8,61.2,63.1,494.0,low,16.0
Early Blight,1,0,-0.6,22.8,69.3,55.3,633.9,moderate,40.0
Late Blight,1,0,-0.6,22.8,69.3,55.3,633.9,moderate,40.0
Fusarium Wilt,1,0,-1.0,22.8,69.3,55.3,633.9,low,28.0
Bacterial Spot,2,0,-1.6,22.8,69.3,55.3,633.9,low,16.0
Early Blight,1,0,-0.6,34.7,60.0,10.1,1153.8,low,28.0
Late Blight,1,0,-0.6,34.7,60.0,10.1,1153.8,low,28.0
Fusarium Wilt,1,0,-1.0,34.7,60.0,10.1,1153.8,moderate,44.0
Bacterial Spot,1,0,-0.6,34.7,60.0,10.1,1153.8,low,28.0
Early Blight,1,0,-0.6,30.1,47.0,39.7,1094.2,low,28.0
Late Blight,2,0,-1.6,30.1,47.0,39.7,1094.2,low,16.0
Fusarium Wilt,1,0,-1.0,30.1,47.0,39.7,1094.2,moderate,44.0
Bacterial Spot,0,0,0.0,30.1,47.0,39.7,1094.2,low,34.0
Early Blight,0,0,0.0,15.0,62.4,20.6,348.8,low,34.0
Late Blight,1,0,-1.0,15.0,62.4,20.6,348.8,low,28.0
Fusarium Wilt,0,0,0.0,15.0,62.4,20.6,348.8,moderate,46.0
Bacterial Spot,2,0,-1.6,15.0,62.4,20.6,348.8,low,16.0
Early Blight,1,0,-0.6,16.6,56.0,68.5,212.7,low,28.0
Late Blight,1,0,-0.6,16.6,56.0,68.5,212.7,moderate,40.0
Fusarium Wilt,0,0,0.0,16.6,56.0,68.5,212.7,moderate,46.0
Bacterial Spot,1,0,-1.0,16.6,56.0,68.5,212.7,low,16.0
Early Blight,1,0,-0.6,18.3,66.1,10.7,815.0,low,28.0
Late Blight,0,0,0.0,18.3,66.1,10.7,815.0,moderate,46.0
Fusarium Wilt,2,0,-2.0,18.3,66.1,10.7,815.0,low,28.0
Bacterial Spot,0,0,0.0,18.3,66.1,10.7,815.0,low,34.0
Early Blight,1,0,-0.6,17.0,36.8,70.2,748.5,low,28.0
Late Blight,1,0,-0.6,17.0,36.8,70.2,748.5,moderate,40.0
Fusarium Wilt,2,0,-2.0,17.0,36.8,70.2,748.5,low,16.0
Bacterial Spot,1,0,-1.0,17.0,36.8,70.2,748.5,low,16.0
Early Blight,0,0,0.0,28.8,71.3,72.3,859.5,moderate,62.0
Late Blight,1,0,-0.6,28.8,71.3,72.3,859.5,low,28.0
Fusarium Wilt,0,0,0.0,28.8,71.3,72.3,859.5,moderate,62.0
Bacterial Spot,1,0,-0.6,28.8,71.3,72.3,859.5,moderate,40.0
Early Blight,1,0,-0.6,16.3,91.1,86.4,644.4,moderate,40.0
Late Blight,1,0,-1.0,16.3,91.1,86.4,644.4,moderate,44.0
Fusarium Wilt,0,0,0.0,16.3,91.1,86.4,644.4,moderate,46.0
Bacterial Spot,0,0,0.0,16.3,91.1,86.4,644.4,moderate,46.0
Early Blight,0,0,0.0,18.0,88.5,55.5,502.0,moderate,46.0
Late Blight,0,0,0.0,18.0,88.5,55.5,502.0,moderate,62.0
Fusarium Wilt,1,0,-1.0,18.0,88.5,55.5,502.0,low,28.0
Bacterial Spot,2,0,-1.6,18.0,88.5,55.5,502.0,low,28.0
Early Blight,0,0,0.0,15.9,34.1,73.1,657.3,low,34.0
Late Blight,1,0,-0.6,15.9,34.1,73.1,657.3,moderate,40.0
Fusarium Wilt,1,0,-1.0,15.9,34.1,73.1,657.3,low,16.0
Bacterial Spot,0,0,0.0,15.9,34.1,73.1,657.3,low,34.0
Early Blight,0,0,0.0,21.4,51.1,50.9,323.5,moderate,46.0
Late Blight,1,0,-0.6,21.4,51.1,50.9,323.5,moderate,40.0
Fusarium Wilt,0,0,0.0,21.4,51.1,50.9,323.5,moderate,46.0
Bacterial Spot,1,0,-0.6,21.4,51.1,50.9,323.5,low,28.0
Early Blight,1,0,-0.6,31.1,79.6,77.7,163.7,moderate,40.0
Late Blight,2,0,-1.6,31.1,79.6,77.7,163.7,low,28.0
Fusarium Wilt,1,0,-1.0,31.1,79.6,77.7,163.7,moderate,44.0
Bacterial Spot,0,0,0.0,31.1,79.6,77.7,163.7,low,34.0
Early Blight,0,0,0.0,17.7,78.1,66.1,280.2,moderate,46.0
Late Blight,0,0,0.0,17.7,78.1,66.1,280.2,moderate,62.0
Fusarium Wilt,1,0,-1.0,17.7,78.1,66.1,280.2,low,28.0
Bacterial Spot,1,0,-1.0,17.7,78.1,66.1,280.2,low,16.0
Early Blight,0,0,0.0,21.2,90.3,71.7,132.3,moderate,62.0
Late Blight,2,0,-1.6,21.2,90.3,71.7,132.3,moderate,44.0
Fusarium Wilt,0,0,0.0,21.2,90.3,71.7,132.3,moderate,46.0
Bacterial Spot,2,0,-1.6,21.2,90.3,71.7,132.3,low,28.0
Early Blight,1,0,-0.6,23.3,64.0,55.4,504.5,moderate,40.0
Late Blight,1,0,-1.0,23.3,64.0,55.4,504.5,low,28.0
Fusarium Wilt,1,0,-1.0,23.3,64.0,55.4,504.5,low,28.0
Bacterial Spot,1,0,-0.6,23.3,64.0,55.4,504.5,low,28.0
Early Blight,1,0,-0.6,34.8,46.6,47.7,521.3,low,28.0
Late Blight,0,0,0.0,34.8,46.6,47.7,521.3,low,34.0
Fusarium Wilt,0,0,0.0,34.8,46.6,47.7,521.3,moderate,62.0
Bacterial Spot,1,0,-0.6,34.8,46.6,47.7,521.3,low,28.0
Early Blight,1,0,-0.6,22.4,58.3,67.6,398.4,moderate,40.0
Late Blight,1,0,-1.0,22.4,58.3,67.6,398.4,low,28.0
Fusarium Wilt,1,0,-1.0,22.4,58.3,67.6,398.4,low,28.0
Bacterial Spot,0,0,0.0,22.4,58.3,67.6,398.4,low,34.0
Early Blight,0,0,0.0,36.9,34.7,47.2,410.5,low,34.0
Late Blight,1,0,-1.0,36.9,34.7,47.2,410.5,low,16.0
Fusarium Wilt,2,0,-2.0,36.9,34.7,47.2,410.5,low,16.0
Bacterial Spot,1,0,-0.6,36.9,34.7,47.2,410.5,low,28.0
Early Blight,0,0,0.0,29.3,61.5,57.3,642.7,moderate,46.0
Late Blight,1,0,-1.0,29.3,61.5,57.3,642.7,low,16.0
Fusarium Wilt,1,0,-1.0,29.3,61.5,57.3,642.7,moderate,44.0
Bacterial Spot,2,0,-1.6,29.3,61.5,57.3,642.7,low,28.0
Early Blight,0,0,0.0,20.4,53.6,77.2,1064.9,moderate,46.0
Late Blight,1,0,-1.0,20.4,53.6,77.2,1064.9,low,28.0
Fusarium Wilt,0,0,0.0,20.4,53.6,77.2,1064.9,moderate,46.0
Bacterial Spot,1,0,-1.0,20.4,53.6,77.2,1064.9,low,16.0
Early Blight,0,0,0.0,20.5,63.5,14.8,1196.7,moderate,46.0
Late Blight,1,0,-1.0,20.5,63.5,14.8,1196.7,low,28.0
Fusarium Wilt,0,0,0.0,20.5,63.5,14.8,1196.7,moderate,46.0
Bacterial Spot,1,0,-0.6,20.5,63.5,14.8,1196.7,low,28.0
Early Blight,0,0,0.0,37.4,35.8,17.6,246.9,low,34.0
Late Blight,1,0,-1.0,37.4,35.8,17.6,246.9,low,16.0
Fusarium Wilt,1,0,-1.0,37.4,35.8,17.6,246.9,low,16.0
Bacterial Spot,2,0,-1.6,37.4,35.8,17.6,246.9,low,16.0
Early Blight,1,0,-0.6,22.2,84.5,66.1,908.9,moderate,56.0
Late Blight,2,0,-1.6,22.2,84.5,66.1,908.9,moderate,44.0
Fusarium Wilt,1,0,-1.0,22.2,84.5,66.1,908.9,low,28.0
Bacterial Spot,1,0,-0.6,22.2,84.5,66.1,908.9,low,28.0
Early Blight,0,0,0.0,18.8,61.7,42.5,689.5,low,34.0
Late Blight,2,0,-1.6,18.8,61.7,42.5,689.5,low,28.0
Fusarium Wilt,2,0,-2.0,18.8,61.7,42.5,689.5,low,28.0
Bacterial Spot,1,0,-1.0,18.8,61.7,42.5,689.5,low,16.0
Early Blight,1,0,-0.6,34.0,77.4,13.2,1019.5,moderate,40.0
Late Blight,2,0,-1.6,34.0,77.4,13.2,1019.5,low,28.0
Fusarium Wilt,1,0,-1.0,34.0,77.4,13.2,1019.5,moderate,44.0
Bacterial Spot,1,0,-0.6,34.0,77.4,13.2,1019.5,low,28.0
Early Blight,0,0,0.0,37.8,32.1,42.4,597.4,low,34.0
Late Blight,2,0,-1.6,37.8,32.1,42.4,597.4,low,16.0
Fusarium Wilt,1,0,-1.0,37.8,32.1,42.4,597.4,low,16.0
Bacterial Spot,1,0,-1.0,37.8,32.1,42.4,597.4,low,16.0
Early Blight,0,0,0.0,37.6,38.9,75.9,509.5,low,34.0
Late Blight,0,0,0.0,37.6,38.9,75.9,509.5,low,34.0
Fusarium Wilt,1,0,-1.0,37.6,38.9,75.9,509.5,low,16.0
Bacterial Spot,2,0,-1.6,37.6,38.9,75.9,509.5,low,16.0
Early Blight,0,0,0.0,35.8,60.2,20.3,1095.6,low,34.0
Late Blight,2,0,-1.6,35.8,60.2,20.3,1095.6,low,16.0
Fusarium Wilt,2,0,-2.0,35.8,60.2,20.3,1095.6,low,28.0
Bacterial Spot,0,0,0.0,35.8,60.2,20.3,1095.6,low,34.0
Early Blight,1,0,-0.6,24.1,32.0,64.7,290.1,moderate,40.0
Late Blight,2,0,-1.6,24.1,32.0,64.7,290.1,low,16.0
Fusarium Wilt,1,0,-1.0,24.1,32.0,64.7,290.1,low,16.0
Bacterial Spot,1,0,-0.6,24.1,32.0,64.7,290.1,moderate,40.0
Early Blight,1,0,-0.6,21.8,58.0,54.1,167.1,moderate,40.0
Late Blight,2,0,-1.6,21.8,58.0,54.1,167.1,low,28.0
Fusarium Wilt,0,0,0.0,21.8,58.0,54.1,167.1,moderate,46.0
Bacterial Spot,0,0,0.0,21.8,58.0,54.1,167.1,low,34.0
Early Blight,0,0,0.0,33.3,97.3,72.6,495.0,moderate,46.0
Late Blight,1,0,-1.0,33.3,97.3,72.6,495.0,low,28.0
Fusarium Wilt,1,0,-1.0,33.3,97.3,72.6,495.0,moderate,44.0
Bacterial Spot,2,0,-1.6,33.3,97.3,72.6,495.0,low,28.0
Early Blight,0,0,0.0,20.0,90.9,72.3,164.5,moderate,62.0
Late Blight,0,0,0.0,20.0,90.9,72.3,164.5,moderate,62.0
Fusarium Wilt,0,0,0.0,20.0,90.9,72.3,164.5,moderate,46.0
Bacterial Spot,1,0,-1.0,20.0,90.9,72.3,164.5,low,28.0
Early Blight,0,0,0.0,21.1,85.5,83.4,161.5,moderate,62.0
Late Blight,1,0,-1.0,21.1,85.5,83.4,161.5,moderate,44.0
Fusarium Wilt,1,0,-1.0,21.1,85.5,83.4,161.5,low,28.0
Bacterial Spot,0,0,0.0,21.1,85.5,83.4,161.5,moderate,46.0
Early Blight,0,0,0.0,19.1,70.3,74.5,867.4,moderate,46.0
Late Blight,1,0,-1.0,19.1,70.3,74.5,867.4,low,28.0
Fusarium Wilt,0,0,0.0,19.1,70.3,74.5,867.4,moderate,46.0
Bacterial Spot,1,0,-0.6,19.1,70.3,74.5,867.4,low,28.0
Early Blight,1,0,-0.6,37.7,90.0,49.4,440.0,moderate,40.0
Late Blight,2,0,-1.6,37.7,90.0,49.4,440.0,low,28.0
Fusarium Wilt,1,0,-1.0,37.7,90.0,49.4,440.0,low,28.0
Bacterial Spot,1,0,-1.0,37.7,90.0,49.4,440.0,low,28.0
Early Blight,0,0,0.0,19.6,38.9,67.4,1110.7,low,34.0
Late Blight,2,0,-1.6,19.6,38.9,67.4,1110.7,low,28.0
Fusarium Wilt,0,0,0.0,19.6,38.9,67.4,1110.7,low,34.0
Bacterial Spot,0,0,0.0,19.6,38.9,67.4,1110.7,low,34.0
Early Blight,1,0,-0.6,34.8,95.3,39.9,1136.1,moderate,40.0
Late Blight,2,0,-1.6,34.8,95.3,39.9,1136.1,low,28.0
Fusarium Wilt,2,0,-2.0,34.8,95.3,39.9,1136.1,moderate,44.0
Bacterial Spot,0,0,0.0,34.8,95.3,39.9,1136.1,moderate,46.0
Early Blight,0,0,0.0,37.1,74.1,23.9,1165.6,moderate,46.0
Late Blight,0,0,0.0,37.1,74.1,23.9,1165.6,low,34.0
Fusarium Wilt,1,0,-1.0,37.1,74.1,23.9,1165.6,low,28.0
Bacterial Spot,2,0,-1.6,37.1,74.1,23.9,1165.6,low,16.0
Early Blight,0,0,0.0,30.8,38.7,68.3,1143.7,low,34.0
Late Blight,1,0,-1.0,30.8,38.7,68.3,1143.7,low,16.0
Fusarium Wilt,1,0,-1.0,30.8,38.7,68.3,1143.7,low,28.0
Bacterial Spot,0,0,0.0,30.8,38.7,68.3,1143.7,low,34.0
Early Blight,1,0,-0.6,37.3,45.0,55.2,1130.4,low,28.0
Late Blight,1,0,-0.6,37.3,45.0,55.2,1130.4,low,28.0
Fusarium Wilt,1,0,-1.0,37.3,45.0,55.2,1130.4,low,28.0
Bacterial Spot,1,0,-0.6,37.3,45.0,55.2,1130.4,low,28.0
Early Blight,1,0,-0.6,31.3,73.5,80.9,591.3,moderate,40.0
Late Blight,2,0,-1.6,31.3,73.5,80.9,591.3,low,16.0
Fusarium Wilt,2,0,-2.0,31.3,73.5,80.9,591.3,moderate,44.0
Bacterial Spot,2,0,-1.6,31.3,73.5,80.9,591.3,low,16.0
Early Blight,1,0,-0.6,31.8,95.9,80.8,642.4,moderate,40.0
Late Blight,1,0,-0.6,31.8,95.9,80.8,642.4,moderate,40.0
Fusarium Wilt,1,0,-1.0,31.8,95.9,80.8,642.4,moderate,44.0
Bacterial Spot,0,0,0.0,31.8,95.9,80.8,642.4,moderate,46.0
Early Blight,1,0,-0.6,18.7,35.0,77.7,424.4,low,28.0
Late Blight,1,0,-0.6,18.7,35.0,77.7,424.4,moderate,40.0
Fusarium Wilt,2,0,-2.0,18.7,35.0,77.7,424.4,low,16.0
Bacterial Spot,0,0,0.0,18.7,35.0,77.7,424.4,low,34.0
Early Blight,1,0,-0.6,35.7,36.3,57.5,775.0,low,28.0
Late Blight,1,0,-1.0,35.7,36.3,57.5,775.0,low,16.0
Fusarium Wilt,1,0,-1.0,35.7,36.3,57.5,775.0,low,16.0
Bacterial Spot,2,0,-1.6,35.7,36.3,57.5,775.0,low,16.0
Early Blight,0,0,0.0,19.7,42.9,65.8,894.2,low,34.0
Late Blight,2,0,-1.6,19.7,42.9,65.8,894.2,low,28.0
Fusarium Wilt,2,0,-2.0,19.7,42.9,65.8,894.2,low,28.0
Bacterial Spot,0,0,0.0,19.7,42.9,65.8,894.2,low,34.0
Early Blight,0,0,0.0,18.5,54.5,44.2,424.0,low,34.0
Late Blight,1,0,-0.6,18.5,54.5,44.2,424.0,moderate,40.0
Fusarium Wilt,2,0,-2.0,18.5,54.5,44.2,424.0,low,28.0
Bacterial Spot,2,0,-1.6,18.5,54.5,44.2,424.0,low,16.0
Early Blight,0,0,0.0,34.4,51.0,41.8,638.0,low,34.0
Late Blight,1,0,-1.0,34.4,51.0,41.8,638.0,low,16.0
Fusarium Wilt,1,0,-1.0,34.4,51.0,41.8,638.0,moderate,44.0
Bacterial Spot,2,0,-1.6,34.4,51.0,41.8,638.0,low,16.0
Early Blight,1,0,-0.6,21.1,61.6,28.1,395.4,moderate,40.0
Late Blight,0,0,0.0,21.1,61.6,28.1,395.4,moderate,46.0
Fusarium Wilt,2,0,-2.0,21.1,61.6,28.1,395.4,low,28.0
Bacterial Spot,0,0,0.0,21.1,61.6,28.1,395.4,low,34.0
Early Blight,1,0,-0.6,28.6,67.6,77.3,1000.2,moderate,40.0
Late Blight,0,0,0.0,28.6,67.6,77.3,1000.2,low,34.0
Fusarium Wilt,1,0,-1.0,28.6,67.6,77.3,1000.2,moderate,44.0
Bacterial Spot,2,0,-1.6,28.6,67.6,77.3,1000.2,low,28.0
Early Blight,0,0,0.0,35.8,78.6,50.2,1090.5,moderate,46.0
Late Blight,0,0,0.0,35.8,78.6,50.2,1090.5,moderate,46.0
Fusarium Wilt,1,0,-1.0,35.8,78.6,50.2,1090.5,low,28.0
Bacterial Spot,1,0,-1.0,35.8,78.6,50.2,1090.5,low,16.0
Early Blight,0,0,0.0,37.4,85.0,20.1,565.7,moderate,46.0
Late Blight,1,0,-1.0,37.4,85.0,20.1,565.7,low,28.0
Fusarium Wilt,0,0,0.0,37.4,85.0,20.1,565.7,moderate,46.0
Bacterial Spot,1,0,-1.0,37.4,85.0,20.1,565.7,low,28.0
Early Blight,1,0,-0.6,36.0,34.6,41.0,537.1,low,28.0
Late Blight,2,0,-1.6,36.0,34.6,41.0,537.1,low,16.0
Fusarium Wilt,0,0,0.0,36.0,34.6,41.0,537.1,low,34.0
Bacterial Spot,0,0,0.0,36.0,34.6,41.0,537.1,low,34.0
Early Blight,0,0,0.0,24.7,58.2,21.9,746.7,moderate,46.0
Late Blight,0,0,0.0,24.7,58.2,21.9,746.7,low,34.0
Fusarium Wilt,1,0,-1.0,24.7,58.2,21.9,746.7,low,28.0
Bacterial Spot,1,0,-1.0,24.7,58.2,21.9,746.7,low,28.0
Early Blight,0,0,0.0,22.9,57.9,40.6,634.1,moderate,46.0
Late Blight,2,0,-1.6,22.9,57.9,40.6,634.1,low,28.0
Fusarium Wilt,1,0,-1.0,22.9,57.9,40.6,634.1,low,28.0
Bacterial Spot,1,0,-0.6,22.9,57.9,40.6,634.1,low,28.0
Early Blight,0,0,0.0,35.5,52.5,29.0,920.3,low,34.0
Late Blight,1,0,-0.6,35.5,52.5,29.0,920.3,low,28.0
Fusarium Wilt,1,0,-1.0,35.5,52.5,29.0,920.3,low,28.0
Bacterial Spot,2,0,-1.6,35.5,52.5,29.0,920.3,low,16.0
Early Blight,0,0,0.0,31.0,36.7,79.5,247.8,low,34.0
Late Blight,1,0,-1.0,31.0,36.7,79.5,247.8,low,16.0
Fusarium Wilt,2,0,-2.0,31.0,36.7,79.5,247.8,low,28.0
Bacterial Spot,1,0,-0.6,31.0,36.7,79.5,247.8,low,28.0
Early Blight,0,0,0.0,19.9,86.0,69.3,935.4,moderate,46.0
Late Blight,0,0,0.0,19.9,86.0,69.3,935.4,moderate,62.0
Fusarium Wilt,2,0,-2.0,19.9,86.0,69.3,935.4,low,28.0
Bacterial Spot,1,0,-0.6,19.9,86.0,69.3,935.4,moderate,40.0
Early Blight,0,0,0.0,34.6,89.8,12.3,312.0,moderate,46.0
Late Blight,1,0,-0.6,34.6,89.8,12.3,312.0,moderate,40.0
Fusarium Wilt,1,0,-1.0,34.6,89.8,12.3,312.0,moderate,44.0
Bacterial Spot,1,0,-0.6,34.6,89.8,12.3,312.0,moderate,40.0
Early Blight,1,0,-0.6,33.9,64.3,60.8,236.3,low,28.0
Late Blight,1,0,-1.0,33.9,64.3,60.8,236.3,low,16.0
Fusarium Wilt,1,0,-1.0,33.9,64.3,60.8,236.3,moderate,44.0
Bacterial Spot,1,0,-0.6,33.9,64.3,60.8,236.3,low,28.0
Early Blight,1,0,-0.6,18.8,90.8,69.9,857.7,moderate,40.0
Late Blight,2,0,-1.6,18.8,90.8,69.9,857.7,moderate,44.0
Fusarium Wilt,0,0,0.0,18.8,90.8,69.9,857.7,moderate,46.0
Bacterial Spot,0,0,0.0,18.8,90.8,69.9,857.7,moderate,46.0
Early Blight,0,0,0.0,30.6,48.3,42.8,122.1,low,34.0
Late Blight,1,0,-0.6,30.6,48.3,42.8,122.1,low,28.0
Fusarium Wilt,0,0,0.0,30.6,48.3,42.8,122.1,moderate,62.0
Bacterial Spot,1,0,-0.6,30.6,48.3,42.8,122.1,low,28.0
Early Blight,0,0,0.0,20.8,84.7,34.4,1163.7,moderate,62.0
Late Blight,2,0,-1.6,20.8,84.7,34.4,1163.7,moderate,44.0
Fusarium Wilt,2,0,-2.0,20.8,84.7,34.4,1163.7,low,28.0
Bacterial Spot,1,0,-1.0,20.8,84.7,34.4,1163.7,low,16.0
Early Blight,0,0,0.0,34.0,57.0,18.2,662.7,low,34.0
Late Blight,1,0,-0.6,34.0,57.0,18.2,662.7,low,28.0
Fusarium Wilt,0,0,0.0,34.0,57.0,18.2,662.7,moderate,62.0
Bacterial Spot,2,0,-1.6,34.0,57.0,18.2,662.7,low,16.0
Early Blight,1,0,-0.6,16.5,97.2,61.2,1047.6,moderate,40.0
Late Blight,0,0,0.0,16.5,97.2,61.2,1047.6,moderate,62.0
Fusarium Wilt,2,0,-2.0,16.5,97.2,61.2,1047.6,low,28.0
Bacterial Spot,0,0,0.0,16.5,97.2,61.2,1047.6,moderate,46.0
Early Blight,0,0,0.0,33.5,84.6,58.0,826.6,moderate,46.0
Late Blight,0,0,0.0,33.5,84.6,58.0,826.6,moderate,46.0
Fusarium Wilt,1,0,-1.0,33.5,84.6,58.0,826.6,moderate,44.0
Bacterial Spot,2,0,-1.6,33.5,84.6,58.0,826.6,low,16.0
Early Blight,0,0,0.0,15.8,78.1,55.8,308.9,moderate,46.0
Late Blight,1,0,-1.0,15.8,78.1,55.8,308.9,moderate,44.0
Fusarium Wilt,0,0,0.0,15.8,78.1,55.8,308.9,moderate,46.0
Bacterial Spot,0,0,0.0,15.8,78.1,55.8,308.9,low,34.0
Early Blight,1,0,-0.6,34.4,87.2,80.1,299.2,moderate,40.0
Late Blight,2,0,-1.6,34.4,87.2,80.1,299.2,low,28.0
Fusarium Wilt,0,0,0.0,34.4,87.2,80.1,299.2,moderate,62.0
Bacterial Spot,1,0,-1.0,34.4,87.2,80.1,299.2,low,28.0
Early Blight,1,0,-0.6,22.7,36.1,38.4,918.6,moderate,40.0
Late Blight,1,0,-0.6,22.7,36.1,38.4,918.6,moderate,40.0
Fusarium Wilt,2,0,-2.0,22.7,36.1,38.4,918.6,low,16.0
Bacterial Spot,1,0,-0.6,22.7,36.1,38.4,918.6,low,28.0
Early Blight,0,0,0.0,34.9,69.7,85.5,178.3,low,34.0
Late Blight,0,0,0.0,34.9,69.7,85.5,178.3,low,34.0
Fusarium Wilt,2,0,-2.0,34.9,69.7,85.5,178.3,moderate,44.0
Bacterial Spot,1,0,-1.0,34.9,69.7,85.5,178.3,low,16.0
Early Blight,0,0,0.0,18.2,43.6,42.7,726.3,low,34.0
Late Blight,2,0,-1.6,18.2,43.6,42.7,726.3,low,28.0
Fusarium Wilt,0,0,0.0,18.2,43.6,42.7,726.3,moderate,46.0
Bacterial Spot,1,0,-1.0,18.2,43.6,42.7,726.3,low,16.0
Early Blight,0,0,0.0,19.1,73.1,10.4,400.9,moderate,46.0
Late Blight,1,0,-1.0,19.1,73.1,10.4,400.9,low,28.0
Fusarium Wilt,1,0,-1.0,19.1,73.1,10.4,400.9,low,28.0
Bacterial Spot,1,0,-1.0,19.1,73.1,10.4,400.9,low,16.0
Early Blight,1,0,-0.6,29.6,57.4,87.2,521.6,moderate,40.0
Late Blight,2,0,-1.6,29.6,57.4,87.2,521.6,low,16.0
Fusarium Wilt,2,0,-2.0,29.6,57.4,87.2,521.6,moderate,44.0
Bacterial Spot,1,0,-0.6,29.6,57.4,87.2,521.6,moderate,40.0
Early Blight,1,0,-0.6,30.6,72.6,29.9,862.9,moderate,40.0
Late Blight,2,0,-1.6,30.6,72.6,29.9,862.9,low,16.0
Fusarium Wilt,1,0,-1.0,30.6,72.6,29.9,862.9,moderate,44.0
Bacterial Spot,1,0,-0.6,30.6,72.6,29.9,862.9,low,28.0
Early Blight,0,0,0.0,21.7,79.5,57.7,471.6,moderate,62.0
Late Blight,1,0,-0.6,21.7,79.5,57.7,471.6,moderate,56.0
Fusarium Wilt,1,0,-1.0,21.7,79.5,57.7,471.6,low,28.0
Bacterial Spot,1,0,-1.0,21.7,79.5,57.7,471.6,low,16.0
Early Blight,1,0,-0.6,36.1,57.4,28.3,899.9,low,28.0
Late Blight,0,0,0.0,36.1,57.4,28.3,899.9,low,34.0
Fusarium Wilt,2,0,-2.0,36.1,57.4,28.3,899.9,low,28.0
Bacterial Spot,1,0,-0.6,36.1,57.4,28.3,899.9,low,28.0
Early Blight,0,0,0.0,35.2,47.4,52.8,153.4,low,34.0
Late Blight,0,0,0.0,35.2,47.4,52.8,153.4,low,34.0
Fusarium Wilt,1,0,-1.0,35.2,47.4,52.8,153.4,low,28.0
Bacterial Spot,2,0,-1.6,35.2,47.4,52.8,153.4,low,16.0
Early Blight,0,0,0.0,27.6,62.3,22.3,864.7,moderate,46.0
Late Blight,1,0,-1.0,27.6,62.3,22.3,864.7,low,16.0
Fusarium Wilt,1,0,-1.0,27.6,62.3,22.3,864.7,moderate,44.0
Bacterial Spot,1,0,-0.6,27.6,62.3,22.3,864.7,moderate,40.0
Early Blight,1,0,-0.6,34.1,37.1,67.5,229.5,low,28.0
Late Blight,2,0,-1.6,34.1,37.1,67.5,229.5,low,16.0
Fusarium Wilt,2,0,-2.0,34.1,37.1,67.5,229.5,low,28.0
Bacterial Spot,1,0,-0.6,34.1,37.1,67.5,229.5,low,28.0
Early Blight,1,0,-0.6,31.2,50.1,13.2,646.0,low,28.0
Late Blight,1,0,-0.6,31.2,50.1,13.2,646.0,low,28.0
Fusarium Wilt,1,0,-1.0,31.2,50.1,13.2,646.0,moderate,44.0
Bacterial Spot,0,0,0.0,31.2,50.1,13.2,646.0,low,34.0
Early Blight,0,0,0.0,30.4,40.1,17.2,662.9,low,34.0
Late Blight,2,0,-1.6,30.4,40.1,17.2,662.9,low,16.0
Fusarium Wilt,1,0,-1.0,30.4,40.1,17.2,662.9,moderate,44.0
Bacterial Spot,2,0,-1.6,30.4,40.1,17.2,662.9,low,16.0
Early Blight,0,0,0.0,17.3,41.9,13.2,419.6,low,34.0
Late Blight,1,0,-1.0,17.3,41.9,13.2,419.6,low,28.0
Fusarium Wilt,1,0,-1.0,17.3,41.9,13.2,419.6,low,28.0
Bacterial Spot,1,0,-1.0,17.3,41.9,13.2,419.6,low,16.0
Early Blight,0,0,0.0,30.3,41.6,38.6,581.5,low,34.0
Late Blight,1,0,-0.6,30.3,41.6,38.6,581.5,low,28.0
Fusarium Wilt,1,0,-1.0,30.3,41.6,38.6,581.5,moderate,44.0
Bacterial Spot,1,0,-1.0,30.3,41.6,38.6,581.5,low,16.0
Early Blight,0,0,0.0,21.3,56.2,78.1,979.9,moderate,46.0
Late Blight,1,0,-0.6,21.3,56.2,78.1,979.9,moderate,40.0
Fusarium Wilt,1,0,-1.0,21.3,56.2,78.1,979.9,low,28.0
Bacterial Spot,1,0,-0.6,21.3,56.2,78.1,979.9,low,28.0
Early Blight,1,0,-0.6,24.6,70.2,74.2,846.2,moderate,56.0
Late Blight,2,0,-1.6,24.6,70.2,74.2,846.2,low,16.0
Fusarium Wilt,1,0,-1.0,24.6,70.2,74.2,846.2,low,28.0
Bacterial Spot,0,0,0.0,24.6,70.2,74.2,846.2,moderate,46.0
Early Blight,1,0,-0.6,18.0,92.6,19.0,552.4,moderate,40.0
Late Blight,2,0,-1.6,18.0,92.6,19.0,552.4,moderate,44.0
Fusarium Wilt,0,0,0.0,18.0,92.6,19.0,552.4,moderate,46.0
Bacterial Spot,0,0,0.0,18.0,92.6,19.0,552.4,moderate,46.0
Early Blight,0,0,0.0,28.0,96.5,63.6,472.1,moderate,62.0
Late Blight,1,0,-0.6,28.0,96.5,63.6,472.1,moderate,40.0
Fusarium Wilt,1,0,-1.0,28.0,96.5,63.6,472.1,moderate,44.0
Bacterial Spot,1,0,-1.0,28.0,96.5,63.6,472.1,moderate,44.0
Early Blight,1,0,-0.6,23.9,87.1,54.7,1186.6,moderate,56.0
Late Blight,1,0,-0.6,23.9,87.1,54.7,1186.6,moderate,56.0
Fusarium Wilt,0,0,0.0,23.9,87.1,54.7,1186.6,moderate,46.0
Bacterial Spot,1,0,-0.6,23.9,87.1,54.7,1186.6,moderate,40.0
Early Blight,1,0,-0.6,26.3,46.4,87.6,155.4,moderate,40.0
Late Blight,1,0,-0.6,26.3,46.4,87.6,155.4,low,28.0
Fusarium Wilt,2,0,-2.0,26.3,46.4,87.6,155.4,moderate,44.0
Bacterial Spot,1,0,-0.6,26.3,46.4,87.6,155.4,moderate,40.0
Early Blight,0,0,0.0,34.7,60.4,19.5,647.1,low,34.0
Late Blight,2,0,-1.6,34.7,60.4,19.5,647.1,low,16.0
Fusarium Wilt,1,0,-1.0,34.7,60.4,19.5,647.1,moderate,44.0
Bacterial Spot,1,0,-1.0,34.7,60.4,19.5,647.1,low,16.0
Early Blight,0,0,0.0,29.2,50.7,50.7,327.5,moderate,46.0
Late Blight,1,0,-0.6,29.2,50.7,50.7,327.5,low,28.0
Fusarium Wilt,2,0,-2.0,29.2,50.7,50.7,327.5,moderate,44.0
Bacterial Spot,1,0,-1.0,29.2,50.7,50.7,327.5,low,28.0
Early Blight,1,0,-0.6,29.3,62.2,62.6,887.5,moderate,40.0
Late Blight,1,0,-0.6,29.3,62.2,62.6,887.5,low,28.0
Fusarium Wilt,1,0,-1.0,29.3,62.2,62.6,887.5,moderate,44.0
Bacterial Spot,1,0,-0.6,29.3,62.2,62.6,887.5,moderate,40.0
Early Blight,1,0,-0.6,27.0,77.7,13.7,280.6,moderate,56.0
Late Blight,0,0,0.0,27.0,77.7,13.7,280.6,moderate,46.0
Fusarium Wilt,1,0,-1.0,27.0,77.7,13.7,280.6,moderate,44.0
Bacterial Spot,1,0,-1.0,27.0,77.7,13.7,280.6,low,28.0
Early Blight,1,0,-0.6,24.0,61.1,72.5,888.5,moderate,40.0
Late Blight,1,0,-1.0,24.0,61.1,72.5,888.5,low,28.0
Fusarium Wilt,0,0,0.0,24.0,61.1,72.5,888.5,moderate,46.0
Bacterial Spot,1,0,-0.6,24.0,61.1,72.5,888.5,moderate,40.0
Early Blight,0,0,0.0,30.1,95.0,20.8,648.7,moderate,46.0
Late Blight,1,0,-1.0,30.1,95.0,20.8,648.7,low,28.0
Fusarium Wilt,1,0,-1.0,30.1,95.0,20.8,648.7,moderate,44.0
Bacterial Spot,0,0,0.0,30.1,95.0,20.8,648.7,moderate,46.0
Early Blight,1,0,-0.6,19.1,69.3,68.4,241.2,low,28.0
Late Blight,0,0,0.0,19.1,69.3,68.4,241.2,moderate,46.0
Fusarium Wilt,1,0,-1.0,19.1,69.3,68.4,241.2,low,28.0
Bacterial Spot,0,0,0.0,19.1,69.3,68.4,241.2,low,34.0
Early Blight,1,0,-0.6,32.5,48.6,87.1,1167.5,low,28.0
Late Blight,2,0,-1.6,32.5,48.6,87.1,1167.5,low,16.0
Fusarium Wilt,0,0,0.0,32.5,48.6,87.1,1167.5,moderate,62.0
Bacterial Spot,1,0,-1.0,32.5,48.6,87.1,1167.5,low,16.0
Early Blight,1,0,-0.6,34.8,78.4,84.8,795.8,moderate,40.0
Late Blight,1,0,-0.6,34.8,78.4,84.8,795.8,moderate,40.0
Fusarium Wilt,1,0,-1.0,34.8,78.4,84.8,795.8,moderate,44.0
Bacterial Spot,0,0,0.0,34.8,78.4,84.8,795.8,low,34.0
Early Blight,1,0,-0.6,37.0,64.3,65.5,454.6,low,28.0
Late Blight,2,0,-1.6,37.0,64.3,65.5,454.6,low,16.0
Fusarium Wilt,0,0,0.0,37.0,64.3,65.5,454.6,moderate,46.0
Bacterial Spot,1,0,-1.0,37.0,64.3,65.5,454.6,low,16.0
Early Blight,0,0,0.0,34.4,49.4,77.8,989.1,low,34.0
Late Blight,2,0,-1.6,34.4,49.4,77.8,989.1,low,16.0
Fusarium Wilt,1,0,-1.0,34.4,49.4,77.8,989.1,moderate,44.0
Bacterial Spot,1,0,-0.6,34.4,49.4,77.8,989.1,low,28.0
Early Blight,1,0,-0.6,21.6,47.0,77.2,859.7,moderate,40.0
Late Blight,1,0,-0.6,21.6,47.0,77.2,859.7,moderate,40.0
Fusarium Wilt,1,0,-1.0,21.6,47.0,77.2,859.7,low,28.0
Bacterial Spot,0,0,0.0,21.6,47.0,77.2,859.7,low,34.0
Early Blight,0,0,0.0,34.9,80.5,54.9,361.4,moderate,46.0
Late Blight,1,0,-0.6,34.9,80.5,54.9,361.4,moderate,40.0
Fusarium Wilt,0,0,0.0,34.9,80.5,54.9,361.4,moderate,62.0
Bacterial Spot,1,0,-1.0,34.9,80.5,54.9,361.4,low,16.0
Early Blight,1,0,-0.6,37.4,51.3,54.2,114.3,low,28.0
Late Blight,0,0,0.0,37.4,51.3,54.2,114.3,low,34.0
Fusarium Wilt,0,0,0.0,37.4,51.3,54.2,114.3,moderate,46.0
Bacterial Spot,0,0,0.0,37.4,51.3,54.2,114.3,low,34.0
Early Blight,0,0,0.0,29.9,81.3,53.7,763.7,moderate,62.0
Late Blight,1,0,-0.6,29.9,81.3,53.7,763.7,moderate,40.0
Fusarium Wilt,1,0,-1.0,29.9,81.3,53.7,763.7,moderate,44.0
Bacterial Spot,2,0,-1.6,29.9,81.3,53.7,763.7,low,28.0
Early Blight,1,0,-0.6,26.8,55.6,44.3,712.3,moderate,40.0
Late Blight,1,0,-0.6,26.8,55.6,44.3,712.3,low,28.0
Fusarium Wilt,1,0,-1.0,26.8,55.6,44.3,712.3,moderate,44.0
Bacterial Spot,2,0,-1.6,26.8,55.6,44.3,712.3,low,28.0
Early Blight,0,0,0.0,22.4,33.5,84.6,777.2,moderate,46.0
Late Blight,1,0,-1.0,22.4,33.5,84.6,777.2,low,28.0
Fusarium Wilt,1,0,-1.0,22.4,33.5,84.6,777.2,low,16.0
Bacterial Spot,2,0,-1.6,22.4,33.5,84.6,777.2,low,16.0
Early Blight,0,0,0.0,19.2,34.6,50.4,557.5,low,34.0
Late Blight,2,0,-1.6,19.2,34.6,50.4,557.5,low,28.0
Fusarium Wilt,2,0,-2.0,19.2,34.6,50.4,557.5,low,16.0
Bacterial Spot,2,0,-1.6,19.2,34.6,50.4,557.5,low,16.0
Early Blight,0,0,0.0,32.3,66.1,89.7,1006.1,low,34.0
Late Blight,1,0,-1.0,32.3,66.1,89.7,1006.1,low,16.0
Fusarium Wilt,1,0,-1.0,32.3,66.1,89.7,1006.1,moderate,44.0
Bacterial Spot,0,0,0.0,32.3,66.1,89.7,1006.1,low,34.0
Early Blight,0,0,0.0,37.1,76.4,35.7,1107.5,moderate,46.0
Late Blight,1,0,-1.0,37.1,76.4,35.7,1107.5,low,28.0
Fusarium Wilt,1,0,-1.0,37.1,76.4,35.7,1107.5,low,28.0
Bacterial Spot,1,0,-0.6,37.1,76.4,35.7,1107.5,low,28.0
Early Blight,1,0,-0.6,33.5,60.3,13.5,1088.1,low,28.0
Late Blight,0,0,0.0,33.5,60.3,13.5,1088.1,low,34.0
Fusarium Wilt,1,0,-1.0,33.5,60.3,13.5,1088.1,moderate,44.0
Bacterial Spot,1,0,-0.6,33.5,60.3,13.5,1088.1,low,28.0
Early Blight,1,0,-0.6,16.5,75.6,71.9,1051.4,moderate,40.0
Late Blight,1,0,-1.0,16.5,75.6,71.9,1051.4,moderate,44.0
Fusarium Wilt,0,0,0.0,16.5,75.6,71.9,1051.4,moderate,46.0
Bacterial Spot,0,0,0.0,16.5,75.6,71.9,1051.4,low,34.0
Early Blight,1,0,-0.6,36.6,80.8,22.3,605.1,moderate,40.0
Late Blight,2,0,-1.6,36.6,80.8,22.3,605.1,low,28.0
Fusarium Wilt,0,0,0.0,36.6,80.8,22.3,605.1,moderate,46.0
Bacterial Spot,1,0,-0.6,36.6,80.8,22.3,605.1,low,28.0
Early Blight,1,0,-0.6,20.9,56.4,60.4,576.3,moderate,40.0
Late Blight,0,0,0.0,20.9,56.4,60.4,576.3,moderate,46.0
Fusarium Wilt,0,0,0.0,20.9,56.4,60.4,576.3,moderate,46.0
Bacterial Spot,0,0,0.0,20.9,56.4,60.4,576.3,low,34.0
Early Blight,0,0,0.0,31.1,34.9,84.2,216.7,low,34.0
Late Blight,2,0,-1.6,31.1,34.9,84.2,216.7,low,16.0
Fusarium Wilt,1,0,-1.0,31.1,34.9,84.2,216.7,low,28.0
Bacterial Spot,1,0,-1.0,31.1,34.9,84.2,216.7,low,16.0
Early Blight,0,0,0.0,25.9,66.3,20.9,530.1,moderate,46.0
Late Blight,0,0,0.0,25.9,66.3,20.9,530.1,low,34.0
Fusarium Wilt,1,0,-1.0,25.9,66.3,20.9,530.1,moderate,44.0
Bacterial Spot,0,0,0.0,25.9,66.3,20.9,530.1,moderate,46.0
Early Blight,0,0,0.0,31.8,55.4,86.0,708.9,low,34.0
Late Blight,2,0,-1.6,31.8,55.4,86.0,708.9,low,16.0
Fusarium Wilt,0,0,0.0,31.8,55.4,86.0,708.9,moderate,62.0
Bacterial Spot,1,0,-0.6,31.8,55.4,86.0,708.9,low,28.0
Early Blight,0,0,0.0,32.2,91.4,37.5,553.9,moderate,46.0
Late Blight,1,0,-0.6,32.2,91.4,37.5,553.9,moderate,40.0
Fusarium Wilt,1,0,-1.0,32.2,91.4,37.5,553.9,moderate,44.0
Bacterial Spot,2,0,-1.6,32.2,91.4,37.5,553.9,low,28.0
Early Blight,0,0,0.0,33.4,88.0,78.1,1125.6,moderate,46.0
Late Blight,1,0,-1.0,33.4,88.0,78.1,1125.6,low,28.0
Fusarium Wilt,2,0,-2.0,33.4,88.0,78.1,1125.6,moderate,44.0
Bacterial Spot,1,0,-1.0,33.4,88.0,78.1,1125.6,low,28.0
Early Blight,1,0,-0.6,26.2,52.5,20.3,821.0,moderate,40.0
Late Blight,0,0,0.0,26.2,52.5,20.3,821.0,low,34.0
Fusarium Wilt,2,0,-2.0,26.2,52.5,20.3,821.0,moderate,44.0
Bacterial Spot,1,0,-0.6,26.2,52.5,20.3,821.0,moderate,40.0
Early Blight,1,0,-0.6,28.4,68.5,39.2,448.0,moderate,40.0
Late Blight,2,0,-1.6,28.4,68.5,39.2,448.0,low,16.0
Fusarium Wilt,1,0,-1.0,28.4,68.5,39.2,448.0,moderate,44.0
Bacterial Spot,1,0,-1.0,28.4,68.5,39.2,448.0,low,28.0
Early Blight,1,0,-0.6,18.1,79.8,80.2,609.1,moderate,40.0
Late Blight,1,0,-1.0,18.1,79.8,80.2,609.1,moderate,44.0
Fusarium Wilt,1,0,-1.0,18.1,79.8,80.2,609.1,low,28.0
Bacterial Spot,0,0,0.0,18.1,79.8,80.2,609.1,low,34.0
Early Blight,1,0,-0.6,18.2,66.6,31.1,1075.0,low,28.0
Late Blight,2,0,-1.6,18.2,66.6,31.1,1075.0,low,28.0
Fusarium Wilt,1,0,-1.0,18.2,66.6,31.1,1075.0,low,28.0
Bacterial Spot,1,0,-0.6,18.2,66.6,31.1,1075.0,low,28.0
Early Blight,0,0,0.0,28.6,91.6,54.1,697.8,moderate,62.0
Late Blight,1,0,-1.0,28.6,91.6,54.1,697.8,low,28.0
Fusarium Wilt,2,0,-2.0,28.6,91.6,54.1,697.8,moderate,44.0
Bacterial Spot,0,0,0.0,28.6,91.6,54.1,697.8,moderate,62.0
Early Blight,0,0,0.0,21.7,61.6,50.8,536.5,moderate,46.0
Late Blight,0,0,0.0,21.7,61.6,50.8,536.5,moderate,46.0
Fusarium Wilt,0,0,0.0,21.7,61.6,50.8,536.5,moderate,46.0
Bacterial Spot,1,0,-1.0,21.7,61.6,50.8,536.5,low,16.0
Early Blight,0,0,0.0,25.3,42.2,85.9,825.4,moderate,46.0
Late Blight,1,0,-0.6,25.3,42.2,85.9,825.4,low,28.0
Fusarium Wilt,2,0,-2.0,25.3,42.2,85.9,825.4,moderate,44.0
Bacterial Spot,2,0,-1.6,25.3,42.2,85.9,825.4,low,28.0
Early Blight,1,0,-0.6,23.5,32.9,26.5,1098.5,moderate,40.0
Late Blight,2,0,-1.6,23.5,32.9,26.5,1098.5,low,28.0
Fusarium Wilt,1,0,-1.0,23.5,32.9,26.5,1098.5,low,16.0
Bacterial Spot,1,0,-1.0,23.5,32.9,26.5,1098.5,low,16.0
Early Blight,0,0,0.0,27.0,86.4,76.8,389.6,moderate,62.0
Late Blight,1,0,-1.0,27.0,86.4,76.8,389.6,low,28.0
Fusarium Wilt,1,0,-1.0,27.0,86.4,76.8,389.6,moderate,44.0
Bacterial Spot,0,0,0.0,27.0,86.4,76.8,389.6,moderate,62.0
Early Blight,0,0,0.0,23.7,91.7,51.3,488.2,moderate,62.0
Late Blight,2,0,-1.6,23.7,91.7,51.3,488.2,moderate,44.0
Fusarium Wilt,0,0,0.0,23.7,91.7,51.3,488.2,moderate,46.0
Bacterial Spot,2,0,-1.6,23.7,91.7,51.3,488.2,low,28.0
Early Blight,1,0,-0.6,16.8,73.8,26.9,305.6,moderate,40.0
Late Blight,1,0,-0.6,16.8,73.8,26.9,305.6,moderate,40.0
Fusarium Wilt,1,0,-1.0,16.8,73.8,26.9,305.6,low,28.0
Bacterial Spot,1,0,-0.6,16.8,73.8,26.9,305.6,low,28.0
Early Blight,1,0,-0.6,26.0,44.3,22.9,1016.7,moderate,40.0
Late Blight,1,0,-1.0,26.0,44.3,22.9,1016.7,low,16.0
Fusarium Wilt,1,0,-1.0,26.0,44.3,22.9,1016.7,moderate,44.0
Bacterial Spot,1,0,-1.0,26.0,44.3,22.9,1016.7,low,28.0
Early Blight,0,0,0.0,16.3,47.6,24.4,1154.1,low,34.0
Late Blight,1,0,-0.6,16.3,47.6,24.4,1154.1,moderate,40.0
Fusarium Wilt,0,0,0.0,16.3,47.6,24.4,1154.1,moderate,46.0
Bacterial Spot,2,0,-1.6,16.3,47.6,24.4,1154.1,low,16.0
Early Blight,0,0,0.0,25.3,97.5,79.4,287.6,moderate,62.0
Late Blight,0,0,0.0,25.3,97.5,79.4,287.6,moderate,46.0
Fusarium Wilt,1,0,-1.0,25.3,97.5,79.4,287.6,moderate,44.0
Bacterial Spot,1,0,-0.6,25.3,97.5,79.4,287.6,moderate,56.0
Early Blight,1,0,-0.6,31.7,53.3,46.3,749.7,low,28.0
Late Blight,2,0,-1.6,31.7,53.3,46.3,749.7,low,16.0
Fusarium Wilt,1,0,-1.0,31.7,53.3,46.3,749.7,moderate,44.0
Bacterial Spot,1,0,-0.6,31.7,53.3,46.3,749.7,low,28.0
Early Blight,1,0,-0.6,18.4,36.5,48.1,776.2,low,28.0
Late Blight,0,0,0.0,18.4,36.5,48.1,776.2,moderate,46.0
Fusarium Wilt,2,0,-2.0,18.4,36.5,48.1,776.2,low,16.0
Bacterial Spot,1,0,-1.0,18.4,36.5,48.1,776.2,low,16.0
Early Blight,0,0,0.0,34.0,91.0,72.0,814.2,moderate,46.0
Late Blight,2,0,-1.6,34.0,91.0,72.0,814.2,low,28.0
Fusarium Wilt,1,0,-1.0,34.0,91.0,72.0,814.2,moderate,44.0
Bacterial Spot,0,0,0.0,34.0,91.0,72.0,814.2,moderate,46.0
Early Blight,0,0,0.0,23.8,70.1,69.3,937.7,moderate,62.0
Late Blight,2,0,-1.6,23.8,70.1,69.3,937.7,low,28.0
Fusarium Wilt,2,0,-2.0,23.8,70.1,69.3,937.7,low,28.0
Bacterial Spot,1,0,-0.6,23.8,70.1,69.3,937.7,low,28.0
Early Blight,0,0,0.0,35.2,57.8,25.1,880.1,low,34.0
Late Blight,1,0,-0.6,35.2,57.8,25.1,880.1,low,28.0
Fusarium Wilt,1,0,-1.0,35.2,57.8,25.1,880.1,low,28.0
Bacterial Spot,1,0,-0.6,35.2,57.8,25.1,880.1,low,28.0
Early Blight,0,0,0.0,23.3,40.5,62.1,379.0,moderate,46.0
Late Blight,2,0,-1.6,23.3,40.5,62.1,379.0,low,28.0
Fusarium Wilt,1,0,-1.0,23.3,40.5,62.1,379.0,low,28.0
Bacterial Spot,1,0,-0.6,23.3,40.5,62.1,379.0,low,28.0
Early Blight,1,0,-0.6,33.0,62.8,39.6,710.4,low,28.0
Late Blight,2,0,-1.6,33.0,62.8,39.6,710.4,low,16.0
Fusarium Wilt,0,0,0.0,33.0,62.8,39.6,710.4,moderate,62.0
Bacterial Spot,0,0,0.0,33.0,62.8,39.6,710.4,low,34.0
Early Blight,1,0,-0.6,32.2,60.4,65.9,278.0,low,28.0
Late Blight,2,0,-1.6,32.2,60.4,65.9,278.0,low,16.0
Fusarium Wilt,0,0,0.0,32.2,60.4,65.9,278.0,moderate,62.0
Bacterial Spot,1,0,-0.6,32.2,60.4,65.9,278.0,low,28.0
Early Blight,0,0,0.0,37.2,30.4,17.3,259.9,low,34.0
Late Blight,2,0,-1.6,37.2,30.4,17.3,259.9,low,16.0
Fusarium Wilt,2,0,-2.0,37.2,30.4,17.3,259.9,low,16.0
Bacterial Spot,2,0,-1.6,37.2,30.4,17.3,259.9,low,16.0
Early Blight,0,0,0.0,37.6,71.7,51.7,882.8,moderate,46.0
Late Blight,0,0,0.0,37.6,71.7,51.7,882.8,low,34.0
Fusarium Wilt,1,0,-1.0,37.6,71.7,51.7,882.8,low,28.0
Bacterial Spot,1,0,-1.0,37.6,71.7,51.7,882.8,low,16.0
Early Blight,0,0,0.0,33.5,49.4,12.7,759.5,low,34.0
Late Blight,2,0,-1.6,33.5,49.4,12.7,759.5,low,16.0
Fusarium Wilt,2,0,-2.0,33.5,49.4,12.7,759.5,moderate,44.0
Bacterial Spot,2,0,-1.6,33.5,49.4,12.7,759.5,low,16.0
Early Blight,0,0,0.0,37.9,83.0,38.3,534.7,moderate,46.0
Late Blight,0,0,0.0,37.9,83.0,38.3,534.7,moderate,46.0
Fusarium Wilt,2,0,-2.0,37.9,83.0,38.3,534.7,low,28.0
Bacterial Spot,1,0,-1.0,37.9,83.0,38.3,534.7,low,16.0
Early Blight,0,0,0.0,36.0,53.7,87.1,404.2,low,34.0
Late Blight,1,0,-1.0,36.0,53.7,87.1,404.2,low,16.0
Fusarium Wilt,1,0,-1.0,36.0,53.7,87.1,404.2,low,28.0
Bacterial Spot,2,0,-1.6,36.0,53.7,87.1,404.2,low,16.0
Early Blight,0,0,0.0,16.7,50.0,85.8,983.2,low,34.0
Late Blight,0,0,0.0,16.7,50.0,85.8,983.2,moderate,46.0
Fusarium Wilt,0,0,0.0,16.7,50.0,85.8,983.2,moderate,46.0
Bacterial Spot,0,0,0.0,16.7,50.0,85.8,983.2,low,34.0
Early Blight,1,0,-0.6,32.7,81.5,86.9,604.7,moderate,40.0
Late Blight,1,0,-0.6,32.7,81.5,86.9,604.7,moderate,40.0
Fusarium Wilt,2,0,-2.0,32.7,81.5,86.9,604.7,moderate,44.0
Bacterial Spot,0,0,0.0,32.7,81.5,86.9,604.7,low,34.0
Early Blight,0,0,0.0,30.6,45.6,35.3,1151.0,low,34.0
Late Blight,1,0,-1.0,30.6,45.6,35.3,1151.0,low,16.0
Fusarium Wilt,2,0,-2.0,30.6,45.6,35.3,1151.0,moderate,44.0
Bacterial Spot,0,0,0.0,30.6,45.6,35.3,1151.0,low,34.0
Early Blight,0,0,0.0,16.7,93.3,48.1,488.9,moderate,46.0
Late Blight,1,0,-1.0,16.7,93.3,48.1,488.9,moderate,44.0
Fusarium Wilt,0,0,0.0,16.7,93.3,48.1,488.9,moderate,46.0
Bacterial Spot,2,0,-1.6,16.7,93.3,48.1,488.9,low,28.0
Early Blight,1,0,-0.6,31.9,89.3,26.5,323.0,moderate,40.0
Late Blight,1,0,-0.6,31.9,89.3,26.5,323.0,moderate,40.0
Fusarium Wilt,1,0,-1.0,31.9,89.3,26.5,323.0,moderate,44.0
Bacterial Spot,0,0,0.0,31.9,89.3,26.5,323.0,moderate,46.0
Early Blight,1,0,-0.6,29.1,82.0,53.3,146.5,moderate,56.0
Late Blight,1,0,-0.6,29.1,82.0,53.3,146.5,moderate,40.0
Fusarium Wilt,0,0,0.0,29.1,82.0,53.3,146.5,moderate,62.0
Bacterial Spot,1,0,-0.6,29.1,82.0,53.3,146.5,moderate,40.0
Early Blight,0,0,0.0,37.6,92.3,32.4,344.3,moderate,46.0
Late Blight,1,0,-1.0,37.6,92.3,32.4,344.3,low,28.0
Fusarium Wilt,1,0,-1.0,37.6,92.3,32.4,344.3,low,28.0
Bacterial Spot,1,0,-0.6,37.6,92.3,32.4,344.3,moderate,40.0
Early Blight,1,0,-0.6,30.8,41.9,88.1,868.1,low,28.0
Late Blight,1,0,-0.6,30.8,41.9,88.1,868.1,low,28.0
Fusarium Wilt,1,0,-1.0,30.8,41.9,88.1,868.1,moderate,44.0
Bacterial Spot,1,0,-1.0,30.8,41.9,88.1,868.1,low,16.0
Early Blight,0,0,0.0,21.0,67.3,29.0,618.5,moderate,46.0
Late Blight,2,0,-1.6,21.0,67.3,29.0,618.5,low,28.0
Fusarium Wilt,1,0,-1.0,21.0,67.3,29.0,618.5,low,28.0
Bacterial Spot,1,0,-1.0,21.0,67.3,29.0,618.5,low,16.0
Early Blight,1,0,-0.6,21.4,42.2,20.5,733.5,moderate,40.0
Late Blight,2,0,-1.6,21.4,42.2,20.5,733.5,low,28.0
Fusarium Wilt,2,0,-2.0,21.4,42.2,20.5,733.5,low,28.0
Bacterial Spot,2,0,-1.6,21.4,42.2,20.5,733.5,low,16.0
Early Blight,1,0,-0.6,37.1,40.2,74.5,294.3,low,28.0
Late Blight,0,0,0.0,37.1,40.2,74.5,294.3,low,34.0
Fusarium Wilt,0,0,0.0,37.1,40.2,74.5,294.3,moderate,46.0
Bacterial Spot,1,0,-0.6,37.1,40.2,74.5,294.3,low,28.0
Early Blight,1,0,-0.6,27.9,68.6,41.9,859.6,moderate,40.0
Late Blight,1,0,-0.6,27.9,68.6,41.9,859.6,low,28.0
Fusarium Wilt,1,0,-1.0,27.9,68.6,41.9,859.6,moderate,44.0
Bacterial Spot,2,0,-1.6,27.9,68.6,41.9,859.6,low,28.0
Early Blight,1,0,-0.6,27.9,93.4,30.6,121.8,moderate,56.0
Late Blight,0,0,0.0,27.9,93.4,30.6,121.8,moderate,46.0
Fusarium Wilt,1,0,-1.0,27.9,93.4,30.6,121.8,moderate,44.0
Bacterial Spot,1,0,-0.6,27.9,93.4,30.6,121.8,moderate,56.0
Early Blight,0,0,0.0,32.9,54.1,63.9,636.2,low,34.0
Late Blight,1,0,-0.6,32.9,54.1,63.9,636.2,low,28.0
Fusarium Wilt,1,0,-1.0,32.9,54.1,63.9,636.2,moderate,44.0
Bacterial Spot,2,0,-1.6,32.9,54.1,63.9,636.2,low,16.0
Early Blight,0,0,0.0,33.6,52.9,60.5,728.8,low,34.0
Late Blight,2,0,-1.6,33.6,52.9,60.5,728.8,low,16.0
Fusarium Wilt,2,0,-2.0,33.6,52.9,60.5,728.8,moderate,44.0
Bacterial Spot,2,0,-1.6,33.6,52.9,60.5,728.8,low,16.0
Early Blight,1,0,-0.6,29.8,48.4,45.6,1049.1,moderate,40.0
Late Blight,0,0,0.0,29.8,48.4,45.6,1049.1,low,34.0
Fusarium Wilt,2,0,-2.0,29.8,48.4,45.6,1049.1,moderate,44.0
Bacterial Spot,1,0,-1.0,29.8,48.4,45.6,1049.1,low,28.0
Early Blight,1,0,-0.6,30.2,93.9,66.1,188.1,moderate,40.0
Late Blight,2,0,-1.6,30.2,93.9,66.1,188.1,low,28.0
Fusarium Wilt,0,0,0.0,30.2,93.9,66.1,188.1,moderate,62.0
Bacterial Spot,2,0,-1.6,30.2,93.9,66.1,188.1,low,28.0
Early Blight,0,0,0.0,32.6,35.7,31.0,270.8,low,34.0
Late Blight,1,0,-0.6,32.6,35.7,31.0,270.8,low,28.0
Fusarium Wilt,2,0,-2.0,32.6,35.7,31.0,270.8,low,28.0
Bacterial Spot,1,0,-0.6,32.6,35.7,31.0,270.8,low,28.0
Early Blight,1,0,-0.6,34.3,31.9,63.1,1046.4,low,28.0
Late Blight,1,0,-1.0,34.3,31.9,63.1,1046.4,low,16.0
Fusarium Wilt,1,0,-1.0,34.3,31.9,63.1,1046.4,low,28.0
Bacterial Spot,1,0,-1.0,34.3,31.9,63.1,1046.4,low,16.0
Early Blight,0,0,0.0,31.0,42.0,57.8,794.2,low,34.0
Late Blight,0,0,0.0,31.0,42.0,57.8,794.2,low,34.0
Fusarium Wilt,1,0,-1.0,31.0,42.0,57.8,794.2,moderate,44.0
Bacterial Spot,1,0,-1.0,31.0,42.0,57.8,794.2,low,16.0
Early Blight,1,0,-0.6,33.5,60.0,39.3,385.8,low,28.0
Late Blight,1,0,-1.0,33.5,60.0,39.3,385.8,low,16.0
Fusarium Wilt,1,0,-1.0,33.5,60.0,39.3,385.8,moderate,44.0
Bacterial Spot,2,0,-1.6,33.5,60.0,39.3,385.8,low,16.0
Early Blight,1,0,-0.6,36.2,94.4,48.2,110.0,moderate,40.0
Late Blight,2,0,-1.6,36.2,94.4,48.2,110.0,low,28.0
Fusarium Wilt,2,0,-2.0,36.2,94.4,48.2,110.0,low,28.0
Bacterial Spot,1,0,-1.0,36.2,94.4,48.2,110.0,low,28.0
Early Blight,1,0,-0.6,24.1,41.1,69.0,528.7,moderate,40.0
Late Blight,2,0,-1.6,24.1,41.1,69.0,528.7,low,16.0
Fusarium Wilt,1,0,-1.0,24.1,41.1,69.0,528.7,low,28.0
Bacterial Spot,0,0,0.0,24.1,41.1,69.0,528.7,moderate,46.0
Early Blight,1,0,-0.6,30.7,49.4,69.4,989.7,low,28.0
Late Blight,1,0,-0.6,30.7,49.4,69.4,989.7,low,28.0
Fusarium Wilt,1,0,-1.0,30.7,49.4,69.4,989.7,moderate,44.0
Bacterial Spot,1,0,-0.6,30.7,49.4,69.4,989.7,low,28.0
Early Blight,0,0,0.0,29.3,42.8,11.6,154.6,moderate,46.0
Late Blight,2,0,-1.6,29.3,42.8,11.6,154.6,low,16.0
Fusarium Wilt,1,0,-1.0,29.3,42.8,11.6,154.6,moderate,44.0
Bacterial Spot,1,0,-0.6,29.3,42.8,11.6,154.6,moderate,40.0
Early Blight,0,0,0.0,18.5,63.6,37.4,442.7,low,34.0
Late Blight,1,0,-0.6,18.5,63.6,37.4,442.7,moderate,40.0
Fusarium Wilt,1,0,-1.0,18.5,63.6,37.4,442.7,low,28.0
Bacterial Spot,0,0,0.0,18.5,63.6,37.4,442.7,low,34.0
Early Blight,1,0,-0.6,16.3,82.7,15.7,617.2,moderate,40.0
Late Blight,0,0,0.0,16.3,82.7,15.7,617.2,moderate,62.0
Fusarium Wilt,1,0,-1.0,16.3,82.7,15.7,617.2,low,28.0
Bacterial Spot,1,0,-0.6,16.3,82.7,15.7,617.2,low,28.0
Early Blight,1,0,-0.6,32.7,60.1,69.0,136.9,low,28.0
Late Blight,0,0,0.0,32.7,60.1,69.0,136.9,low,34.0
Fusarium Wilt,1,0,-1.0,32.7,60.1,69.0,136.9,moderate,44.0
Bacterial Spot,1,0,-0.6,32.7,60.1,69.0,136.9,low,28.0
Early Blight,0,0,0.0,22.4,72.8,13.4,1131.2,moderate,62.0
Late Blight,1,0,-1.0,22.4,72.8,13.4,1131.2,low,28.0
Fusarium Wilt,1,0,-1.0,22.4,72.8,13.4,1131.2,low,28.0
Bacterial Spot,1,0,-0.6,22.4,72.8,13.4,1131.2,low,28.0
Early Blight,1,0,-0.6,17.6,73.0,36.0,284.1,moderate,40.0
Late Blight,1,0,-1.0,17.6,73.0,36.0,284.1,low,28.0
Fusarium Wilt,2,0,-2.0,17.6,73.0,36.0,284.1,low,28.0
Bacterial Spot,1,0,-0.6,17.6,73.0,36.0,284.1,low,28.0
Early Blight,1,0,-0.6,28.7,55.3,17.2,273.5,moderate,40.0
Late Blight,0,0,0.0,28.7,55.3,17.2,273.5,low,34.0
Fusarium Wilt,0,0,0.0,28.7,55.3,17.2,273.5,moderate,62.0
Bacterial Spot,1,0,-1.0,28.7,55.3,17.2,273.5,low,28.0
Early Blight,0,0,0.0,31.1,83.8,20.1,355.9,moderate,46.0
Late Blight,0,0,0.0,31.1,83.8,20.1,355.9,moderate,46.0
Fusarium Wilt,1,0,-1.0,31.1,83.8,20.1,355.9,moderate,44.0
Bacterial Spot,1,0,-1.0,31.1,83.8,20.1,355.9,low,16.0
Early Blight,1,0,-0.6,23.2,39.2,81.9,633.8,moderate,40.0
Late Blight,1,0,-1.0,23.2,39.2,81.9,633.8,low,28.0
Fusarium Wilt,2,0,-2.0,23.2,39.2,81.9,633.8,low,16.0
Bacterial Spot,1,0,-1.0,23.2,39.2,81.9,633.8,low,16.0
Early Blight,1,0,-0.6,21.3,86.5,83.2,710.0,moderate,56.0
Late Blight,2,0,-1.6,21.3,86.5,83.2,710.0,moderate,44.0
Fusarium Wilt,2,0,-2.0,21.3,86.5,83.2,710.0,low,28.0
Bacterial Spot,1,0,-1.0,21.3,86.5,83.2,710.0,low,28.0
Early Blight,0,0,0.0,23.7,42.6,11.5,1042.5,moderate,46.0
Late Blight,1,0,-1.0,23.7,42.6,11.5,1042.5,low,28.0
Fusarium Wilt,0,0,0.0,23.7,42.6,11.5,1042.5,moderate,46.0
Bacterial Spot,1,0,-1.0,23.7,42.6,11.5,1042.5,low,16.0
Early Blight,0,0,0.0,26.4,67.5,59.0,454.9,moderate,46.0
Late Blight,1,0,-1.0,26.4,67.5,59.0,454.9,low,16.0
Fusarium Wilt,1,0,-1.0,26.4,67.5,59.0,454.9,moderate,44.0
Bacterial Spot,1,0,-1.0,26.4,67.5,59.0,454.9,low,28.0
Early Blight,0,0,0.0,19.6,63.0,17.9,728.1,low,34.0
Late Blight,0,0,0.0,19.6,63.0,17.9,728.1,moderate,46.0
Fusarium Wilt,1,0,-1.0,19.6,63.0,17.9,728.1,low,28.0
Bacterial Spot,1,0,-1.0,19.6,63.0,17.9,728.1,low,16.0
Early Blight,0,0,0.0,16.6,93.3,26.7,640.5,moderate,46.0
Late Blight,1,0,-1.0,16.6,93.3,26.7,640.5,moderate,44.0
Fusarium Wilt,1,0,-1.0,16.6,93.3,26.7,640.5,low,28.0
Bacterial Spot,1,0,-0.6,16.6,93.3,26.7,640.5,moderate,40.0
Early Blight,1,0,-0.6,23.5,78.2,75.9,392.4,moderate,56.0
Late Blight,2,0,-1.6,23.5,78.2,75.9,392.4,moderate,44.0
Fusarium Wilt,0,0,0.0,23.5,78.2,75.9,392.4,moderate,46.0
Bacterial Spot,1,0,-1.0,23.5,78.2,75.9,392.4,low,16.0
Early Blight,0,0,0.0,27.2,42.9,52.1,373.6,moderate,46.0
Late Blight,1,0,-1.0,27.2,42.9,52.1,373.6,low,16.0
Fusarium Wilt,2,0,-2.0,27.2,42.9,52.1,373.6,moderate,44.0
Bacterial Spot,1,0,-0.6,27.2,42.9,52.1,373.6,moderate,40.0
Early Blight,1,0,-0.6,25.6,75.2,80.6,283.5,moderate,56.0
Late Blight,2,0,-1.6,25.6,75.2,80.6,283.5,low,28.0
Fusarium Wilt,1,0,-1.0,25.6,75.2,80.6,283.5,moderate,44.0
Bacterial Spot,2,0,-1.6,25.6,75.2,80.6,283.5,low,28.0
Early Blight,0,0,0.0,22.2,97.4,36.0,508.9,moderate,62.0
Late Blight,1,0,-1.0,22.2,97.4,36.0,508.9,moderate,44.0
Fusarium Wilt,0,0,0.0,22.2,97.4,36.0,508.9,moderate,46.0
Bacterial Spot,1,0,-1.0,22.2,97.4,36.0,508.9,low,28.0
Early Blight,1,0,-0.6,36.3,47.3,86.9,592.2,low,28.0
Late Blight,0,0,0.0,36.3,47.3,86.9,592.2,low,34.0
Fusarium Wilt,0,0,0.0,36.3,47.3,86.9,592.2,moderate,46.0
Bacterial Spot,1,0,-0.6,36.3,47.3,86.9,592.2,low,28.0
Early Blight,0,0,0.0,21.9,45.1,78.5,123.9,moderate,46.0
Late Blight,1,0,-0.6,21.9,45.1,78.5,123.9,moderate,40.0
Fusarium Wilt,0,0,0.0,21.9,45.1,78.5,123.9,moderate,46.0
Bacterial Spot,1,0,-0.6,21.9,45.1,78.5,123.9,low,28.0
Early Blight,0,0,0.0,15.9,54.2,21.1,503.8,low,34.0
Late Blight,1,0,-1.0,15.9,54.2,21.1,503.8,low,28.0
Fusarium Wilt,2,0,-2.0,15.9,54.2,21.1,503.8,low,28.0
Bacterial Spot,0,0,0.0,15.9,54.2,21.1,503.8,low,34.0
Early Blight,0,0,0.0,31.6,83.9,23.8,1008.3,moderate,46.0
Late Blight,0,0,0.0,31.6,83.9,23.8,1008.3,moderate,46.0
Fusarium Wilt,1,0,-1.0,31.6,83.9,23.8,1008.3,moderate,44.0
Bacterial Spot,0,0,0.0,31.6,83.9,23.8,1008.3,low,34.0
Early Blight,0,0,0.0,16.8,33.8,71.7,482.7,low,34.0
Late Blight,1,0,-1.0,16.8,33.8,71.7,482.7,low,28.0
Fusarium Wilt,1,0,-1.0,16.8,33.8,71.7,482.7,low,16.0
Bacterial Spot,0,0,0.0,16.8,33.8,71.7,482.7,low,34.0
Early Blight,1,0,-0.6,15.3,82.9,40.6,435.3,moderate,40.0
Late Blight,1,0,-0.6,15.3,82.9,40.6,435.3,moderate,56.0
Fusarium Wilt,1,0,-1.0,15.3,82.9,40.6,435.3,low,28.0
Bacterial Spot,1,0,-1.0,15.3,82.9,40.6,435.3,low,16.0
Early Blight,1,0,-0.6,24.0,60.3,57.6,655.2,moderate,40.0
Late Blight,2,0,-1.6,24.0,60.3,57.6,655.2,low,28.0
Fusarium Wilt,2,0,-2.0,24.0,60.3,57.6,655.2,low,28.0
Bacterial Spot,1,0,-0.6,24.0,60.3,57.6,655.2,moderate,40.0
Early Blight,1,0,-0.6,24.2,35.8,50.1,951.2,moderate,40.0
Late Blight,1,0,-1.0,24.2,35.8,50.1,951.2,low,16.0
Fusarium Wilt,1,0,-1.0,24.2,35.8,50.1,951.2,low,16.0
Bacterial Spot,1,0,-1.0,24.2,35.8,50.1,951.2,low,28.0
Early Blight,1,0,-0.6,31.9,46.7,15.7,954.4,low,28.0
Late Blight,1,0,-0.6,31.9,46.7,15.7,954.4,low,28.0
Fusarium Wilt,1,0,-1.0,31.9,46.7,15.7,954.4,moderate,44.0
Bacterial Spot,2,0,-1.6,31.9,46.7,15.7,954.4,low,16.0
Early Blight,0,0,0.0,28.7,31.6,34.4,1186.4,moderate,46.0
Late Blight,1,0,-0.6,28.7,31.6,34.4,1186.4,low,28.0
Fusarium Wilt,2,0,-2.0,28.7,31.6,34.4,1186.4,low,28.0
Bacterial Spot,1,0,-0.6,28.7,31.6,34.4,1186.4,moderate,40.0
Early Blight,1,0,-0.6,23.6,81.5,78.2,223.6,moderate,56.0
Late Blight,0,0,0.0,23.6,81.5,78.2,223.6,moderate,62.0
Fusarium Wilt,0,0,0.0,23.6,81.5,78.2,223.6,moderate,46.0
Bacterial Spot,1,0,-1.0,23.6,81.5,78.2,223.6,low,16.0
Early Blight,0,0,0.0,17.6,60.6,11.8,329.9,low,34.0
Late Blight,1,0,-1.0,17.6,60.6,11.8,329.9,low,28.0
Fusarium Wilt,2,0,-2.0,17.6,60.6,11.8,329.9,low,28.0
Bacterial Spot,1,0,-0.6,17.6,60.6,11.8,329.9,low,28.0
Early Blight,1,0,-0.6,31.1,31.3,56.6,829.9,low,28.0
Late Blight,2,0,-1.6,31.1,31.3,56.6,829.9,low,16.0
Fusarium Wilt,0,0,0.0,31.1,31.3,56.6,829.9,moderate,46.0
Bacterial Spot,1,0,-1.0,31.1,31.3,56.6,829.9,low,16.0
Early Blight,0,0,0.0,15.2,56.4,31.7,1037.3,low,34.0
Late Blight,1,0,-0.6,15.2,56.4,31.7,1037.3,moderate,40.0
Fusarium Wilt,0,0,0.0,15.2,56.4,31.7,1037.3,moderate,46.0
Bacterial Spot,2,0,-1.6,15.2,56.4,31.7,1037.3,low,16.0
Early Blight,0,0,0.0,37.5,36.8,35.2,1053.5,low,34.0
Late Blight,1,0,-1.0,37.5,36.8,35.2,1053.5,low,16.0
Fusarium Wilt,1,0,-1.0,37.5,36.8,35.2,1053.5,low,16.0
Bacterial Spot,2,0,-1.6,37.5,36.8,35.2,1053.5,low,16.0
Early Blight,1,0,-0.6,27.2,52.7,41.5,272.7,moderate,40.0
Late Blight,1,0,-1.0,27.2,52.7,41.5,272.7,low,16.0
Fusarium Wilt,1,0,-1.0,27.2,52.7,41.5,272.7,moderate,44.0
Bacterial Spot,0,0,0.0,27.2,52.7,41.5,272.7,moderate,46.0
Early Blight,1,0,-0.6,29.4,89.8,81.2,996.3,moderate,56.0
Late Blight,1,0,-0.6,29.4,89.8,81.2,996.3,moderate,40.0
Fusarium Wilt,1,0,-1.0,29.4,89.8,81.2,996.3,moderate,44.0
Bacterial Spot,1,0,-0.6,29.4,89.8,81.2,996.3,moderate,56.0
Early Blight,1,0,-0.6,23.8,95.3,59.0,788.1,moderate,56.0
Late Blight,2,0,-1.6,23.8,95.3,59.0,788.1,moderate,44.0
Fusarium Wilt,0,0,0.0,23.8,95.3,59.0,788.1,moderate,46.0
Bacterial Spot,1,0,-1.0,23.8,95.3,59.0,788.1,low,28.0
Early Blight,0,0,0.0,19.8,39.4,53.3,980.1,low,34.0
Late Blight,1,0,-1.0,19.8,39.4,53.3,980.1,low,28.0
Fusarium Wilt,1,0,-1.0,19.8,39.4,53.3,980.1,low,16.0
Bacterial Spot,0,0,0.0,19.8,39.4,53.3,980.1,low,34.0
Early Blight,0,0,0.0,18.3,93.4,83.4,449.2,moderate,46.0
Late Blight,1,0,-0.6,18.3,93.4,83.4,449.2,moderate,56.0
Fusarium Wilt,1,0,-1.0,18.3,93.4,83.4,449.2,low,28.0
Bacterial Spot,0,0,0.0,18.3,93.4,83.4,449.2,moderate,46.0
Early Blight,0,0,0.0,35.2,58.2,42.9,587.3,low,34.0
Late Blight,0,0,0.0,35.2,58.2,42.9,587.3,low,34.0
Fusarium Wilt,1,0,-1.0,35.2,58.2,42.9,587.3,low,28.0
Bacterial Spot,2,0,-1.6,35.2,58.2,42.9,587.3,low,16.0
Early Blight,1,0,-0.6,32.5,71.6,31.3,723.7,moderate,40.0
Late Blight,1,0,-1.0,32.5,71.6,31.3,723.7,low,16.0
Fusarium Wilt,1,0,-1.0,32.5,71.6,31.3,723.7,moderate,44.0
Bacterial Spot,1,0,-1.0,32.5,71.6,31.3,723.7,low,16.0
Early Blight,1,0,-0.6,28.9,78.4,39.9,1037.3,moderate,56.0
Late Blight,2,0,-1.6,28.9,78.4,39.9,1037.3,low,28.0
Fusarium Wilt,1,0,-1.0,28.9,78.4,39.9,1037.3,moderate,44.0
Bacterial Spot,2,0,-1.6,28.9,78.4,39.9,1037.3,low,28.0
Early Blight,1,0,-0.6,24.5,80.5,89.1,933.6,moderate,56.0
Late Blight,0,0,0.0,24.5,80.5,89.1,933.6,moderate,46.0
Fusarium Wilt,1,0,-1.0,24.5,80.5,89.1,933.6,low,28.0
Bacterial Spot,2,0,-1.6,24.5,80.5,89.1,933.6,low,28.0
Early Blight,1,0,-0.6,20.7,57.5,13.3,908.9,moderate,40.0
Late Blight,1,0,-1.0,20.7,57.5,13.3,908.9,low,28.0
Fusarium Wilt,0,0,0.0,20.7,57.5,13.3,908.9,moderate,46.0
Bacterial Spot,0,0,0.0,20.7,57.5,13.3,908.9,low,34.0
Early Blight,1,0,-0.6,33.1,65.4,46.1,1009.7,low,28.0
Late Blight,0,0,0.0,33.1,65.4,46.1,1009.7,low,34.0
Fusarium Wilt,1,0,-1.0,33.1,65.4,46.1,1009.7,moderate,44.0
Bacterial Spot,0,0,0.0,33.1,65.4,46.1,1009.7,low,34.0
Early Blight,1,0,-0.6,29.5,33.4,33.3,537.8,moderate,40.0
Late Blight,1,0,-0.6,29.5,33.4,33.3,537.8,low,28.0
Fusarium Wilt,1,0,-1.0,29.5,33.4,33.3,537.8,low,28.0
Bacterial Spot,1,0,-1.0,29.5,33.4,33.3,537.8,low,28.0
Early Blight,1,0,-0.6,18.3,86.4,46.1,894.9,moderate,40.0
Late Blight,0,0,0.0,18.3,86.4,46.1,894.9,moderate,62.0
Fusarium Wilt,1,0,-1.0,18.3,86.4,46.1,894.9,low,28.0
Bacterial Spot,2,0,-1.6,18.3,86.4,46.1,894.9,low,28.0
Early Blight,1,0,-0.6,19.1,70.1,67.0,322.1,moderate,40.0
Late Blight,1,0,-1.0,19.1,70.1,67.0,322.1,low,28.0
Fusarium Wilt,0,0,0.0,19.1,70.1,67.0,322.1,moderate,46.0
Bacterial Spot,1,0,-0.6,19.1,70.1,67.0,322.1,low,28.0
Early Blight,1,0,-0.6,17.6,60.6,39.0,676.2,low,28.0
Late Blight,0,0,0.0,17.6,60.6,39.0,676.2,moderate,46.0
Fusarium Wilt,1,0,-1.0,17.6,60.6,39.0,676.2,low,28.0
Bacterial Spot,1,0,-1.0,17.6,60.6,39.0,676.2,low,16.0
Early Blight,0,0,0.0,36.0,68.5,62.8,265.1,low,34.0
Late Blight,1,0,-1.0,36.0,68.5,62.8,265.1,low,16.0
Fusarium Wilt,2,0,-2.0,36.0,68.5,62.8,265.1,low,28.0
Bacterial Spot,1,0,-0.6,36.0,68.5,62.8,265.1,low,28.0
Early Blight,0,0,0.0,29.4,38.0,20.5,323.1,moderate,46.0
Late Blight,2,0,-1.6,29.4,38.0,20.5,323.1,low,16.0
Fusarium Wilt,0,0,0.0,29.4,38.0,20.5,323.1,moderate,46.0
Bacterial Spot,1,0,-1.0,29.4,38.0,20.5,323.1,low,28.0
Early Blight,1,0,-0.6,20.5,70.0,48.1,551.2,moderate,56.0
Late Blight,1,0,-0.6,20.5,70.0,48.1,551.2,moderate,40.0
Fusarium Wilt,0,0,0.0,20.5,70.0,48.1,551.2,moderate,46.0
Bacterial Spot,0,0,0.0,20.5,70.0,48.1,551.2,low,34.0
Early Blight,0,0,0.0,16.1,40.1,62.3,140.4,low,34.0
Late Blight,0,0,0.0,16.1,40.1,62.3,140.4,moderate,46.0
Fusarium Wilt,1,0,-1.0,16.1,40.1,62.3,140.4,low,28.0
Bacterial Spot,2,0,-1.6,16.1,40.1,62.3,140.4,low,16.0
Early Blight,0,0,0.0,19.1,75.7,58.9,860.7,moderate,46.0
Late Blight,1,0,-0.6,19.1,75.7,58.9,860.7,moderate,56.0
Fusarium Wilt,1,0,-1.0,19.1,75.7,58.9,860.7,low,28.0
Bacterial Spot,1,0,-0.6,19.1,75.7,58.9,860.7,low,28.0
Early Blight,1,0,-0.6,21.9,55.1,40.3,174.4,moderate,40.0
Late Blight,1,0,-0.6,21.9,55.1,40.3,174.4,moderate,40.0
Fusarium Wilt,1,0,-1.0,21.9,55.1,40.3,174.4,low,28.0
Bacterial Spot,1,0,-1.0,21.9,55.1,40.3,174.4,low,16.0
Early Blight,0,0,0.0,27.1,77.3,59.0,220.2,moderate,62.0
Late Blight,0,0,0.0,27.1,77.3,59.0,220.2,moderate,46.0
Fusarium Wilt,1,0,-1.0,27.1,77.3,59.0,220.2,moderate,44.0
Bacterial Spot,0,0,0.0,27.1,77.3,59.0,220.2,moderate,46.0
Early Blight,0,0,0.0,21.6,71.4,35.3,677.9,moderate,62.0
Late Blight,2,0,-1.6,21.6,71.4,35.3,677.9,low,28.0
Fusarium Wilt,0,0,0.0,21.6,71.4,35.3,677.9,moderate,46.0
Bacterial Spot,1,0,-0.6,21.6,71.4,35.3,677.9,low,28.0
Early Blight,1,0,-0.6,19.1,71.4,66.7,1177.2,moderate,40.0
Late Blight,1,0,-1.0,19.1,71.4,66.7,1177.2,low,28.0
Fusarium Wilt,1,0,-1.0,19.1,71.4,66.7,1177.2,low,28.0
Bacterial Spot,0,0,0.0,19.1,71.4,66.7,1177.2,low,34.0
Early Blight,1,0,-0.6,24.5,52.7,54.8,801.3,moderate,40.0
Late Blight,2,0,-1.6,24.5,52.7,54.8,801.3,low,16.0
Fusarium Wilt,1,0,-1.0,24.5,52.7,54.8,801.3,low,28.0
Bacterial Spot,1,0,-0.6,24.5,52.7,54.8,801.3,moderate,40.0
Early Blight,0,0,0.0,15.1,76.6,37.3,896.8,moderate,46.0
Late Blight,2,0,-1.6,15.1,76.6,37.3,896.8,moderate,44.0
Fusarium Wilt,2,0,-2.0,15.1,76.6,37.3,896.8,low,28.0
Bacterial Spot,0,0,0.0,15.1,76.6,37.3,896.8,low,34.0
Early Blight,0,0,0.0,33.3,73.9,48.5,789.9,moderate,46.0
Late Blight,1,0,-0.6,33.3,73.9,48.5,789.9,low,28.0
Fusarium Wilt,1,0,-1.0,33.3,73.9,48.5,789.9,moderate,44.0
Bacterial Spot,0,0,0.0,33.3,73.9,48.5,789.9,low,34.0
Early Blight,1,0,-0.6,21.9,79.3,35.2,689.5,moderate,56.0
Late Blight,0,0,0.0,21.9,79.3,35.2,689.5,moderate,62.0
Fusarium Wilt,1,0,-1.0,21.9,79.3,35.2,689.5,low,28.0
Bacterial Spot,1,0,-0.6,21.9,79.3,35.2,689.5,low,28.0
Early Blight,0,0,0.0,15.7,96.9,60.1,1026.6,moderate,46.0
Late Blight,1,0,-1.0,15.7,96.9,60.1,1026.6,moderate,44.0
Fusarium Wilt,0,0,0.0,15.7,96.9,60.1,1026.6,moderate,46.0
Bacterial Spot,1,0,-0.6,15.7,96.9,60.1,1026.6,moderate,40.0
Early Blight,1,0,-0.6,15.7,58.1,49.8,361.4,low,28.0
Late Blight,1,0,-0.6,15.7,58.1,49.8,361.4,moderate,40.0
Fusarium Wilt,2,0,-2.0,15.7,58.1,49.8,361.4,low,28.0
Bacterial Spot,0,0,0.0,15.7,58.1,49.8,361.4,low,34.0
Early Blight,0,0,0.0,36.0,60.2,12.0,630.9,low,34.0
Late Blight,1,0,-1.0,36.0,60.2,12.0,630.9,low,16.0
Fusarium Wilt,0,0,0.0,36.0,60.2,12.0,630.9,moderate,46.0
Bacterial Spot,1,0,-0.6,36.0,60.2,12.0,630.9,low,28.0
Early Blight,1,0,-0.6,35.1,85.9,85.0,844.4,moderate,40.0
Late Blight,1,0,-0.6,35.1,85.9,85.0,844.4,moderate,40.0
Fusarium Wilt,0,0,0.0,35.1,85.9,85.0,844.4,moderate,46.0
Bacterial Spot,1,0,-1.0,35.1,85.9,85.0,844.4,low,28.0
Early Blight,1,0,-0.6,30.8,70.4,17.0,613.6,moderate,40.0
Late Blight,0,0,0.0,30.8,70.4,17.0,613.6,low,34.0
Fusarium Wilt,1,0,-1.0,30.8,70.4,17.0,613.6,moderate,44.0
Bacterial Spot,1,0,-1.0,30.8,70.4,17.0,613.6,low,16.0
Early Blight,1,0,-0.6,22.4,43.1,32.1,451.1,moderate,40.0
Late Blight,2,0,-1.6,22.4,43.1,32.1,451.1,low,28.0
Fusarium Wilt,2,0,-2.0,22.4,43.1,32.1,451.1,low,28.0
Bacterial Spot,0,0,0.0,22.4,43.1,32.1,451.1,low,34.0
Early Blight,0,0,0.0,19.8,53.8,35.5,255.7,low,34.0
Late Blight,2,0,-1.6,19.8,53.8,35.5,255.7,low,28.0
Fusarium Wilt,1,0,-1.0,19.8,53.8,35.5,255.7,low,28.0
Bacterial Spot,2,0,-1.6,19.8,53.8,35.5,255.7,low,16.0
Early Blight,1,0,-0.6,18.0,62.0,64.0,216.5,low,28.0
Late Blight,2,0,-1.6,18.0,62.0,64.0,216.5,low,28.0
Fusarium Wilt,0,0,0.0,18.0,62.0,64.0,216.5,moderate,46.0
Bacterial Spot,0,0,0.0,18.0,62.0,64.0,216.5,low,34.0
Early Blight,0,0,0.0,29.2,51.2,75.4,884.2,moderate,46.0
Late Blight,0,0,0.0,29.2,51.2,75.4,884.2,low,34.0
Fusarium Wilt,1,0,-1.0,29.2,51.2,75.4,884.2,moderate,44.0
Bacterial Spot,1,0,-1.0,29.2,51.2,75.4,884.2,low,28.0
Early Blight,0,0,0.0,36.2,61.8,46.4,852.9,low,34.0
Late Blight,2,0,-1.6,36.2,61.8,46.4,852.9,low,16.0
Fusarium Wilt,1,0,-1.0,36.2,61.8,46.4,852.9,low,28.0
Bacterial Spot,0,0,0.0,36.2,61.8,46.4,852.9,low,34.0
Early Blight,0,0,0.0,24.0,77.6,63.2,967.7,moderate,62.0
Late Blight,2,0,-1.6,24.0,77.6,63.2,967.7,moderate,44.0
Fusarium Wilt,2,0,-2.0,24.0,77.6,63.2,967.7,low,28.0
Bacterial Spot,2,0,-1.6,24.0,77.6,63.2,967.7,low,28.0
Early Blight,0,0,0.0,32.7,71.1,20.2,213.2,moderate,46.0
Late Blight,1,0,-0.6,32.7,71.1,20.2,213.2,low,28.0
Fusarium Wilt,0,0,0.0,32.7,71.1,20.2,213.2,moderate,62.0
Bacterial Spot,1,0,-0.6,32.7,71.1,20.2,213.2,low,28.0
Early Blight,1,0,-0.6,24.5,72.2,53.8,1171.3,moderate,56.0
Late Blight,1,0,-1.0,24.5,72.2,53.8,1171.3,low,16.0
Fusarium Wilt,0,0,0.0,24.5,72.2,53.8,1171.3,moderate,46.0
Bacterial Spot,1,0,-1.0,24.5,72.2,53.8,1171.3,low,28.0
Early Blight,0,0,0.0,27.5,46.1,63.0,185.7,moderate,46.0
Late Blight,1,0,-0.6,27.5,46.1,63.0,185.7,low,28.0
Fusarium Wilt,1,0,-1.0,27.5,46.1,63.0,185.7,moderate,44.0
Bacterial Spot,0,0,0.0,27.5,46.1,63.0,185.7,moderate,46.0
Early Blight,0,0,0.0,19.1,95.0,15.6,219.6,moderate,46.0
Late Blight,1,0,-0.6,19.1,95.0,15.6,219.6,moderate,56.0
Fusarium Wilt,1,0,-1.0,19.1,95.0,15.6,219.6,low,28.0
Bacterial Spot,1,0,-1.0,19.1,95.0,15.6,219.6,low,28.0
Early Blight,1,0,-0.6,35.4,91.4,60.9,100.2,moderate,40.0
Late Blight,1,0,-1.0,35.4,91.4,60.9,100.2,low,28.0
Fusarium Wilt,1,0,-1.0,35.4,91.4,60.9,100.2,low,28.0
Bacterial Spot,1,0,-1.0,35.4,91.4,60.9,100.2,low,28.0
Early Blight,0,0,0.0,22.3,68.8,83.1,435.0,moderate,46.0
Late Blight,1,0,-1.0,22.3,68.8,83.1,435.0,low,28.0
Fusarium Wilt,2,0,-2.0,22.3,68.8,83.1,435.0,low,28.0
Bacterial Spot,1,0,-1.0,22.3,68.8,83.1,435.0,low,16.0
Early Blight,0,0,0.0,24.3,38.7,33.5,506.1,moderate,46.0
Late Blight,1,0,-1.0,24.3,38.7,33.5,506.1,low,16.0
Fusarium Wilt,1,0,-1.0,24.3,38.7,33.5,506.1,low,16.0
Bacterial Spot,0,0,0.0,24.3,38.7,33.5,506.1,moderate,46.0
Early Blight,1,0,-0.6,20.4,77.8,41.5,449.9,moderate,56.0
Late Blight,1,0,-1.0,20.4,77.8,41.5,449.9,moderate,44.0
Fusarium Wilt,1,0,-1.0,20.4,77.8,41.5,449.9,low,28.0
Bacterial Spot,2,0,-1.6,20.4,77.8,41.5,449.9,low,16.0
Early Blight,0,0,0.0,36.3,87.1,22.3,1197.2,moderate,46.0
Late Blight,2,0,-1.6,36.3,87.1,22.3,1197.2,low,28.0
Fusarium Wilt,1,0,-1.0,36.3,87.1,22.3,1197.2,low,28.0
Bacterial Spot,2,0,-1.6,36.3,87.1,22.3,1197.2,low,28.0
Early Blight,1,0,-0.6,37.8,35.8,61.4,557.4,low,28.0
Late Blight,0,0,0.0,37.8,35.8,61.4,557.4,low,34.0
Fusarium Wilt,2,0,-2.0,37.8,35.8,61.4,557.4,low,16.0
Bacterial Spot,0,0,0.0,37.8,35.8,61.4,557.4,low,34.0
Early Blight,0,0,0.0,25.4,54.2,24.9,765.0,moderate,46.0
Late Blight,1,0,-0.6,25.4,54.2,24.9,765.0,low,28.0
Fusarium Wilt,1,0,-1.0,25.4,54.2,24.9,765.0,moderate,44.0
Bacterial Spot,1,0,-0.6,25.4,54.2,24.9,765.0,moderate,40.0
Early Blight,1,0,-0.6,37.5,68.6,66.4,224.5,low,28.0
Late Blight,1,0,-0.6,37.5,68.6,66.4,224.5,low,28.0
Fusarium Wilt,0,0,0.0,37.5,68.6,66.4,224.5,moderate,46.0
Bacterial Spot,0,0,0.0,37.5,68.6,66.4,224.5,low,34.0
Early Blight,1,0,-0.6,25.7,35.3,81.2,197.3,moderate,40.0
Late Blight,0,0,0.0,25.7,35.3,81.2,197.3,low,34.0
Fusarium Wilt,1,0,-1.0,25.7,35.3,81.2,197.3,low,28.0
Bacterial Spot,1,0,-0.6,25.7,35.3,81.2,197.3,moderate,40.0
Early Blight,0,0,0.0,16.2,53.4,72.3,615.8,low,34.0
Late Blight,1,0,-1.0,16.2,53.4,72.3,615.8,low,28.0
Fusarium Wilt,1,0,-1.0,16.2,53.4,72.3,615.8,low,28.0
Bacterial Spot,1,0,-0.6,16.2,53.4,72.3,615.8,low,28.0
Early Blight,0,0,0.0,15.8,92.8,70.0,899.7,moderate,46.0
Late Blight,2,0,-1.6,15.8,92.8,70.0,899.7,moderate,44.0
Fusarium Wilt,2,0,-2.0,15.8,92.8,70.0,899.7,low,28.0
Bacterial Spot,0,0,0.0,15.8,92.8,70.0,899.7,moderate,46.0
Early Blight,0,0,0.0,29.4,49.5,16.6,656.2,moderate,46.0
Late Blight,2,0,-1.6,29.4,49.5,16.6,656.2,low,16.0
Fusarium Wilt,1,0,-1.0,29.4,49.5,16.6,656.2,moderate,44.0
Bacterial Spot,2,0,-1.6,29.4,49.5,16.6,656.2,low,28.0
Early Blight,0,0,0.0,19.0,70.2,22.1,591.3,moderate,46.0
Late Blight,1,0,-1.0,19.0,70.2,22.1,591.3,low,28.0
Fusarium Wilt,1,0,-1.0,19.0,70.2,22.1,591.3,low,28.0
Bacterial Spot,1,0,-0.6,19.0,70.2,22.1,591.3,low,28.0
Early Blight,1,0,-0.6,16.9,39.9,84.7,269.6,low,28.0
Late Blight,0,0,0.0,16.9,39.9,84.7,269.6,moderate,46.0
Fusarium Wilt,2,0,-2.0,16.9,39.9,84.7,269.6,low,16.0
Bacterial Spot,1,0,-0.6,16.9,39.9,84.7,269.6,low,28.0
Early Blight,1,0,-0.6,31.9,53.5,61.4,931.0,low,28.0
Late Blight,2,0,-1.6,31.9,53.5,61.4,931.0,low,16.0
Fusarium Wilt,1,0,-1.0,31.9,53.5,61.4,931.0,moderate,44.0
Bacterial Spot,0,0,0.0,31.9,53.5,61.4,931.0,low,34.0
Early Blight,0,0,0.0,23.7,78.0,48.0,259.7,moderate,62.0
Late Blight,1,0,-1.0,23.7,78.0,48.0,259.7,moderate,44.0
Fusarium Wilt,1,0,-1.0,23.7,78.0,48.0,259.7,low,28.0
Bacterial Spot,0,0,0.0,23.7,78.0,48.0,259.7,low,34.0
Early Blight,1,0,-0.6,15.9,92.4,61.0,1151.8,moderate,40.0
Late Blight,0,0,0.0,15.9,92.4,61.0,1151.8,moderate,62.0
Fusarium Wilt,2,0,-2.0,15.9,92.4,61.0,1151.8,low,28.0
Bacterial Spot,1,0,-1.0,15.9,92.4,61.0,1151.8,low,28.0
Early Blight,0,0,0.0,24.0,82.6,69.9,907.7,moderate,62.0
Late Blight,2,0,-1.6,24.0,82.6,69.9,907.7,moderate,44.0
Fusarium Wilt,1,0,-1.0,24.0,82.6,69.9,907.7,low,28.0
Bacterial Spot,0,0,0.0,24.0,82.6,69.9,907.7,moderate,46.0
Early Blight,1,0,-0.6,34.1,30.8,17.8,214.3,low,28.0
Late Blight,2,0,-1.6,34.1,30.8,17.8,214.3,low,16.0
Fusarium Wilt,2,0,-2.0,34.1,30.8,17.8,214.3,low,28.0
Bacterial Spot,1,0,-1.0,34.1,30.8,17.8,214.3,low,16.0
Early Blight,0,0,0.0,30.1,86.8,86.0,801.9,moderate,46.0
Late Blight,1,0,-1.0,30.1,86.8,86.0,801.9,low,28.0
Fusarium Wilt,1,0,-1.0,30.1,86.8,86.0,801.9,moderate,44.0
Bacterial Spot,0,0,0.0,30.1,86.8,86.0,801.9,moderate,46.0
Early Blight,1,0,-0.6,37.2,90.9,65.7,378.7,moderate,40.0
Late Blight,0,0,0.0,37.2,90.9,65.7,378.7,moderate,46.0
Fusarium Wilt,1,0,-1.0,37.2,90.9,65.7,378.7,low,28.0
Bacterial Spot,1,0,-1.0,37.2,90.9,65.7,378.7,low,28.0
Early Blight,0,0,0.0,32.7,52.0,23.0,181.4,low,34.0
Late Blight,2,0,-1.6,32.7,52.0,23.0,181.4,low,16.0
Fusarium Wilt,1,0,-1.0,32.7,52.0,23.0,181.4,moderate,44.0
Bacterial Spot,2,0,-1.6,32.7,52.0,23.0,181.4,low,16.0
Early Blight,1,0,-0.6,26.3,93.1,58.8,296.3,moderate,56.0
Late Blight,1,0,-1.0,26.3,93.1,58.8,296.3,low,28.0
Fusarium Wilt,1,0,-1.0,26.3,93.1,58.8,296.3,moderate,44.0
Bacterial Spot,0,0,0.0,26.3,93.1,58.8,296.3,moderate,62.0
Early Blight,1,0,-0.6,17.4,35.0,55.7,375.7,low,28.0
Late Blight,1,0,-0.6,17.4,35.0,55.7,375.7,moderate,40.0
Fusarium Wilt,0,0,0.0,17.4,35.0,55.7,375.7,low,34.0
Bacterial Spot,1,0,-0.6,17.4,35.0,55.7,375.7,low,28.0
Early Blight,0,0,0.0,31.1,91.5,56.0,666.9,moderate,46.0
Late Blight,2,0,-1.6,31.1,91.5,56.0,666.9,low,28.0
Fusarium Wilt,0,0,0.0,31.1,91.5,56.0,666.9,moderate,62.0
Bacterial Spot,0,0,0.0,31.1,91.5,56.0,666.9,moderate,46.0
Early Blight,0,0,0.0,15.1,94.9,75.4,630.3,moderate,46.0
Late Blight,1,0,-0.6,15.1,94.9,75.4,630.3,moderate,56.0
Fusarium Wilt,1,0,-1.0,15.1,94.9,75.4,630.3,low,28.0
Bacterial Spot,0,0,0.0,15.1,94.9,75.4,630.3,moderate,46.0
Early Blight,1,0,-0.6,17.1,66.4,86.9,188.5,low,28.0
Late Blight,0,0,0.0,17.1,66.4,86.9,188.5,moderate,46.0
Fusarium Wilt,2,0,-2.0,17.1,66.4,86.9,188.5,low,28.0
Bacterial Spot,2,0,-1.6,17.1,66.4,86.9,188.5,low,16.0
Early Blight,1,0,-0.6,31.0,91.0,60.4,495.2,moderate,40.0
Late Blight,0,0,0.0,31.0,91.0,60.4,495.2,moderate,46.0
Fusarium Wilt,2,0,-2.0,31.0,91.0,60.4,495.2,moderate,44.0
Bacterial Spot,0,0,0.0,31.0,91.0,60.4,495.2,moderate,46.0
Early Blight,0,0,0.0,26.3,34.3,53.2,438.5,moderate,46.0
Late Blight,1,0,-0.6,26.3,34.3,53.2,438.5,low,28.0
Fusarium Wilt,1,0,-1.0,26.3,34.3,53.2,438.5,low,28.0
Bacterial Spot,1,0,-1.0,26.3,34.3,53.2,438.5,low,28.0
Early Blight,1,0,-0.6,16.0,38.0,74.6,834.0,low,28.0
Late Blight,0,0,0.0,16.0,38.0,74.6,834.0,moderate,46.0
Fusarium Wilt,1,0,-1.0,16.0,38.0,74.6,834.0,low,16.0
Bacterial Spot,1,0,-0.6,16.0,38.0,74.6,834.0,low,28.0
Early Blight,1,0,-0.6,18.3,74.5,47.7,1109.8,moderate,40.0
Late Blight,1,0,-0.6,18.3,74.5,47.7,1109.8,moderate,40.0
Fusarium Wilt,2,0,-2.0,18.3,74.5,47.7,1109.8,low,28.0
Bacterial Spot,1,0,-1.0,18.3,74.5,47.7,1109.8,low,16.0
Early Blight,1,0,-0.6,25.5,41.6,57.3,999.6,moderate,40.0
Late Blight,1,0,-1.0,25.5,41.6,57.3,999.6,low,16.0
Fusarium Wilt,1,0,-1.0,25.5,41.6,57.3,999.6,moderate,44.0
Bacterial Spot,1,0,-1.0,25.5,41.6,57.3,999.6,low,28.0
Early Blight,0,0,0.0,37.6,76.1,35.9,1173.4,moderate,46.0
Late Blight,1,0,-1.0,37.6,76.1,35.9,1173.4,low,28.0
Fusarium Wilt,0,0,0.0,37.6,76.1,35.9,1173.4,moderate,46.0
Bacterial Spot,1,0,-0.6,37.6,76.1,35.9,1173.4,low,28.0
Early Blight,0,0,0.0,17.8,39.6,43.2,865.9,low,34.0
Late Blight,1,0,-1.0,17.8,39.6,43.2,865.9,low,28.0
Fusarium Wilt,2,0,-2.0,17.8,39.6,43.2,865.9,low,16.0
Bacterial Spot,0,0,0.0,17.8,39.6,43.2,865.9,low,34.0
Early Blight,1,0,-0.6,32.9,31.1,49.0,107.0,low,28.0
Late Blight,1,0,-1.0,32.9,31.1,49.0,107.0,low,16.0
Fusarium Wilt,1,0,-1.0,32.9,31.1,49.0,107.0,low,28.0
Bacterial Spot,0,0,0.0,32.9,31.1,49.0,107.0,low,34.0
Early Blight,1,0,-0.6,30.9,44.0,61.2,675.4,low,28.0
Late Blight,0,0,0.0,30.9,44.0,61.2,675.4,low,34.0
Fusarium Wilt,2,0,-2.0,30.9,44.0,61.2,675.4,moderate,44.0
Bacterial Spot,1,0,-1.0,30.9,44.0,61.2,675.4,low,16.0
Early Blight,1,0,-0.6,29.4,83.2,37.8,105.0,moderate,56.0
Late Blight,1,0,-1.0,29.4,83.2,37.8,105.0,low,28.0
Fusarium Wilt,2,0,-2.0,29.4,83.2,37.8,105.0,moderate,44.0
Bacterial Spot,0,0,0.0,29.4,83.2,37.8,105.0,moderate,46.0
Early Blight,1,0,-0.6,20.0,82.4,62.7,404.1,moderate,56.0
Late Blight,0,0,0.0,20.0,82.4,62.7,404.1,moderate,62.0
Fusarium Wilt,1,0,-1.0,20.0,82.4,62.7,404.1,low,28.0
Bacterial Spot,1,0,-1.0,20.0,82.4,62.7,404.1,low,16.0
Early Blight,1,0,-0.6,16.0,73.9,32.8,578.1,moderate,40.0
Late Blight,0,0,0.0,16.0,73.9,32.8,578.1,moderate,46.0
Fusarium Wilt,1,0,-1.0,16.0,73.9,32.8,578.1,low,28.0
Bacterial Spot,1,0,-0.6,16.0,73.9,32.8,578.1,low,28.0
Early Blight,0,0,0.0,33.1,63.0,19.3,1084.6,low,34.0
Late Blight,1,0,-0.6,33.1,63.0,19.3,1084.6,low,28.0
Fusarium Wilt,1,0,-1.0,33.1,63.0,19.3,1084.6,moderate,44.0
Bacterial Spot,1,0,-1.0,33.1,63.0,19.3,1084.6,low,16.0
Early Blight,1,0,-0.6,22.5,36.7,69.0,1056.9,moderate,40.0
Late Blight,2,0,-1.6,22.5,36.7,69.0,1056.9,low,28.0
Fusarium Wilt,1,0,-1.0,22.5,36.7,69.0,1056.9,low,16.0
Bacterial Spot,1,0,-1.0,22.5,36.7,69.0,1056.9,low,16.0
Early Blight,0,0,0.0,25.5,56.3,20.9,891.8,moderate,46.0
Late Blight,1,0,-0.6,25.5,56.3,20.9,891.8,low,28.0
Fusarium Wilt,1,0,-1.0,25.5,56.3,20.9,891.8,moderate,44.0
Bacterial Spot,2,0,-1.6,25.5,56.3,20.9,891.8,low,28.0
Early Blight,0,0,0.0,34.6,61.2,23.7,477.9,low,34.0
Late Blight,0,0,0.0,34.6,61.2,23.7,477.9,low,34.0
Fusarium Wilt,0,0,0.0,34.6,61.2,23.7,477.9,moderate,62.0
Bacterial Spot,1,0,-1.0,34.6,61.2,23.7,477.9,low,16.0
Early Blight,0,0,0.0,34.7,35.9,78.6,638.1,low,34.0
Late Blight,0,0,0.0,34.7,35.9,78.6,638.1,low,34.0
Fusarium Wilt,1,0,-1.0,34.7,35.9,78.6,638.1,low,28.0
Bacterial Spot,1,0,-0.6,34.7,35.9,78.6,638.1,low,28.0
Early Blight,1,0,-0.6,22.5,69.4,81.3,750.9,moderate,40.0
Late Blight,1,0,-0.6,22.5,69.4,81.3,750.9,moderate,40.0
Fusarium Wilt,1,0,-1.0,22.5,69.4,81.3,750.9,low,28.0
Bacterial Spot,1,0,-1.0,22.5,69.4,81.3,750.9,low,16.0
Early Blight,0,0,0.0,15.8,66.1,48.3,977.8,low,34.0
Late Blight,2,0,-1.6,15.8,66.1,48.3,977.8,low,28.0
Fusarium Wilt,1,0,-1.0,15.8,66.1,48.3,977.8,low,28.0
Bacterial Spot,0,0,0.0,15.8,66.1,48.3,977.8,low,34.0
Early Blight,1,0,-0.6,18.1,50.1,61.8,199.8,low,28.0
Late Blight,1,0,-1.0,18.1,50.1,61.8,199.8,low,28.0
Fusarium Wilt,0,0,0.0,18.1,50.1,61.8,199.8,moderate,46.0
Bacterial Spot,2,0,-1.6,18.1,50.1,61.8,199.8,low,16.0
Early Blight,1,0,-0.6,32.8,89.4,42.4,968.8,moderate,40.0
Late Blight,1,0,-1.0,32.8,89.4,42.4,968.8,low,28.0
Fusarium Wilt,1,0,-1.0,32.8,89.4,42.4,968.8,moderate,44.0
Bacterial Spot,1,0,-0.6,32.8,89.4,42.4,968.8,moderate,40.0
Early Blight,0,0,0.0,15.8,59.0,31.6,1140.7,low,34.0
Late Blight,0,0,0.0,15.8,59.0,31.6,1140.7,moderate,46.0
Fusarium Wilt,1,0,-1.0,15.8,59.0,31.6,1140.7,low,28.0
Bacterial Spot,1,0,-0.6,15.8,59.0,31.6,1140.7,low,28.0
Early Blight,1,0,-0.6,36.7,75.9,81.0,222.1,moderate,40.0
Late Blight,1,0,-0.6,36.7,75.9,81.0,222.1,moderate,40.0
Fusarium Wilt,1,0,-1.0,36.7,75.9,81.0,222.1,low,28.0
Bacterial Spot,1,0,-1.0,36.7,75.9,81.0,222.1,low,16.0
Early Blight,1,0,-0.6,19.7,96.7,29.1,224.9,moderate,40.0
Late Blight,0,0,0.0,19.7,96.7,29.1,224.9,moderate,62.0
Fusarium Wilt,1,0,-1.0,19.7,96.7,29.1,224.9,low,28.0
Bacterial Spot,1,0,-0.6,19.7,96.7,29.1,224.9,moderate,40.0
Early Blight,1,0,-0.6,23.1,48.2,64.4,404.9,moderate,40.0
Late Blight,2,0,-1.6,23.1,48.2,64.4,404.9,low,28.0
Fusarium Wilt,1,0,-1.0,23.1,48.2,64.4,404.9,low,28.0
Bacterial Spot,0,0,0.0,23.1,48.2,64.4,404.9,low,34.0
Early Blight,0,0,0.0,27.3,49.9,59.7,979.9,moderate,46.0
Late Blight,0,0,0.0,27.3,49.9,59.7,979.9,low,34.0
Fusarium Wilt,1,0,-1.0,27.3,49.9,59.7,979.9,moderate,44.0
Bacterial Spot,2,0,-1.6,27.3,49.9,59.7,979.9,low,28.0
Early Blight,1,0,-0.6,35.7,49.6,86.5,220.3,low,28.0
Late Blight,1,0,-0.6,35.7,49.6,86.5,220.3,low,28.0
Fusarium Wilt,0,0,0.0,35.7,49.6,86.5,220.3,moderate,46.0
Bacterial Spot,1,0,-0.6,35.7,49.6,86.5,220.3,low,28.0
Early Blight,1,0,-0.6,37.3,66.8,20.6,481.4,low,28.0
Late Blight,1,0,-0.6,37.3,66.8,20.6,481.4,low,28.0
Fusarium Wilt,1,0,-1.0,37.3,66.8,20.6,481.4,low,28.0
Bacterial Spot,1,0,-1.0,37.3,66.8,20.6,481.4,low,16.0
Early Blight,1,0,-0.6,29.8,58.0,37.4,810.7,moderate,40.0
Late Blight,0,0,0.0,29.8,58.0,37.4,810.7,low,34.0
Fusarium Wilt,1,0,-1.0,29.8,58.0,37.4,810.7,moderate,44.0
Bacterial Spot,2,0,-1.6,29.8,58.0,37.4,810.7,low,28.0
Early Blight,0,0,0.0,33.2,41.7,30.8,632.7,low,34.0
Late Blight,1,0,-0.6,33.2,41.7,30.8,632.7,low,28.0
Fusarium Wilt,2,0,-2.0,33.2,41.7,30.8,632.7,moderate,44.0
Bacterial Spot,1,0,-1.0,33.2,41.7,30.8,632.7,low,16.0
Early Blight,0,0,0.0,31.4,49.4,87.9,1023.3,low,34.0
Late Blight,1,0,-0.6,31.4,49.4,87.9,1023.3,low,28.0
Fusarium Wilt,2,0,-2.0,31.4,49.4,87.9,1023.3,moderate,44.0
Bacterial Spot,2,0,-1.6,31.4,49.4,87.9,1023.3,low,16.0
Early Blight,1,0,-0.6,21.0,42.5,55.0,138.2,moderate,40.0
Late Blight,2,0,-1.6,21.0,42.5,55.0,138.2,low,28.0
Fusarium Wilt,1,0,-1.0,21.0,42.5,55.0,138.2,low,28.0
Bacterial Spot,1,0,-1.0,21.0,42.5,55.0,138.2,low,16.0
Early Blight,1,0,-0.6,24.3,64.0,21.6,603.8,moderate,40.0
Late Blight,1,0,-1.0,24.3,64.0,21.6,603.8,low,16.0
Fusarium Wilt,1,0,-1.0,24.3,64.0,21.6,603.8,low,28.0
Bacterial Spot,1,0,-0.6,24.3,64.0,21.6,603.8,moderate,40.0
Early Blight,1,0,-0.6,21.7,94.2,88.5,731.1,moderate,56.0
Late Blight,0,0,0.0,21.7,94.2,88.5,731.1,moderate,62.0
Fusarium Wilt,1,0,-1.0,21.7,94.2,88.5,731.1,low,28.0
Bacterial Spot,0,0,0.0,21.7,94.2,88.5,731.1,moderate,46.0
Early Blight,0,0,0.0,18.2,67.5,34.6,541.8,low,34.0
Late Blight,2,0,-1.6,18.2,67.5,34.6,541.8,low,28.0
Fusarium Wilt,1,0,-1.0,18.2,67.5,34.6,541.8,low,28.0
Bacterial Spot,1,0,-0.6,18.2,67.5,34.6,541.8,low,28.0
Early Blight,1,0,-0.6,36.5,48.9,11.8,692.3,low,28.0
Late Blight,1,0,-0.6,36.5,48.9,11.8,692.3,low,28.0
Fusarium Wilt,1,0,-1.0,36.5,48.9,11.8,692.3,low,28.0
Bacterial Spot,1,0,-1.0,36.5,48.9,11.8,692.3,low,16.0
Early Blight,0,0,0.0,36.7,91.8,38.9,262.7,moderate,46.0
Late Blight,2,0,-1.6,36.7,91.8,38.9,262.7,low,28.0
Fusarium Wilt,2,0,-2.0,36.7,91.8,38.9,262.7,low,28.0
Bacterial Spot,0,0,0.0,36.7,91.8,38.9,262.7,moderate,46.0
Early Blight,0,0,0.0,17.0,79.5,45.5,1191.9,moderate,46.0
Late Blight,1,0,-1.0,17.0,79.5,45.5,1191.9,moderate,44.0
Fusarium Wilt,1,0,-1.0,17.0,79.5,45.5,1191.9,low,28.0
Bacterial Spot,1,0,-0.6,17.0,79.5,45.5,1191.9,low,28.0
Early Blight,0,0,0.0,28.5,35.9,26.6,622.1,moderate,46.0
Late Blight,1,0,-0.6,28.5,35.9,26.6,622.1,low,28.0
Fusarium Wilt,0,0,0.0,28.5,35.9,26.6,622.1,moderate,46.0
Bacterial Spot,2,0,-1.6,28.5,35.9,26.6,622.1,low,28.0
Early Blight,0,0,0.0,36.0,58.2,54.5,881.3,low,34.0
Late Blight,2,0,-1.6,36.0,58.2,54.5,881.3,low,16.0
Fusarium Wilt,1,0,-1.0,36.0,58.2,54.5,881.3,low,28.0
Bacterial Spot,1,0,-1.0,36.0,58.2,54.5,881.3,low,16.0
Early Blight,1,0,-0.6,34.2,50.7,54.7,609.8,low,28.0
Late Blight,2,0,-1.6,34.2,50.7,54.7,609.8,low,16.0
Fusarium Wilt,0,0,0.0,34.2,50.7,54.7,609.8,moderate,62.0
Bacterial Spot,1,0,-1.0,34.2,50.7,54.7,609.8,low,16.0
Early Blight,1,0,-0.6,35.5,58.4,49.4,856.6,low,28.0
Late Blight,2,0,-1.6,35.5,58.4,49.4,856.6,low,16.0
Fusarium Wilt,1,0,-1.0,35.5,58.4,49.4,856.6,low,28.0
Bacterial Spot,0,0,0.0,35.5,58.4,49.4,856.6,low,34.0
Early Blight,0,0,0.0,28.0,89.0,60.2,623.6,moderate,62.0
Late Blight,1,0,-1.0,28.0,89.0,60.2,623.6,low,28.0
Fusarium Wilt,0,0,0.0,28.0,89.0,60.2,623.6,moderate,62.0
Bacterial Spot,2,0,-1.6,28.0,89.0,60.2,623.6,moderate,44.0
Early Blight,1,0,-0.6,22.4,89.7,20.8,279.6,moderate,56.0
Late Blight,1,0,-1.0,22.4,89.7,20.8,279.6,moderate,44.0
Fusarium Wilt,2,0,-2.0,22.4,89.7,20.8,279.6,low,28.0
Bacterial Spot,0,0,0.0,22.4,89.7,20.8,279.6,moderate,46.0
Early Blight,0,0,0.0,26.8,82.1,24.7,204.0,moderate,62.0
Late Blight,0,0,0.0,26.8,82.1,24.7,204.0,moderate,46.0
Fusarium Wilt,0,0,0.0,26.8,82.1,24.7,204.0,moderate,62.0
Bacterial Spot,1,0,-1.0,26.8,82.1,24.7,204.0,low,28.0
Early Blight,1,0,-0.6,30.8,36.5,56.4,1005.6,low,28.0
Late Blight,1,0,-0.6,30.8,36.5,56.4,1005.6,low,28.0
Fusarium Wilt,2,0,-2.0,30.8,36.5,56.4,1005.6,low,28.0
Bacterial Spot,1,0,-0.6,30.8,36.5,56.4,1005.6,low,28.0
Early Blight,0,0,0.0,18.6,45.0,25.1,1086.8,low,34.0
Late Blight,0,0,0.0,18.6,45.0,25.1,1086.8,moderate,46.0
Fusarium Wilt,0,0,0.0,18.6,45.0,25.1,1086.8,moderate,46.0
Bacterial Spot,1,0,-0.6,18.6,45.0,25.1,1086.8,low,28.0
Early Blight,1,0,-0.6,25.6,35.2,75.5,1115.8,moderate,40.0
Late Blight,2,0,-1.6,25.6,35.2,75.5,1115.8,low,16.0
Fusarium Wilt,0,0,0.0,25.6,35.2,75.5,1115.8,moderate,46.0
Bacterial Spot,0,0,0.0,25.6,35.2,75.5,1115.8,moderate,46.0
Early Blight,1,0,-0.6,22.9,78.3,12.3,996.0,moderate,56.0
Late Blight,1,0,-0.6,22.9,78.3,12.3,996.0,moderate,56.0
Fusarium Wilt,2,0,-2.0,22.9,78.3,12.3,996.0,low,28.0
Bacterial Spot,2,0,-1.6,22.9,78.3,12.3,996.0,low,16.0
Early Blight,0,0,0.0,30.9,83.3,16.2,952.2,moderate,46.0
Late Blight,2,0,-1.6,30.9,83.3,16.2,952.2,low,28.0
Fusarium Wilt,0,0,0.0,30.9,83.3,16.2,952.2,moderate,62.0
Bacterial Spot,2,0,-1.6,30.9,83.3,16.2,952.2,low,16.0
Early Blight,0,0,0.0,20.8,34.5,63.4,930.0,moderate,46.0
Late Blight,1,0,-0.6,20.8,34.5,63.4,930.0,moderate,40.0
Fusarium Wilt,1,0,-1.0,20.8,34.5,63.4,930.0,low,16.0
Bacterial Spot,2,0,-1.6,20.8,34.5,63.4,930.0,low,16.0
Early Blight,1,0,-0.6,34.5,94.0,85.9,482.6,moderate,40.0
Late Blight,0,0,0.0,34.5,94.0,85.9,482.6,moderate,46.0
Fusarium Wilt,1,0,-1.0,34.5,94.0,85.9,482.6,moderate,44.0
Bacterial Spot,1,0,-1.0,34.5,94.0,85.9,482.6,low,28.0
Early Blight,0,0,0.0,15.3,44.8,25.3,410.0,low,34.0
Late Blight,0,0,0.0,15.3,44.8,25.3,410.0,moderate,46.0
Fusarium Wilt,2,0,-2.0,15.3,44.8,25.3,410.0,low,28.0
Bacterial Spot,0,0,0.0,15.3,44.8,25.3,410.0,low,34.0
Early Blight,1,0,-0.6,23.4,70.1,45.2,1153.5,moderate,56.0
Late Blight,2,0,-1.6,23.4,70.1,45.2,1153.5,low,28.0
Fusarium Wilt,2,0,-2.0,23.4,70.1,45.2,1153.5,low,28.0
Bacterial Spot,1,0,-1.0,23.4,70.1,45.2,1153.5,low,16.0
Early Blight,0,0,0.0,17.8,37.5,20.9,938.5,low,34.0
Late Blight,1,0,-0.6,17.8,37.5,20.9,938.5,moderate,40.0
Fusarium Wilt,2,0,-2.0,17.8,37.5,20.9,938.5,low,16.0
Bacterial Spot,1,0,-1.0,17.8,37.5,20.9,938.5,low,16.0
Early Blight,1,0,-0.6,22.2,96.4,45.5,709.3,moderate,56.0
Late Blight,1,0,-0.6,22.2,96.4,45.5,709.3,moderate,56.0
Fusarium Wilt,1,0,-1.0,22.2,96.4,45.5,709.3,low,28.0
Bacterial Spot,1,0,-1.0,22.2,96.4,45.5,709.3,low,28.0
Early Blight,1,0,-0.6,19.1,97.9,49.3,215.7,moderate,40.0
Late Blight,1,0,-0.6,19.1,97.9,49.3,215.7,moderate,56.0
Fusarium Wilt,2,0,-2.0,19.1,97.9,49.3,215.7,low,28.0
Bacterial Spot,1,0,-0.6,19.1,97.9,49.3,215.7,moderate,40.0
Early Blight,1,0,-0.6,36.3,96.5,15.2,1172.7,moderate,40.0
Late Blight,0,0,0.0,36.3,96.5,15.2,1172.7,moderate,46.0
Fusarium Wilt,1,0,-1.0,36.3,96.5,15.2,1172.7,low,28.0
Bacterial Spot,1,0,-0.6,36.3,96.5,15.2,1172.7,moderate,40.0
Early Blight,0,0,0.0,31.4,69.6,31.8,968.4,low,34.0
Late Blight,2,0,-1.6,31.4,69.6,31.8,968.4,low,16.0
Fusarium Wilt,1,0,-1.0,31.4,69.6,31.8,968.4,moderate,44.0
Bacterial Spot,2,0,-1.6,31.4,69.6,31.8,968.4,low,16.0
Early Blight,0,0,0.0,32.7,37.3,30.1,647.0,low,34.0
Late Blight,2,0,-1.6,32.7,37.3,30.1,647.0,low,16.0
Fusarium Wilt,2,0,-2.0,32.7,37.3,30.1,647.0,low,28.0
Bacterial Spot,0,0,0.0,32.7,37.3,30.1,647.0,low,34.0
Early Blight,1,0,-0.6,23.8,76.2,22.2,784.2,moderate,56.0
Late Blight,1,0,-1.0,23.8,76.2,22.2,784.2,moderate,44.0
Fusarium Wilt,0,0,0.0,23.8,76.2,22.2,784.2,moderate,46.0
Bacterial Spot,1,0,-1.0,23.8,76.2,22.2,784.2,low,16.0
Early Blight,0,0,0.0,26.3,47.8,37.5,1045.6,moderate,46.0
Late Blight,1,0,-0.6,26.3,47.8,37.5,1045.6,low,28.0
Fusarium Wilt,1,0,-1.0,26.3,47.8,37.5,1045.6,moderate,44.0
Bacterial Spot,2,0,-1.6,26.3,47.8,37.5,1045.6,low,28.0
Early Blight,0,0,0.0,23.7,61.3,12.6,712.3,moderate,46.0
Late Blight,1,0,-1.0,23.7,61.3,12.6,712.3,low,28.0
Fusarium Wilt,2,0,-2.0,23.7,61.3,12.6,712.3,low,28.0
Bacterial Spot,1,0,-0.6,23.7,61.3,12.6,712.3,low,28.0
Early Blight,0,0,0.0,17.5,75.9,62.8,853.9,moderate,46.0
Late Blight,1,0,-1.0,17.5,75.9,62.8,853.9,moderate,44.0
Fusarium Wilt,1,0,-1.0,17.5,75.9,62.8,853.9,low,28.0
Bacterial Spot,1,0,-1.0,17.5,75.9,62.8,853.9,low,16.0
Early Blight,1,0,-0.6,29.2,54.0,88.2,452.5,moderate,40.0
Late Blight,1,0,-1.0,29.2,54.0,88.2,452.5,low,16.0
Fusarium Wilt,1,0,-1.0,29.2,54.0,88.2,452.5,moderate,44.0
Bacterial Spot,1,0,-1.0,29.2,54.0,88.2,452.5,low,28.0
Early Blight,1,0,-0.6,22.8,36.6,37.6,493.1,moderate,40.0
Late Blight,1,0,-0.6,22.8,36.6,37.6,493.1,moderate,40.0
Fusarium Wilt,0,0,0.0,22.8,36.6,37.6,493.1,low,34.0
Bacterial Spot,1,0,-0.6,22.8,36.6,37.6,493.1,low,28.0
Early Blight,1,0,-0.6,22.0,53.0,11.6,458.7,moderate,40.0
Late Blight,0,0,0.0,22.0,53.0,11.6,458.7,moderate,46.0
Fusarium Wilt,1,0,-1.0,22.0,53.0,11.6,458.7,low,28.0
Bacterial Spot,0,0,0.0,22.0,53.0,11.6,458.7,low,34.0
Early Blight,0,0,0.0,37.7,55.7,41.2,729.8,low,34.0
Late Blight,1,0,-1.0,37.7,55.7,41.2,729.8,low,16.0
Fusarium Wilt,1,0,-1.0,37.7,55.7,41.2,729.8,low,28.0
Bacterial Spot,1,0,-0.6,37.7,55.7,41.2,729.8,low,28.0
Early Blight,0,0,0.0,29.1,54.7,44.9,646.6,moderate,46.0
Late Blight,0,0,0.0,29.1,54.7,44.9,646.6,low,34.0
Fusarium Wilt,1,0,-1.0,29.1,54.7,44.9,646.6,moderate,44.0
Bacterial Spot,1,0,-1.0,29.1,54.7,44.9,646.6,low,28.0
Early Blight,0,0,0.0,24.2,45.4,69.4,201.2,moderate,46.0
Late Blight,2,0,-1.6,24.2,45.4,69.4,201.2,low,16.0
Fusarium Wilt,1,0,-1.0,24.2,45.4,69.4,201.2,low,28.0
Bacterial Spot,2,0,-1.6,24.2,45.4,69.4,201.2,low,28.0
Early Blight,1,0,-0.6,33.3,74.3,34.1,984.5,moderate,40.0
Late Blight,1,0,-0.6,33.3,74.3,34.1,984.5,low,28.0
Fusarium Wilt,1,0,-1.0,33.3,74.3,34.1,984.5,moderate,44.0
Bacterial Spot,1,0,-1.0,33.3,74.3,34.1,984.5,low,16.0
Early Blight,0,0,0.0,19.2,31.3,66.3,1049.0,low,34.0
Late Blight,1,0,-1.0,19.2,31.3,66.3,1049.0,low,28.0
Fusarium Wilt,1,0,-1.0,19.2,31.3,66.3,1049.0,low,16.0
Bacterial Spot,0,0,0.0,19.2,31.3,66.3,1049.0,low,34.0
Early Blight,0,0,0.0,29.1,82.3,44.7,722.7,moderate,62.0
Late Blight,1,0,-0.6,29.1,82.3,44.7,722.7,moderate,40.0
Fusarium Wilt,2,0,-2.0,29.1,82.3,44.7,722.7,moderate,44.0
Bacterial Spot,1,0,-0.6,29.1,82.3,44.7,722.7,moderate,40.0
Early Blight,1,0,-0.6,25.0,51.7,76.4,170.9,moderate,40.0
Late Blight,1,0,-1.0,25.0,51.7,76.4,170.9,low,16.0
Fusarium Wilt,1,0,-1.0,25.0,51.7,76.4,170.9,moderate,44.0
Bacterial Spot,1,0,-0.6,25.0,51.7,76.4,170.9,moderate,40.0
Early Blight,1,0,-0.6,17.6,43.1,29.6,1010.0,low,28.0
Late Blight,1,0,-0.6,17.6,43.1,29.6,1010.0,moderate,40.0
Fusarium Wilt,1,0,-1.0,17.6,43.1,29.6,1010.0,low,28.0
Bacterial Spot,2,0,-1.6,17.6,43.1,29.6,1010.0,low,16.0
Early Blight,0,0,0.0,20.9,84.6,62.7,293.6,moderate,62.0
Late Blight,1,0,-0.6,20.9,84.6,62.7,293.6,moderate,56.0
Fusarium Wilt,1,0,-1.0,20.9,84.6,62.7,293.6,low,28.0
Bacterial Spot,1,0,-1.0,20.9,84.6,62.7,293.6,low,16.0
Early Blight,0,0,0.0,34.9,91.2,42.6,499.8,moderate,46.0
Late Blight,1,0,-1.0,34.9,91.2,42.6,499.8,low,28.0
Fusarium Wilt,1,0,-1.0,34.9,91.2,42.6,499.8,moderate,44.0
Bacterial Spot,1,0,-1.0,34.9,91.2,42.6,499.8,low,28.0
Early Blight,0,0,0.0,36.5,65.5,76.3,1144.6,low,34.0
Late Blight,1,0,-1.0,36.5,65.5,76.3,1144.6,low,16.0
Fusarium Wilt,2,0,-2.0,36.5,65.5,76.3,1144.6,low,28.0
Bacterial Spot,1,0,-0.6,36.5,65.5,76.3,1144.6,low,28.0
Early Blight,1,0,-0.6,28.4,56.5,69.9,359.5,moderate,40.0
Late Blight,2,0,-1.6,28.4,56.5,69.9,359.5,low,16.0
Fusarium Wilt,1,0,-1.0,28.4,56.5,69.9,359.5,moderate,44.0
Bacterial Spot,1,0,-1.0,28.4,56.5,69.9,359.5,low,28.0
Early Blight,1,0,-0.6,26.3,55.5,85.9,448.1,moderate,40.0
Late Blight,0,0,0.0,26.3,55.5,85.9,448.1,low,34.0
Fusarium Wilt,0,0,0.0,26.3,55.5,85.9,448.1,moderate,62.0
Bacterial Spot,1,0,-1.0,26.3,55.5,85.9,448.1,low,28.0
Early Blight,0,0,0.0,33.9,31.4,87.3,766.4,low,34.0
Late Blight,0,0,0.0,33.9,31.4,87.3,766.4,low,34.0
Fusarium Wilt,0,0,0.0,33.9,31.4,87.3,766.4,moderate,46.0
Bacterial Spot,1,0,-1.0,33.9,31.4,87.3,766.4,low,16.0
Early Blight,1,0,-0.6,22.1,95.2,39.0,993.5,moderate,56.0
Late Blight,0,0,0.0,22.1,95.2,39.0,993.5,moderate,62.0
Fusarium Wilt,1,0,-1.0,22.1,95.2,39.0,993.5,low,28.0
Bacterial Spot,1,0,-1.0,22.1,95.2,39.0,993.5,low,28.0
Early Blight,1,0,-0.6,20.9,36.1,75.8,359.0,moderate,40.0
Late Blight,0,0,0.0,20.9,36.1,75.8,359.0,moderate,46.0
Fusarium Wilt,0,0,0.0,20.9,36.1,75.8,359.0,low,34.0
Bacterial Spot,1,0,-0.6,20.9,36.1,75.8,359.0,low,28.0
Early Blight,1,0,-0.6,15.8,88.9,75.9,1134.5,moderate,40.0
Late Blight,1,0,-1.0,15.8,88.9,75.9,1134.5,moderate,44.0
Fusarium Wilt,0,0,0.0,15.8,88.9,75.9,1134.5,moderate,46.0
Bacterial Spot,0,0,0.0,15.8,88.9,75.9,1134.5,moderate,46.0
Early Blight,0,0,0.0,31.1,64.4,38.1,762.3,low,34.0
Late Blight,1,0,-0.6,31.1,64.4,38.1,762.3,low,28.0
Fusarium Wilt,2,0,-2.0,31.1,64.4,38.1,762.3,moderate,44.0
Bacterial Spot,0,0,0.0,31.1,64.4,38.1,762.3,low,34.0
Early Blight,1,0,-0.6,33.2,39.3,42.1,791.1,low,28.0
Late Blight,2,0,-1.6,33.2,39.3,42.1,791.1,low,16.0
Fusarium Wilt,0,0,0.0,33.2,39.3,42.1,791.1,moderate,46.0
Bacterial Spot,0,0,0.0,33.2,39.3,42.1,791.1,low,34.0
Early Blight,1,0,-0.6,34.5,76.6,73.4,451.3,moderate,40.0
Late Blight,1,0,-0.6,34.5,76.6,73.4,451.3,moderate,40.0
Fusarium Wilt,0,0,0.0,34.5,76.6,73.4,451.3,moderate,62.0
Bacterial Spot,1,0,-0.6,34.5,76.6,73.4,451.3,low,28.0
Early Blight,0,0,0.0,24.5,42.4,80.1,1139.2,moderate,46.0
Late Blight,1,0,-1.0,24.5,42.4,80.1,1139.2,low,16.0
Fusarium Wilt,0,0,0.0,24.5,42.4,80.1,1139.2,moderate,46.0
Bacterial Spot,0,0,0.0,24.5,42.4,80.1,1139.2,moderate,46.0
Early Blight,1,0,-0.6,37.4,43.5,66.1,285.6,low,28.0
Late Blight,2,0,-1.6,37.4,43.5,66.1,285.6,low,16.0
Fusarium Wilt,2,0,-2.0,37.4,43.5,66.1,285.6,low,28.0
Bacterial Spot,1,0,-0.6,37.4,43.5,66.1,285.6,low,28.0
Early Blight,0,0,0.0,31.5,59.6,83.6,599.1,low,34.0
Late Blight,1,0,-1.0,31.5,59.6,83.6,599.1,low,16.0
Fusarium Wilt,1,0,-1.0,31.5,59.6,83.6,599.1,moderate,44.0
Bacterial Spot,1,0,-0.6,31.5,59.6,83.6,599.1,low,28.0
Early Blight,0,0,0.0,26.4,38.9,78.5,760.1,moderate,46.0
Late Blight,1,0,-1.0,26.4,38.9,78.5,760.1,low,16.0
Fusarium Wilt,2,0,-2.0,26.4,38.9,78.5,760.1,low,28.0
Bacterial Spot,2,0,-1.6,26.4,38.9,78.5,760.1,low,28.0
Early Blight,0,0,0.0,21.0,72.0,82.6,506.6,moderate,62.0
Late Blight,2,0,-1.6,21.0,72.0,82.6,506.6,low,28.0
Fusarium Wilt,2,0,-2.0,21.0,72.0,82.6,506.6,low,28.0
Bacterial Spot,0,0,0.0,21.0,72.0,82.6,506.6,low,34.0
Early Blight,1,0,-0.6,31.4,78.2,68.9,381.8,moderate,40.0
Late Blight,2,0,-1.6,31.4,78.2,68.9,381.8,low,28.0
Fusarium Wilt,1,0,-1.0,31.4,78.2,68.9,381.8,moderate,44.0
Bacterial Spot,0,0,0.0,31.4,78.2,68.9,381.8,low,34.0
Early Blight,1,0,-0.6,37.2,70.7,69.9,150.1,moderate,40.0
Late Blight,1,0,-0.6,37.2,70.7,69.9,150.1,low,28.0
Fusarium Wilt,2,0,-2.0,37.2,70.7,69.9,150.1,low,28.0
Bacterial Spot,0,0,0.0,37.2,70.7,69.9,150.1,low,34.0
Early Blight,0,0,0.0,28.4,47.7,50.3,1123.4,moderate,46.0
Late Blight,2,0,-1.6,28.4,47.7,50.3,1123.4,low,16.0
Fusarium Wilt,1,0,-1.0,28.4,47.7,50.3,1123.4,moderate,44.0
Bacterial Spot,2,0,-1.6,28.4,47.7,50.3,1123.4,low,28.0
Early Blight,0,0,0.0,17.9,89.3,76.8,922.6,moderate,46.0
Late Blight,1,0,-1.0,17.9,89.3,76.8,922.6,moderate,44.0
Fusarium Wilt,0,0,0.0,17.9,89.3,76.8,922.6,moderate,46.0
Bacterial Spot,2,0,-1.6,17.9,89.3,76.8,922.6,low,28.0
Early Blight,1,0,-0.6,35.5,51.5,89.6,940.0,low,28.0
Late Blight,0,0,0.0,35.5,51.5,89.6,940.0,low,34.0
Fusarium Wilt,1,0,-1.0,35.5,51.5,89.6,940.0,low,28.0
Bacterial Spot,2,0,-1.6,35.5,51.5,89.6,940.0,low,16.0
Early Blight,0,0,0.0,15.8,47.7,66.5,580.1,low,34.0
Late Blight,1,0,-0.6,15.8,47.7,66.5,580.1,moderate,40.0
Fusarium Wilt,1,0,-1.0,15.8,47.7,66.5,580.1,low,28.0
Bacterial Spot,2,0,-1.6,15.8,47.7,66.5,580.1,low,16.0
Early Blight,0,0,0.0,34.5,88.9,19.9,202.9,moderate,46.0
Late Blight,2,0,-1.6,34.5,88.9,19.9,202.9,low,28.0
Fusarium Wilt,1,0,-1.0,34.5,88.9,19.9,202.9,moderate,44.0
Bacterial Spot,0,0,0.0,34.5,88.9,19.9,202.9,moderate,46.0
Early Blight,1,0,-0.6,28.4,96.1,52.1,727.9,moderate,56.0
Late Blight,1,0,-1.0,28.4,96.1,52.1,727.9,low,28.0
Fusarium Wilt,0,0,0.0,28.4,96.1,52.1,727.9,moderate,62.0
Bacterial Spot,1,0,-1.0,28.4,96.1,52.1,727.9,moderate,44.0
Early Blight,0,0,0.0,30.7,56.8,57.2,1146.3,low,34.0
Late Blight,2,0,-1.6,30.7,56.8,57.2,1146.3,low,16.0
Fusarium Wilt,0,0,0.0,30.7,56.8,57.2,1146.3,moderate,62.0
Bacterial Spot,1,0,-1.0,30.7,56.8,57.2,1146.3,low,16.0
Early Blight,0,0,0.0,28.7,30.4,87.6,821.8,moderate,46.0
Late Blight,1,0,-1.0,28.7,30.4,87.6,821.8,low,16.0
Fusarium Wilt,0,0,0.0,28.7,30.4,87.6,821.8,moderate,46.0
Bacterial Spot,1,0,-0.6,28.7,30.4,87.6,821.8,moderate,40.0
Early Blight,1,0,-0.6,16.1,73.8,35.9,161.1,moderate,40.0
Late Blight,1,0,-0.6,16.1,73.8,35.9,161.1,moderate,40.0
Fusarium Wilt,2,0,-2.0,16.1,73.8,35.9,161.1,low,28.0
Bacterial Spot,0,0,0.0,16.1,73.8,35.9,161.1,low,34.0
Early Blight,1,0,-0.6,17.1,88.0,23.0,957.4,moderate,40.0
Late Blight,0,0,0.0,17.1,88.0,23.0,957.4,moderate,62.0
Fusarium Wilt,2,0,-2.0,17.1,88.0,23.0,957.4,low,28.0
Bacterial Spot,1,0,-1.0,17.1,88.0,23.0,957.4,low,28.0
Early Blight,0,0,0.0,22.1,76.6,20.5,832.1,moderate,62.0
Late Blight,1,0,-0.6,22.1,76.6,20.5,832.1,moderate,56.0
Fusarium Wilt,1,0,-1.0,22.1,76.6,20.5,832.1,low,28.0
Bacterial Spot,1,0,-0.6,22.1,76.6,20.5,832.1,low,28.0
Early Blight,1,0,-0.6,32.4,85.1,59.1,577.5,moderate,40.0
Late Blight,2,0,-1.6,32.4,85.1,59.1,577.5,low,28.0
Fusarium Wilt,2,0,-2.0,32.4,85.1,59.1,577.5,moderate,44.0
Bacterial Spot,1,0,-0.6,32.4,85.1,59.1,577.5,moderate,40.0
Early Blight,1,0,-0.6,26.4,72.8,52.0,419.8,moderate,56.0
Late Blight,1,0,-0.6,26.4,72.8,52.0,419.8,low,28.0
Fusarium Wilt,2,0,-2.0,26.4,72.8,52.0,419.8,moderate,44.0
Bacterial Spot,0,0,0.0,26.4,72.8,52.0,419.8,moderate,46.0
Early Blight,1,0,-0.6,27.0,50.1,13.8,184.2,moderate,40.0
Late Blight,2,0,-1.6,27.0,50.1,13.8,184.2,low,16.0
Fusarium Wilt,1,0,-1.0,27.0,50.1,13.8,184.2,moderate,44.0
Bacterial Spot,1,0,-0.6,27.0,50.1,13.8,184.2,moderate,40.0
Early Blight,0,0,0.0,20.9,35.6,50.3,225.3,moderate,46.0
Late Blight,2,0,-1.6,20.9,35.6,50.3,225.3,low,28.0
Fusarium Wilt,2,0,-2.0,20.9,35.6,50.3,225.3,low,16.0
Bacterial Spot,1,0,-0.6,20.9,35.6,50.3,225.3,low,28.0
Early Blight,1,0,-0.6,28.5,60.9,63.6,786.2,moderate,40.0
Late Blight,0,0,0.0,28.5,60.9,63.6,786.2,low,34.0
Fusarium Wilt,2,0,-2.0,28.5,60.9,63.6,786.2,moderate,44.0
Bacterial Spot,0,0,0.0,28.5,60.9,63.6,786.2,moderate,46.0
Early Blight,1,0,-0.6,35.0,37.2,52.8,106.4,low,28.0
Late Blight,2,0,-1.6,35.0,37.2,52.8,106.4,low,16.0
Fusarium Wilt,0,0,0.0,35.0,37.2,52.8,106.4,moderate,46.0
Bacterial Spot,0,0,0.0,35.0,37.2,52.8,106.4,low,34.0
Early Blight,0,0,0.0,26.2,72.1,87.9,496.8,moderate,62.0
Late Blight,1,0,-0.6,26.2,72.1,87.9,496.8,low,28.0
Fusarium Wilt,2,0,-2.0,26.2,72.1,87.9,496.8,moderate,44.0
Bacterial Spot,2,0,-1.6,26.2,72.1,87.9,496.8,low,28.0
Early Blight,0,0,0.0,15.4,96.0,78.7,330.2,moderate,46.0
Late Blight,1,0,-0.6,15.4,96.0,78.7,330.2,moderate,56.0
Fusarium Wilt,0,0,0.0,15.4,96.0,78.7,330.2,moderate,46.0
Bacterial Spot,2,0,-1.6,15.4,96.0,78.7,330.2,low,28.0
Early Blight,1,0,-0.6,25.7,62.2,11.7,282.7,moderate,40.0
Late Blight,0,0,0.0,25.7,62.2,11.7,282.7,low,34.0
Fusarium Wilt,1,0,-1.0,25.7,62.2,11.7,282.7,moderate,44.0
Bacterial Spot,1,0,-0.6,25.7,62.2,11.7,282.7,moderate,40.0
Early Blight,0,0,0.0,28.1,86.7,14.1,108.7,moderate,62.0
Late Blight,0,0,0.0,28.1,86.7,14.1,108.7,moderate,46.0
Fusarium Wilt,0,0,0.0,28.1,86.7,14.1,108.7,moderate,62.0
Bacterial Spot,0,0,0.0,28.1,86.7,14.1,108.7,moderate,62.0
Early Blight,0,0,0.0,21.7,63.1,48.9,750.1,moderate,46.0
Late Blight,0,0,0.0,21.7,63.1,48.9,750.1,moderate,46.0
Fusarium Wilt,1,0,-1.0,21.7,63.1,48.9,750.1,low,28.0
Bacterial Spot,1,0,-0.6,21.7,63.1,48.9,750.1,low,28.0
Early Blight,1,0,-0.6,22.3,34.3,81.4,558.9,moderate,40.0
Late Blight,1,0,-1.0,22.3,34.3,81.4,558.9,low,28.0
Fusarium Wilt,1,0,-1.0,22.3,34.3,81.4,558.9,low,16.0
Bacterial Spot,2,0,-1.6,22.3,34.3,81.4,558.9,low,16.0
Early Blight,0,0,0.0,19.4,53.4,28.6,341.7,low,34.0
Late Blight,1,0,-1.0,19.4,53.4,28.6,341.7,low,28.0
Fusarium Wilt,0,0,0.0,19.4,53.4,28.6,341.7,moderate,46.0
Bacterial Spot,2,0,-1.6,19.4,53.4,28.6,341.7,low,16.0
Early Blight,0,0,0.0,31.4,95.3,76.6,840.4,moderate,46.0
Late Blight,0,0,0.0,31.4,95.3,76.6,840.4,moderate,46.0
Fusarium Wilt,0,0,0.0,31.4,95.3,76.6,840.4,moderate,62.0
Bacterial Spot,1,0,-1.0,31.4,95.3,76.6,840.4,low,28.0
Early Blight,1,0,-0.6,30.3,38.8,26.0,766.3,low,28.0
Late Blight,1,0,-1.0,30.3,38.8,26.0,766.3,low,16.0
Fusarium Wilt,2,0,-2.0,30.3,38.8,26.0,766.3,low,28.0
Bacterial Spot,2,0,-1.6,30.3,38.8,26.0,766.3,low,16.0
Early Blight,0,0,0.0,35.3,54.3,22.7,1010.7,low,34.0
Late Blight,2,0,-1.6,35.3,54.3,22.7,1010.7,low,16.0
Fusarium Wilt,1,0,-1.0,35.3,54.3,22.7,1010.7,low,28.0
Bacterial Spot,2,0,-1.6,35.3,54.3,22.7,1010.7,low,16.0
Early Blight,0,0,0.0,20.9,53.1,38.4,151.3,moderate,46.0
Late Blight,2,0,-1.6,20.9,53.1,38.4,151.3,low,28.0
Fusarium Wilt,0,0,0.0,20.9,53.1,38.4,151.3,moderate,46.0
Bacterial Spot,0,0,0.0,20.9,53.1,38.4,151.3,low,34.0
Early Blight,1,0,-0.6,36.3,59.8,46.6,1025.8,low,28.0
Late Blight,1,0,-1.0,36.3,59.8,46.6,1025.8,low,16.0
Fusarium Wilt,0,0,0.0,36.3,59.8,46.6,1025.8,moderate,46.0
Bacterial Spot,1,0,-0.6,36.3,59.8,46.6,1025.8,low,28.0
Early Blight,1,0,-0.6,17.4,72.8,79.7,1102.1,moderate,40.0
Late Blight,2,0,-1.6,17.4,72.8,79.7,1102.1,low,28.0
Fusarium Wilt,0,0,0.0,17.4,72.8,79.7,1102.1,moderate,46.0
Bacterial Spot,1,0,-1.0,17.4,72.8,79.7,1102.1,low,16.0
Early Blight,1,0,-0.6,22.7,39.4,77.9,583.0,moderate,40.0
Late Blight,1,0,-0.6,22.7,39.4,77.9,583.0,moderate,40.0
Fusarium Wilt,1,0,-1.0,22.7,39.4,77.9,583.0,low,16.0
Bacterial Spot,1,0,-0.6,22.7,39.4,77.9,583.0,low,28.0
Early Blight,1,0,-0.6,23.6,81.3,38.9,831.5,moderate,56.0
Late Blight,1,0,-0.6,23.6,81.3,38.9,831.5,moderate,56.0
Fusarium Wilt,1,0,-1.0,23.6,81.3,38.9,831.5,low,28.0
Bacterial Spot,2,0,-1.6,23.6,81.3,38.9,831.5,low,16.0
Early Blight,1,0,-0.6,25.6,88.0,73.6,498.0,moderate,56.0
Late Blight,2,0,-1.6,25.6,88.0,73.6,498.0,low,28.0
Fusarium Wilt,0,0,0.0,25.6,88.0,73.6,498.0,moderate,62.0
Bacterial Spot,2,0,-1.6,25.6,88.0,73.6,498.0,moderate,44.0
Early Blight,0,0,0.0,37.6,41.2,14.9,935.1,low,34.0
Late Blight,0,0,0.0,37.6,41.2,14.9,935.1,low,34.0
Fusarium Wilt,1,0,-1.0,37.6,41.2,14.9,935.1,low,28.0
Bacterial Spot,0,0,0.0,37.6,41.2,14.9,935.1,low,34.0
Early Blight,0,0,0.0,27.0,50.1,42.2,849.0,moderate,46.0
Late Blight,1,0,-1.0,27.0,50.1,42.2,849.0,low,16.0
Fusarium Wilt,1,0,-1.0,27.0,50.1,42.2,849.0,moderate,44.0
Bacterial Spot,1,0,-1.0,27.0,50.1,42.2,849.0,low,28.0
Early Blight,0,0,0.0,36.2,77.6,45.7,325.6,moderate,46.0
Late Blight,0,0,0.0,36.2,77.6,45.7,325.6,moderate,46.0
Fusarium Wilt,0,0,0.0,36.2,77.6,45.7,325.6,moderate,46.0
Bacterial Spot,1,0,-0.6,36.2,77.6,45.7,325.6,low,28.0
Early Blight,0,0,0.0,19.5,50.5,13.0,467.9,low,34.0
Late Blight,1,0,-0.6,19.5,50.5,13.0,467.9,moderate,40.0
Fusarium Wilt,1,0,-1.0,19.5,50.5,13.0,467.9,low,28.0
Bacterial Spot,1,0,-1.0,19.5,50.5,13.0,467.9,low,16.0
Early Blight,0,0,0.0,27.0,81.5,22.8,130.7,moderate,62.0
Late Blight,1,0,-0.6,27.0,81.5,22.8,130.7,moderate,40.0
Fusarium Wilt,0,0,0.0,27.0,81.5,22.8,130.7,moderate,62.0
Bacterial Spot,1,0,-0.6,27.0,81.5,22.8,130.7,moderate,40.0
Early Blight,1,0,-0.6,16.4,55.4,60.2,489.9,low,28.0
Late Blight,1,0,-0.6,16.4,55.4,60.2,489.9,moderate,40.0
Fusarium Wilt,1,0,-1.0,16.4,55.4,60.2,489.9,low,28.0
Bacterial Spot,1,0,-1.0,16.4,55.4,60.2,489.9,low,16.0
Early Blight,0,0,0.0,33.5,97.3,55.2,1083.8,moderate,46.0
Late Blight,0,0,0.0,33.5,97.3,55.2,1083.8,moderate,46.0
Fusarium Wilt,2,0,-2.0,33.5,97.3,55.2,1083.8,moderate,44.0
Bacterial Spot,0,0,0.0,33.5,97.3,55.2,1083.8,moderate,46.0
Early Blight,1,0,-0.6,30.5,78.6,51.6,372.4,moderate,40.0
Late Blight,0,0,0.0,30.5,78.6,51.6,372.4,moderate,46.0
Fusarium Wilt,2,0,-2.0,30.5,78.6,51.6,372.4,moderate,44.0
Bacterial Spot,0,0,0.0,30.5,78.6,51.6,372.4,low,34.0
Early Blight,1,0,-0.6,16.9,34.2,81.1,623.9,low,28.0
Late Blight,1,0,-1.0,16.9,34.2,81.1,623.9,low,28.0
Fusarium Wilt,0,0,0.0,16.9,34.2,81.1,623.9,low,34.0
Bacterial Spot,2,0,-1.6,16.9,34.2,81.1,623.9,low,16.0
Early Blight,1,0,-0.6,26.5,58.8,45.2,1124.1,moderate,40.0
Late Blight,0,0,0.0,26.5,58.8,45.2,1124.1,low,34.0
Fusarium Wilt,2,0,-2.0,26.5,58.8,45.2,1124.1,moderate,44.0
Bacterial Spot,1,0,-0.6,26.5,58.8,45.2,1124.1,moderate,40.0
Early Blight,1,0,-0.6,31.2,88.7,19.4,333.9,moderate,40.0
Late Blight,0,0,0.0,31.2,88.7,19.4,333.9,moderate,46.0
Fusarium Wilt,1,0,-1.0,31.2,88.7,19.4,333.9,moderate,44.0
Bacterial Spot,1,0,-0.6,31.2,88.7,19.4,333.9,moderate,40.0
Early Blight,1,0,-0.6,17.8,68.9,13.2,268.6,low,28.0
Late Blight,1,0,-0.6,17.8,68.9,13.2,268.6,moderate,40.0
Fusarium Wilt,1,0,-1.0,17.8,68.9,13.2,268.6,low,28.0
Bacterial Spot,1,0,-1.0,17.8,68.9,13.2,268.6,low,16.0
Early Blight,0,0,0.0,16.1,90.8,81.1,337.1,moderate,46.0
Late Blight,2,0,-1.6,16.1,90.8,81.1,337.1,moderate,44.0
Fusarium Wilt,1,0,-1.0,16.1,90.8,81.1,337.1,low,28.0
Bacterial Spot,1,0,-1.0,16.1,90.8,81.1,337.1,low,28.0
Early Blight,0,0,0.0,28.0,91.2,72.5,622.8,moderate,62.0
Late Blight,0,0,0.0,28.0,91.2,72.5,622.8,moderate,46.0
Fusarium Wilt,1,0,-1.0,28.0,91.2,72.5,622.8,moderate,44.0
Bacterial Spot,2,0,-1.6,28.0,91.2,72.5,622.8,moderate,44.0
Early Blight,1,0,-0.6,34.9,52.1,74.0,831.0,low,28.0
Late Blight,2,0,-1.6,34.9,52.1,74.0,831.0,low,16.0
Fusarium Wilt,0,0,0.0,34.9,52.1,74.0,831.0,moderate,62.0
Bacterial Spot,0,0,0.0,34.9,52.1,74.0,831.0,low,34.0
Early Blight,0,0,0.0,29.9,88.9,66.6,729.2,moderate,62.0
Late Blight,0,0,0.0,29.9,88.9,66.6,729.2,moderate,46.0
Fusarium Wilt,1,0,-1.0,29.9,88.9,66.6,729.2,moderate,44.0
Bacterial Spot,1,0,-1.0,29.9,88.9,66.6,729.2,moderate,44.0
Early Blight,1,0,-0.6,28.3,33.6,55.6,308.3,moderate,40.0
Late Blight,1,0,-0.6,28.3,33.6,55.6,308.3,low,28.0
Fusarium Wilt,1,0,-1.0,28.3,33.6,55.6,308.3,low,28.0
Bacterial Spot,1,0,-1.0,28.3,33.6,55.6,308.3,low,28.0
Early Blight,0,0,0.0,20.6,78.0,81.0,588.7,moderate,62.0
Late Blight,1,0,-0.6,20.6,78.0,81.0,588.7,moderate,56.0
Fusarium Wilt,1,0,-1.0,20.6,78.0,81.0,588.7,low,28.0
Bacterial Spot,2,0,-1.6,20.6,78.0,81.0,588.7,low,16.0
Early Blight,1,0,-0.6,24.5,88.5,35.4,382.9,moderate,56.0
Late Blight,2,0,-1.6,24.5,88.5,35.4,382.9,low,28.0
Fusarium Wilt,2,0,-2.0,24.5,88.5,35.4,382.9,low,28.0
Bacterial Spot,2,0,-1.6,24.5,88.5,35.4,382.9,moderate,44.0
Early Blight,1,0,-0.6,24.4,41.5,59.2,457.8,moderate,40.0
Late Blight,2,0,-1.6,24.4,41.5,59.2,457.8,low,16.0
Fusarium Wilt,2,0,-2.0,24.4,41.5,59.2,457.8,low,28.0
Bacterial Spot,2,0,-1.6,24.4,41.5,59.2,457.8,low,28.0
Early Blight,0,0,0.0,34.0,38.2,26.2,927.3,low,34.0
Late Blight,1,0,-1.0,34.0,38.2,26.2,927.3,low,16.0
Fusarium Wilt,2,0,-2.0,34.0,38.2,26.2,927.3,low,28.0
Bacterial Spot,2,0,-1.6,34.0,38.2,26.2,927.3,low,16.0
Early Blight,0,0,0.0,24.4,62.9,42.6,357.1,moderate,46.0
Late Blight,1,0,-1.0,24.4,62.9,42.6,357.1,low,16.0
Fusarium Wilt,1,0,-1.0,24.4,62.9,42.6,357.1,low,28.0
Bacterial Spot,0,0,0.0,24.4,62.9,42.6,357.1,moderate,46.0
Early Blight,1,0,-0.6,22.0,57.7,16.7,799.4,moderate,40.0
Late Blight,1,0,-0.6,22.0,57.7,16.7,799.4,moderate,40.0
Fusarium Wilt,0,0,0.0,22.0,57.7,16.7,799.4,moderate,46.0
Bacterial Spot,1,0,-0.6,22.0,57.7,16.7,799.4,low,28.0
Early Blight,0,0,0.0,36.0,60.7,10.1,611.1,low,34.0
Late Blight,1,0,-1.0,36.0,60.7,10.1,611.1,low,16.0
Fusarium Wilt,1,0,-1.0,36.0,60.7,10.1,611.1,low,28.0
Bacterial Spot,1,0,-1.0,36.0,60.7,10.1,611.1,low,16.0
Early Blight,0,0,0.0,34.3,55.9,38.1,795.4,low,34.0
Late Blight,1,0,-0.6,34.3,55.9,38.1,795.4,low,28.0
Fusarium Wilt,0,0,0.0,34.3,55.9,38.1,795.4,moderate,62.0
Bacterial Spot,2,0,-1.6,34.3,55.9,38.1,795.4,low,16.0
Early Blight,1,0,-0.6,17.8,39.5,54.5,407.4,low,28.0
Late Blight,0,0,0.0,17.8,39.5,54.5,407.4,moderate,46.0
Fusarium Wilt,1,0,-1.0,17.8,39.5,54.5,407.4,low,16.0
Bacterial Spot,2,0,-1.6,17.8,39.5,54.5,407.4,low,16.0
Early Blight,1,0,-0.6,32.3,60.8,29.7,1181.3,low,28.0
Late Blight,1,0,-1.0,32.3,60.8,29.7,1181.3,low,16.0
Fusarium Wilt,1,0,-1.0,32.3,60.8,29.7,1181.3,moderate,44.0
Bacterial Spot,1,0,-0.6,32.3,60.8,29.7,1181.3,low,28.0
Early Blight,0,0,0.0,26.0,91.3,63.8,554.5,moderate,62.0
Late Blight,0,0,0.0,26.0,91.3,63.8,554.5,moderate,46.0
Fusarium Wilt,0,0,0.0,26.0,91.3,63.8,554.5,moderate,62.0
Bacterial Spot,1,0,-0.6,26.0,91.3,63.8,554.5,moderate,56.0
Early Blight,1,0,-0.6,15.7,86.6,63.7,839.5,moderate,40.0
Late Blight,0,0,0.0,15.7,86.6,63.7,839.5,moderate,62.0
Fusarium Wilt,2,0,-2.0,15.7,86.6,63.7,839.5,low,28.0
Bacterial Spot,0,0,0.0,15.7,86.6,63.7,839.5,moderate,46.0
Early Blight,1,0,-0.6,15.2,61.5,84.9,589.0,low,28.0
Late Blight,2,0,-1.6,15.2,61.5,84.9,589.0,low,28.0
Fusarium Wilt,1,0,-1.0,15.2,61.5,84.9,589.0,low,28.0
Bacterial Spot,1,0,-1.0,15.2,61.5,84.9,589.0,low,16.0
Early Blight,1,0,-0.6,22.0,78.8,28.7,643.2,moderate,56.0
Late Blight,1,0,-1.0,22.0,78.8,28.7,643.2,moderate,44.0
Fusarium Wilt,1,0,-1.0,22.0,78.8,28.7,643.2,low,28.0
Bacterial Spot,1,0,-1.0,22.0,78.8,28.7,643.2,low,16.0
Early Blight,0,0,0.0,24.1,89.2,55.5,643.4,moderate,62.0
Late Blight,0,0,0.0,24.1,89.2,55.5,643.4,moderate,46.0
Fusarium Wilt,0,0,0.0,24.1,89.2,55.5,643.4,moderate,46.0
Bacterial Spot,2,0,-1.6,24.1,89.2,55.5,643.4,moderate,44.0
Early Blight,0,0,0.0,16.5,47.7,55.6,350.8,low,34.0
Late Blight,1,0,-0.6,16.5,47.7,55.6,350.8,moderate,40.0
Fusarium Wilt,0,0,0.0,16.5,47.7,55.6,350.8,moderate,46.0
Bacterial Spot,0,0,0.0,16.5,47.7,55.6,350.8,low,34.0
Early Blight,0,0,0.0,20.8,68.1,46.3,1131.7,moderate,46.0
Late Blight,1,0,-0.6,20.8,68.1,46.3,1131.7,moderate,40.0
Fusarium Wilt,1,0,-1.0,20.8,68.1,46.3,1131.7,low,28.0
Bacterial Spot,1,0,-0.6,20.8,68.1,46.3,1131.7,low,28.0
Early Blight,0,0,0.0,30.6,61.7,38.9,934.9,low,34.0
Late Blight,2,0,-1.6,30.6,61.7,38.9,934.9,low,16.0
Fusarium Wilt,2,0,-2.0,30.6,61.7,38.9,934.9,moderate,44.0
Bacterial Spot,2,0,-1.6,30.6,61.7,38.9,934.9,low,16.0
Early Blight,0,0,0.0,16.9,68.9,12.0,911.2,low,34.0
Late Blight,2,0,-1.6,16.9,68.9,12.0,911.2,low,28.0
Fusarium Wilt,2,0,-2.0,16.9,68.9,12.0,911.2,low,28.0
Bacterial Spot,1,0,-1.0,16.9,68.9,12.0,911.2,low,16.0
Early Blight,0,0,0.0,17.2,62.6,74.6,751.8,low,34.0
Late Blight,2,0,-1.6,17.2,62.6,74.6,751.8,low,28.0
Fusarium Wilt,2,0,-2.0,17.2,62.6,74.6,751.8,low,28.0
Bacterial Spot,2,0,-1.6,17.2,62.6,74.6,751.8,low,16.0
Early Blight,0,0,0.0,22.7,84.0,85.5,953.3,moderate,62.0
Late Blight,0,0,0.0,22.7,84.0,85.5,953.3,moderate,62.0
Fusarium Wilt,1,0,-1.0,22.7,84.0,85.5,953.3,low,28.0
Bacterial Spot,2,0,-1.6,22.7,84.0,85.5,953.3,low,16.0
Early Blight,0,0,0.0,22.2,87.6,15.2,240.3,moderate,62.0
Late Blight,2,0,-1.6,22.2,87.6,15.2,240.3,moderate,44.0
Fusarium Wilt,1,0,-1.0,22.2,87.6,15.2,240.3,low,28.0
Bacterial Spot,0,0,0.0,22.2,87.6,15.2,240.3,moderate,46.0
Early Blight,1,0,-0.6,21.8,55.9,17.7,927.2,moderate,40.0
Late Blight,0,0,0.0,21.8,55.9,17.7,927.2,moderate,46.0
Fusarium Wilt,2,0,-2.0,21.8,55.9,17.7,927.2,low,28.0
Bacterial Spot,0,0,0.0,21.8,55.9,17.7,927.2,low,34.0
Early Blight,1,0,-0.6,29.2,53.1,85.0,961.2,moderate,40.0
Late Blight,2,0,-1.6,29.2,53.1,85.0,961.2,low,16.0
Fusarium Wilt,1,0,-1.0,29.2,53.1,85.0,961.2,moderate,44.0
Bacterial Spot,1,0,-1.0,29.2,53.1,85.0,961.2,low,28.0
Early Blight,1,0,-0.6,19.5,69.0,61.0,381.9,low,28.0
Late Blight,1,0,-0.6,19.5,69.0,61.0,381.9,moderate,40.0
Fusarium Wilt,1,0,-1.0,19.5,69.0,61.0,381.9,low,28.0
Bacterial Spot,2,0,-1.6,19.5,69.0,61.0,381.9,low,16.0
Early Blight,0,0,0.0,25.0,95.3,70.3,442.3,moderate,62.0
Late Blight,1,0,-0.6,25.0,95.3,70.3,442.3,moderate,40.0
Fusarium Wilt,2,0,-2.0,25.0,95.3,70.3,442.3,moderate,44.0
Bacterial Spot,2,0,-1.6,25.0,95.3,70.3,442.3,moderate,44.0
Early Blight,0,0,0.0,28.5,76.1,14.6,657.8,moderate,62.0
Late Blight,1,0,-0.6,28.5,76.1,14.6,657.8,moderate,40.0
Fusarium Wilt,2,0,-2.0,28.5,76.1,14.6,657.8,moderate,44.0
Bacterial Spot,0,0,0.0,28.5,76.1,14.6,657.8,moderate,46.0
Early Blight,0,0,0.0,22.9,75.4,65.6,1180.1,moderate,62.0
Late Blight,1,0,-1.0,22.9,75.4,65.6,1180.1,moderate,44.0
Fusarium Wilt,0,0,0.0,22.9,75.4,65.6,1180.1,moderate,46.0
Bacterial Spot,2,0,-1.6,22.9,75.4,65.6,1180.1,low,16.0
Early Blight,1,0,-0.6,25.4,83.7,13.4,341.3,moderate,56.0
Late Blight,2,0,-1.6,25.4,83.7,13.4,341.3,low,28.0
Fusarium Wilt,1,0,-1.0,25.4,83.7,13.4,341.3,moderate,44.0
Bacterial Spot,0,0,0.0,25.4,83.7,13.4,341.3,moderate,46.0
Early Blight,0,0,0.0,22.6,80.3,26.4,302.7,moderate,62.0
Late Blight,2,0,-1.6,22.6,80.3,26.4,302.7,moderate,44.0
Fusarium Wilt,2,0,-2.0,22.6,80.3,26.4,302.7,low,28.0
Bacterial Spot,2,0,-1.6,22.6,80.3,26.4,302.7,low,16.0
Early Blight,1,0,-0.6,28.5,82.1,13.5,132.7,moderate,56.0
Late Blight,1,0,-1.0,28.5,82.1,13.5,132.7,low,28.0
Fusarium Wilt,1,0,-1.0,28.5,82.1,13.5,132.7,moderate,44.0
Bacterial Spot,1,0,-0.6,28.5,82.1,13.5,132.7,moderate,40.0
Early Blight,0,0,0.0,15.5,87.3,82.9,123.1,moderate,46.0
Late Blight,1,0,-1.0,15.5,87.3,82.9,123.1,moderate,44.0
Fusarium Wilt,1,0,-1.0,15.5,87.3,82.9,123.1,low,28.0
Bacterial Spot,2,0,-1.6,15.5,87.3,82.9,123.1,low,28.0
Early Blight,0,0,0.0,33.6,74.9,85.3,1174.8,moderate,46.0
Late Blight,0,0,0.0,33.6,74.9,85.3,1174.8,low,34.0
Fusarium Wilt,2,0,-2.0,33.6,74.9,85.3,1174.8,moderate,44.0
Bacterial Spot,0,0,0.0,33.6,74.9,85.3,1174.8,low,34.0
Early Blight,0,0,0.0,19.4,55.7,39.9,759.5,low,34.0
Late Blight,2,0,-1.6,19.4,55.7,39.9,759.5,low,28.0
Fusarium Wilt,1,0,-1.0,19.4,55.7,39.9,759.5,low,28.0
Bacterial Spot,0,0,0.0,19.4,55.7,39.9,759.5,low,34.0
Early Blight,0,0,0.0,22.5,33.6,73.6,1060.1,moderate,46.0
Late Blight,0,0,0.0,22.5,33.6,73.6,1060.1,moderate,46.0
Fusarium Wilt,2,0,-2.0,22.5,33.6,73.6,1060.1,low,16.0
Bacterial Spot,1,0,-1.0,22.5,33.6,73.6,1060.1,low,16.0
Early Blight,0,0,0.0,16.5,64.6,70.1,809.6,low,34.0
Late Blight,2,0,-1.6,16.5,64.6,70.1,809.6,low,28.0
Fusarium Wilt,2,0,-2.0,16.5,64.6,70.1,809.6,low,28.0
Bacterial Spot,0,0,0.0,16.5,64.6,70.1,809.6,low,34.0
Early Blight,0,0,0.0,26.4,48.2,42.1,1113.3,moderate,46.0
Late Blight,2,0,-1.6,26.4,48.2,42.1,1113.3,low,16.0
Fusarium Wilt,1,0,-1.0,26.4,48.2,42.1,1113.3,moderate,44.0
Bacterial Spot,2,0,-1.6,26.4,48.2,42.1,1113.3,low,28.0
Early Blight,0,0,0.0,35.4,68.9,84.8,511.5,low,34.0
Late Blight,2,0,-1.6,35.4,68.9,84.8,511.5,low,16.0
Fusarium Wilt,2,0,-2.0,35.4,68.9,84.8,511.5,low,28.0
Bacterial Spot,1,0,-0.6,35.4,68.9,84.8,511.5,low,28.0
Early Blight,0,0,0.0,29.3,59.0,47.4,549.8,moderate,46.0
Late Blight,2,0,-1.6,29.3,59.0,47.4,549.8,low,16.0
Fusarium Wilt,2,0,-2.0,29.3,59.0,47.4,549.8,moderate,44.0
Bacterial Spot,1,0,-0.6,29.3,59.0,47.4,549.8,moderate,40.0
Early Blight,0,0,0.0,16.9,87.3,51.0,808.0,moderate,46.0
Late Blight,1,0,-0.6,16.9,87.3,51.0,808.0,moderate,56.0
Fusarium Wilt,2,0,-2.0,16.9,87.3,51.0,808.0,low,28.0
Bacterial Spot,2,0,-1.6,16.9,87.3,51.0,808.0,low,28.0
Early Blight,1,0,-0.6,22.6,50.6,75.2,851.9,moderate,40.0
Late Blight,0,0,0.0,22.6,50.6,75.2,851.9,moderate,46.0
Fusarium Wilt,0,0,0.0,22.6,50.6,75.2,851.9,moderate,46.0
Bacterial Spot,0,0,0.0,22.6,50.6,75.2,851.9,low,34.0
Early Blight,1,0,-0.6,15.2,50.4,75.8,961.4,low,28.0
Late Blight,1,0,-1.0,15.2,50.4,75.8,961.4,low,28.0
Fusarium Wilt,1,0,-1.0,15.2,50.4,75.8,961.4,low,28.0
Bacterial Spot,0,0,0.0,15.2,50.4,75.8,961.4,low,34.0
Early Blight,1,0,-0.6,18.4,57.0,28.2,924.1,low,28.0
Late Blight,0,0,0.0,18.4,57.0,28.2,924.1,moderate,46.0
Fusarium Wilt,0,0,0.0,18.4,57.0,28.2,924.1,moderate,46.0
Bacterial Spot,1,0,-1.0,18.4,57.0,28.2,924.1,low,16.0
Early Blight,1,0,-0.6,22.2,42.8,71.6,867.7,moderate,40.0
Late Blight,1,0,-1.0,22.2,42.8,71.6,867.7,low,28.0
Fusarium Wilt,1,0,-1.0,22.2,42.8,71.6,867.7,low,28.0
Bacterial Spot,1,0,-1.0,22.2,42.8,71.6,867.7,low,16.0
Early Blight,1,0,-0.6,15.2,85.1,76.7,473.8,moderate,40.0
Late Blight,1,0,-0.6,15.2,85.1,76.7,473.8,moderate,56.0
Fusarium Wilt,0,0,0.0,15.2,85.1,76.7,473.8,moderate,46.0
Bacterial Spot,2,0,-1.6,15.2,85.1,76.7,473.8,low,28.0
Early Blight,1,0,-0.6,33.1,92.7,22.3,1147.9,moderate,40.0
Late Blight,0,0,0.0,33.1,92.7,22.3,1147.9,moderate,46.0
Fusarium Wilt,0,0,0.0,33.1,92.7,22.3,1147.9,moderate,62.0
Bacterial Spot,1,0,-0.6,33.1,92.7,22.3,1147.9,moderate,40.0
Early Blight,0,0,0.0,24.0,66.3,25.1,219.5,moderate,46.0
Late Blight,1,0,-1.0,24.0,66.3,25.1,219.5,low,28.0
Fusarium Wilt,2,0,-2.0,24.0,66.3,25.1,219.5,low,28.0
Bacterial Spot,1,0,-0.6,24.0,66.3,25.1,219.5,moderate,40.0
Early Blight,0,0,0.0,30.8,63.2,24.9,176.4,low,34.0
Late Blight,2,0,-1.6,30.8,63.2,24.9,176.4,low,16.0
Fusarium Wilt,1,0,-1.0,30.8,63.2,24.9,176.4,moderate,44.0
Bacterial Spot,1,0,-1.0,30.8,63.2,24.9,176.4,low,16.0
Early Blight,1,0,-0.6,19.0,88.5,42.9,272.7,moderate,40.0
Late Blight,1,0,-0.6,19.0,88.5,42.9,272.7,moderate,56.0
Fusarium Wilt,1,0,-1.0,19.0,88.5,42.9,272.7,low,28.0
Bacterial Spot,1,0,-0.6,19.0,88.5,42.9,272.7,moderate,40.0
Early Blight,0,0,0.0,19.7,59.4,66.8,622.3,low,34.0
Late Blight,0,0,0.0,19.7,59.4,66.8,622.3,moderate,46.0
Fusarium Wilt,0,0,0.0,19.7,59.4,66.8,622.3,moderate,46.0
Bacterial Spot,2,0,-1.6,19.7,59.4,66.8,622.3,low,16.0
Early Blight,0,0,0.0,18.3,34.3,41.9,988.3,low,34.0
Late Blight,0,0,0.0,18.3,34.3,41.9,988.3,moderate,46.0
Fusarium Wilt,1,0,-1.0,18.3,34.3,41.9,988.3,low,16.0
Bacterial Spot,1,0,-0.6,18.3,34.3,41.9,988.3,low,28.0
Early Blight,1,0,-0.6,35.3,61.0,66.0,882.8,low,28.0
Late Blight,0,0,0.0,35.3,61.0,66.0,882.8,low,34.0
Fusarium Wilt,2,0,-2.0,35.3,61.0,66.0,882.8,low,28.0
Bacterial Spot,0,0,0.0,35.3,61.0,66.0,882.8,low,34.0
Early Blight,1,0,-0.6,25.5,91.9,24.7,725.5,moderate,56.0
Late Blight,1,0,-0.6,25.5,91.9,24.7,725.5,moderate,40.0
Fusarium Wilt,1,0,-1.0,25.5,91.9,24.7,725.5,moderate,44.0
Bacterial Spot,1,0,-0.6,25.5,91.9,24.7,725.5,moderate,56.0
Early Blight,1,0,-0.6,36.1,77.5,67.8,339.0,moderate,40.0
Late Blight,0,0,0.0,36.1,77.5,67.8,339.0,moderate,46.0
Fusarium Wilt,1,0,-1.0,36.1,77.5,67.8,339.0,low,28.0
Bacterial Spot,1,0,-1.0,36.1,77.5,67.8,339.0,low,16.0
Early Blight,1,0,-0.6,22.5,60.7,30.2,656.7,moderate,40.0
Late Blight,1,0,-1.0,22.5,60.7,30.2,656.7,low,28.0
Fusarium Wilt,1,0,-1.0,22.5,60.7,30.2,656.7,low,28.0
Bacterial Spot,0,0,0.0,22.5,60.7,30.2,656.7,low,34.0
Early Blight,1,0,-0.6,24.1,30.7,19.2,1108.9,moderate,40.0
Late Blight,1,0,-0.6,24.1,30.7,19.2,1108.9,low,28.0
Fusarium Wilt,1,0,-1.0,24.1,30.7,19.2,1108.9,low,16.0
Bacterial Spot,1,0,-1.0,24.1,30.7,19.2,1108.9,low,28.0
Early Blight,1,0,-0.6,18.2,85.8,77.3,287.6,moderate,40.0
Late Blight,2,0,-1.6,18.2,85.8,77.3,287.6,moderate,44.0
Fusarium Wilt,1,0,-1.0,18.2,85.8,77.3,287.6,low,28.0
Bacterial Spot,1,0,-1.0,18.2,85.8,77.3,287.6,low,28.0
Early Blight,1,0,-0.6,30.6,40.4,38.6,338.3,low,28.0
Late Blight,1,0,-0.6,30.6,40.4,38.6,338.3,low,28.0
Fusarium Wilt,0,0,0.0,30.6,40.4,38.6,338.3,moderate,62.0
Bacterial Spot,0,0,0.0,30.6,40.4,38.6,338.3,low,34.0
Early Blight,1,0,-0.6,31.5,91.0,41.2,439.2,moderate,40.0
Late Blight,1,0,-1.0,31.5,91.0,41.2,439.2,low,28.0
Fusarium Wilt,0,0,0.0,31.5,91.0,41.2,439.2,moderate,62.0
Bacterial Spot,2,0,-1.6,31.5,91.0,41.2,439.2,low,28.0
Early Blight,1,0,-0.6,17.1,58.7,89.1,470.8,low,28.0
Late Blight,1,0,-0.6,17.1,58.7,89.1,470.8,moderate,40.0
Fusarium Wilt,0,0,0.0,17.1,58.7,89.1,470.8,moderate,46.0
Bacterial Spot,1,0,-0.6,17.1,58.7,89.1,470.8,low,28.0
Early Blight,0,0,0.0,18.8,58.3,18.6,459.9,low,34.0
Late Blight,2,0,-1.6,18.8,58.3,18.6,459.9,low,28.0
Fusarium Wilt,0,0,0.0,18.8,58.3,18.6,459.9,moderate,46.0
Bacterial Spot,2,0,-1.6,18.8,58.3,18.6,459.9,low,16.0
Early Blight,1,0,-0.6,23.2,41.8,42.2,447.9,moderate,40.0
Late Blight,2,0,-1.6,23.2,41.8,42.2,447.9,low,28.0
Fusarium Wilt,0,0,0.0,23.2,41.8,42.2,447.9,moderate,46.0
Bacterial Spot,2,0,-1.6,23.2,41.8,42.2,447.9,low,16.0
Early Blight,1,0,-0.6,20.0,50.5,57.9,1181.4,moderate,40.0
Late Blight,0,0,0.0,20.0,50.5,57.9,1181.4,moderate,46.0
Fusarium Wilt,1,0,-1.0,20.0,50.5,57.9,1181.4,low,28.0
Bacterial Spot,0,0,0.0,20.0,50.5,57.9,1181.4,low,34.0
Early Blight,0,0,0.0,37.6,77.3,64.2,1169.6,moderate,46.0
Late Blight,1,0,-1.0,37.6,77.3,64.2,1169.6,low,28.0
Fusarium Wilt,1,0,-1.0,37.6,77.3,64.2,1169.6,low,28.0
Bacterial Spot,1,0,-0.6,37.6,77.3,64.2,1169.6,low,28.0
Early Blight,0,0,0.0,22.7,71.4,56.8,520.6,moderate,62.0
Late Blight,1,0,-1.0,22.7,71.4,56.8,520.6,low,28.0
Fusarium Wilt,1,0,-1.0,22.7,71.4,56.8,520.6,low,28.0
Bacterial Spot,0,0,0.0,22.7,71.4,56.8,520.6,low,34.0
Early Blight,1,0,-0.6,22.1,80.2,70.6,781.7,moderate,56.0
Late Blight,2,0,-1.6,22.1,80.2,70.6,781.7,moderate,44.0
Fusarium Wilt,2,0,-2.0,22.1,80.2,70.6,781.7,low,28.0
Bacterial Spot,1,0,-1.0,22.1,80.2,70.6,781.7,low,16.0
Early Blight,1,0,-0.6,28.8,94.3,69.1,461.6,moderate,56.0
Late Blight,0,0,0.0,28.8,94.3,69.1,461.6,moderate,46.0
Fusarium Wilt,0,0,0.0,28.8,94.3,69.1,461.6,moderate,62.0
Bacterial Spot,1,0,-0.6,28.8,94.3,69.1,461.6,moderate,56.0
Early Blight,0,0,0.0,15.5,87.6,36.5,366.5,moderate,46.0
Late Blight,0,0,0.0,15.5,87.6,36.5,366.5,moderate,62.0
Fusarium Wilt,1,0,-1.0,15.5,87.6,36.5,366.5,low,28.0
Bacterial Spot,0,0,0.0,15.5,87.6,36.5,366.5,moderate,46.0
Early Blight,0,0,0.0,23.8,51.9,45.4,106.6,moderate,46.0
Late Blight,2,0,-1.6,23.8,51.9,45.4,106.6,low,28.0
Fusarium Wilt,1,0,-1.0,23.8,51.9,45.4,106.6,low,28.0
Bacterial Spot,2,0,-1.6,23.8,51.9,45.4,106.6,low,16.0
Early Blight,1,0,-0.6,28.6,86.5,84.5,359.9,moderate,56.0
Late Blight,1,0,-0.6,28.6,86.5,84.5,359.9,moderate,40.0
Fusarium Wilt,1,0,-1.0,28.6,86.5,84.5,359.9,moderate,44.0
Bacterial Spot,2,0,-1.6,28.6,86.5,84.5,359.9,moderate,44.0
Early Blight,0,0,0.0,21.6,60.5,60.8,399.0,moderate,46.0
Late Blight,1,0,-1.0,21.6,60.5,60.8,399.0,low,28.0
Fusarium Wilt,2,0,-2.0,21.6,60.5,60.8,399.0,low,28.0
Bacterial Spot,1,0,-1.0,21.6,60.5,60.8,399.0,low,16.0
Early Blight,1,0,-0.6,31.9,81.7,75.6,972.9,moderate,40.0
Late Blight,1,0,-1.0,31.9,81.7,75.6,972.9,low,28.0
Fusarium Wilt,0,0,0.0,31.9,81.7,75.6,972.9,moderate,62.0
Bacterial Spot,1,0,-0.6,31.9,81.7,75.6,972.9,low,28.0
Early Blight,1,0,-0.6,31.7,47.5,47.1,599.0,low,28.0
Late Blight,1,0,-0.6,31.7,47.5,47.1,599.0,low,28.0
Fusarium Wilt,2,0,-2.0,31.7,47.5,47.1,599.0,moderate,44.0
Bacterial Spot,2,0,-1.6,31.7,47.5,47.1,599.0,low,16.0
Early Blight,0,0,0.0,15.3,64.0,68.0,640.6,low,34.0
Late Blight,0,0,0.0,15.3,64.0,68.0,640.6,moderate,46.0
Fusarium Wilt,2,0,-2.0,15.3,64.0,68.0,640.6,low,28.0
Bacterial Spot,0,0,0.0,15.3,64.0,68.0,640.6,low,34.0
Early Blight,0,0,0.0,24.4,32.6,83.7,523.3,moderate,46.0
Late Blight,2,0,-1.6,24.4,32.6,83.7,523.3,low,16.0
Fusarium Wilt,1,0,-1.0,24.4,32.6,83.7,523.3,low,16.0
Bacterial Spot,0,0,0.0,24.4,32.6,83.7,523.3,moderate,46.0
Early Blight,0,0,0.0,26.2,76.8,65.7,816.0,moderate,62.0
Late Blight,1,0,-0.6,26.2,76.8,65.7,816.0,moderate,40.0
Fusarium Wilt,1,0,-1.0,26.2,76.8,65.7,816.0,moderate,44.0
Bacterial Spot,0,0,0.0,26.2,76.8,65.7,816.0,moderate,46.0
Early Blight,0,0,0.0,31.0,73.9,30.9,601.0,moderate,46.0
Late Blight,1,0,-1.0,31.0,73.9,30.9,601.0,low,16.0
Fusarium Wilt,0,0,0.0,31.0,73.9,30.9,601.0,moderate,62.0
Bacterial Spot,1,0,-1.0,31.0,73.9,30.9,601.0,low,16.0
Early Blight,0,0,0.0,29.8,92.3,41.8,744.8,moderate,62.0
Late Blight,1,0,-0.6,29.8,92.3,41.8,744.8,moderate,40.0
Fusarium Wilt,1,0,-1.0,29.8,92.3,41.8,744.8,moderate,44.0
Bacterial Spot,2,0,-1.6,29.8,92.3,41.8,744.8,moderate,44.0
Early Blight,1,0,-0.6,37.3,74.8,40.6,438.8,moderate,40.0
Late Blight,0,0,0.0,37.3,74.8,40.6,438.8,low,34.0
Fusarium Wilt,1,0,-1.0,37.3,74.8,40.6,438.8,low,28.0
Bacterial Spot,1,0,-0.6,37.3,74.8,40.6,438.8,low,28.0
Early Blight,1,0,-0.6,18.3,80.9,84.4,537.8,moderate,40.0
Late Blight,0,0,0.0,18.3,80.9,84.4,537.8,moderate,62.0
Fusarium Wilt,2,0,-2.0,18.3,80.9,84.4,537.8,low,28.0
Bacterial Spot,0,0,0.0,18.3,80.9,84.4,537.8,low,34.0
Early Blight,0,0,0.0,30.1,79.8,23.7,512.1,moderate,46.0
Late Blight,2,0,-1.6,30.1,79.8,23.7,512.1,low,28.0
Fusarium Wilt,1,0,-1.0,30.1,79.8,23.7,512.1,moderate,44.0
Bacterial Spot,1,0,-0.6,30.1,79.8,23.7,512.1,low,28.0
Early Blight,0,0,0.0,16.4,42.4,70.7,385.3,low,34.0
Late Blight,1,0,-1.0,16.4,42.4,70.7,385.3,low,28.0
Fusarium Wilt,0,0,0.0,16.4,42.4,70.7,385.3,moderate,46.0
Bacterial Spot,2,0,-1.6,16.4,42.4,70.7,385.3,low,16.0
Early Blight,1,0,-0.6,23.7,48.8,37.4,744.2,moderate,40.0
Late Blight,1,0,-0.6,23.7,48.8,37.4,744.2,moderate,40.0
Fusarium Wilt,1,0,-1.0,23.7,48.8,37.4,744.2,low,28.0
Bacterial Spot,1,0,-1.0,23.7,48.8,37.4,744.2,low,16.0
Early Blight,0,0,0.0,37.7,36.6,51.8,108.0,low,34.0
Late Blight,0,0,0.0,37.7,36.6,51.8,108.0,low,34.0
Fusarium Wilt,1,0,-1.0,37.7,36.6,51.8,108.0,low,16.0
Bacterial Spot,2,0,-1.6,37.7,36.6,51.8,108.0,low,16.0
Early Blight,0,0,0.0,23.5,90.5,90.0,998.5,moderate,62.0
Late Blight,1,0,-0.6,23.5,90.5,90.0,998.5,moderate,56.0
Fusarium Wilt,2,0,-2.0,23.5,90.5,90.0,998.5,low,28.0
Bacterial Spot,2,0,-1.6,23.5,90.5,90.0,998.5,low,28.0
Early Blight,1,0,-0.6,25.5,77.5,68.0,1076.8,moderate,56.0
Late Blight,0,0,0.0,25.5,77.5,68.0,1076.8,moderate,46.0
Fusarium Wilt,1,0,-1.0,25.5,77.5,68.0,1076.8,moderate,44.0
Bacterial Spot,1,0,-0.6,25.5,77.5,68.0,1076.8,moderate,40.0
Early Blight,1,0,-0.6,29.2,74.8,48.0,554.4,moderate,56.0
Late Blight,0,0,0.0,29.2,74.8,48.0,554.4,low,34.0
Fusarium Wilt,1,0,-1.0,29.2,74.8,48.0,554.4,moderate,44.0
Bacterial Spot,2,0,-1.6,29.2,74.8,48.0,554.4,low,28.0
Early Blight,1,0,-0.6,33.6,52.1,45.5,767.4,low,28.0
Late Blight,1,0,-0.6,33.6,52.1,45.5,767.4,low,28.0
Fusarium Wilt,1,0,-1.0,33.6,52.1,45.5,767.4,moderate,44.0
Bacterial Spot,0,0,0.0,33.6,52.1,45.5,767.4,low,34.0
Early Blight,1,0,-0.6,34.7,91.6,68.7,423.2,moderate,40.0
Late Blight,1,0,-1.0,34.7,91.6,68.7,423.2,low,28.0
Fusarium Wilt,0,0,0.0,34.7,91.6,68.7,423.2,moderate,62.0
Bacterial Spot,1,0,-0.6,34.7,91.6,68.7,423.2,moderate,40.0
Early Blight,0,0,0.0,33.3,50.5,63.8,703.6,low,34.0
Late Blight,2,0,-1.6,33.3,50.5,63.8,703.6,low,16.0
Fusarium Wilt,1,0,-1.0,33.3,50.5,63.8,703.6,moderate,44.0
Bacterial Spot,2,0,-1.6,33.3,50.5,63.8,703.6,low,16.0
Early Blight,0,0,0.0,32.3,74.9,17.2,578.4,moderate,46.0
Late Blight,1,0,-1.0,32.3,74.9,17.2,578.4,low,16.0
Fusarium Wilt,0,0,0.0,32.3,74.9,17.2,578.4,moderate,62.0
Bacterial Spot,2,0,-1.6,32.3,74.9,17.2,578.4,low,16.0
Early Blight,0,0,0.0,26.0,91.0,19.8,249.3,moderate,62.0
Late Blight,1,0,-0.6,26.0,91.0,19.8,249.3,moderate,40.0
Fusarium Wilt,0,0,0.0,26.0,91.0,19.8,249.3,moderate,62.0
Bacterial Spot,0,0,0.0,26.0,91.0,19.8,249.3,moderate,62.0
Early Blight,0,0,0.0,28.8,73.8,40.2,889.2,moderate,62.0
Late Blight,1,0,-1.0,28.8,73.8,40.2,889.2,low,16.0
Fusarium Wilt,0,0,0.0,28.8,73.8,40.2,889.2,moderate,62.0
Bacterial Spot,1,0,-0.6,28.8,73.8,40.2,889.2,moderate,40.0
Early Blight,0,0,0.0,17.7,36.0,17.1,914.6,low,34.0
Late Blight,1,0,-0.6,17.7,36.0,17.1,914.6,moderate,40.0
Fusarium Wilt,1,0,-1.0,17.7,36.0,17.1,914.6,low,16.0
Bacterial Spot,0,0,0.0,17.7,36.0,17.1,914.6,low,34.0
Early Blight,0,0,0.0,15.0,34.2,52.8,1031.8,low,34.0
Late Blight,2,0,-1.6,15.0,34.2,52.8,1031.8,low,28.0
Fusarium Wilt,0,0,0.0,15.0,34.2,52.8,1031.8,low,34.0
Bacterial Spot,0,0,0.0,15.0,34.2,52.8,1031.8,low,34.0
Early Blight,1,0,-0.6,20.1,56.9,53.1,606.7,moderate,40.0
Late Blight,0,0,0.0,20.1,56.9,53.1,606.7,moderate,46.0
Fusarium Wilt,2,0,-2.0,20.1,56.9,53.1,606.7,low,28.0
Bacterial Spot,1,0,-0.6,20.1,56.9,53.1,606.7,low,28.0
Early Blight,1,0,-0.6,30.3,84.5,66.2,758.8,moderate,40.0
Late Blight,1,0,-0.6,30.3,84.5,66.2,758.8,moderate,40.0
Fusarium Wilt,0,0,0.0,30.3,84.5,66.2,758.8,moderate,62.0
Bacterial Spot,1,0,-1.0,30.3,84.5,66.2,758.8,low,16.0
Early Blight,1,0,-0.6,26.4,77.9,40.1,1179.3,moderate,56.0
Late Blight,1,0,-0.6,26.4,77.9,40.1,1179.3,moderate,40.0
Fusarium Wilt,0,0,0.0,26.4,77.9,40.1,1179.3,moderate,62.0
Bacterial Spot,1,0,-0.6,26.4,77.9,40.1,1179.3,moderate,40.0
Early Blight,0,0,0.0,34.9,42.2,49.0,531.0,low,34.0
Late Blight,0,0,0.0,34.9,42.2,49.0,531.0,low,34.0
Fusarium Wilt,0,0,0.0,34.9,42.2,49.0,531.0,moderate,62.0
Bacterial Spot,1,0,-1.0,34.9,42.2,49.0,531.0,low,16.0
Early Blight,1,0,-0.6,37.8,81.5,41.3,680.6,moderate,40.0
Late Blight,1,0,-0.6,37.8,81.5,41.3,680.6,moderate,40.0
Fusarium Wilt,1,0,-1.0,37.8,81.5,41.3,680.6,low,28.0
Bacterial Spot,1,0,-1.0,37.8,81.5,41.3,680.6,low,16.0
Early Blight,1,0,-0.6,28.3,84.7,78.0,880.5,moderate,56.0
Late Blight,2,0,-1.6,28.3,84.7,78.0,880.5,low,28.0
Fusarium Wilt,1,0,-1.0,28.3,84.7,78.0,880.5,moderate,44.0
Bacterial Spot,2,0,-1.6,28.3,84.7,78.0,880.5,low,28.0
Early Blight,0,0,0.0,32.2,80.0,10.7,898.6,moderate,46.0
Late Blight,0,0,0.0,32.2,80.0,10.7,898.6,moderate,46.0
Fusarium Wilt,1,0,-1.0,32.2,80.0,10.7,898.6,moderate,44.0
Bacterial Spot,1,0,-1.0,32.2,80.0,10.7,898.6,low,16.0
Early Blight,1,0,-0.6,36.3,36.5,87.9,297.6,low,28.0
Late Blight,0,0,0.0,36.3,36.5,87.9,297.6,low,34.0
Fusarium Wilt,0,0,0.0,36.3,36.5,87.9,297.6,low,34.0
Bacterial Spot,1,0,-0.6,36.3,36.5,87.9,297.6,low,28.0
Early Blight,0,0,0.0,15.8,46.4,49.1,856.8,low,34.0
Late Blight,1,0,-0.6,15.8,46.4,49.1,856.8,moderate,40.0
Fusarium Wilt,0,0,0.0,15.8,46.4,49.1,856.8,moderate,46.0
Bacterial Spot,0,0,0.0,15.8,46.4,49.1,856.8,low,34.0
Early Blight,1,0,-0.6,34.9,74.2,32.0,818.5,moderate,40.0
Late Blight,2,0,-1.6,34.9,74.2,32.0,818.5,low,16.0
Fusarium Wilt,1,0,-1.0,34.9,74.2,32.0,818.5,moderate,44.0
Bacterial Spot,1,0,-0.6,34.9,74.2,32.0,818.5,low,28.0
Early Blight,0,0,0.0,28.2,68.9,31.9,919.9,moderate,46.0
Late Blight,2,0,-1.6,28.2,68.9,31.9,919.9,low,16.0
Fusarium Wilt,1,0,-1.0,28.2,68.9,31.9,919.9,moderate,44.0
Bacterial Spot,1,0,-0.6,28.2,68.9,31.9,919.9,moderate,40.0
Early Blight,0,0,0.0,16.5,91.8,73.6,303.4,moderate,46.0
Late Blight,1,0,-1.0,16.5,91.8,73.6,303.4,moderate,44.0
Fusarium Wilt,0,0,0.0,16.5,91.8,73.6,303.4,moderate,46.0
Bacterial Spot,1,0,-1.0,16.5,91.8,73.6,303.4,low,28.0
Early Blight,0,0,0.0,28.4,78.5,73.2,236.5,moderate,62.0
Late Blight,0,0,0.0,28.4,78.5,73.2,236.5,moderate,46.0
Fusarium Wilt,1,0,-1.0,28.4,78.5,73.2,236.5,moderate,44.0
Bacterial Spot,1,0,-1.0,28.4,78.5,73.2,236.5,low,28.0
Early Blight,1,0,-0.6,33.4,38.4,20.3,326.9,low,28.0
Late Blight,0,0,0.0,33.4,38.4,20.3,326.9,low,34.0
Fusarium Wilt,1,0,-1.0,33.4,38.4,20.3,326.9,low,28.0
Bacterial Spot,1,0,-0.6,33.4,38.4,20.3,326.9,low,28.0
Early Blight,1,0,-0.6,27.5,58.8,85.6,100.1,moderate,40.0
Late Blight,0,0,0.0,27.5,58.8,85.6,100.1,low,34.0
Fusarium Wilt,0,0,0.0,27.5,58.8,85.6,100.1,moderate,62.0
Bacterial Spot,1,0,-1.0,27.5,58.8,85.6,100.1,low,28.0
Early Blight,0,0,0.0,31.0,65.5,88.9,487.3,low,34.0
Late Blight,2,0,-1.6,31.0,65.5,88.9,487.3,low,16.0
Fusarium Wilt,1,0,-1.0,31.0,65.5,88.9,487.3,moderate,44.0
Bacterial Spot,2,0,-1.6,31.0,65.5,88.9,487.3,low,16.0
Early Blight,1,0,-0.6,34.2,95.1,58.2,337.6,moderate,40.0
Late Blight,1,0,-1.0,34.2,95.1,58.2,337.6,low,28.0
Fusarium Wilt,2,0,-2.0,34.2,95.1,58.2,337.6,moderate,44.0
Bacterial Spot,1,0,-1.0,34.2,95.1,58.2,337.6,low,28.0
Early Blight,0,0,0.0,24.2,35.7,30.3,567.9,moderate,46.0
Late Blight,1,0,-0.6,24.2,35.7,30.3,567.9,low,28.0
Fusarium Wilt,0,0,0.0,24.2,35.7,30.3,567.9,low,34.0
Bacterial Spot,1,0,-0.6,24.2,35.7,30.3,567.9,moderate,40.0
Early Blight,1,0,-0.6,23.6,74.7,75.6,765.4,moderate,56.0
Late Blight,1,0,-1.0,23.6,74.7,75.6,765.4,low,28.0
Fusarium Wilt,2,0,-2.0,23.6,74.7,75.6,765.4,low,28.0
Bacterial Spot,1,0,-0.6,23.6,74.7,75.6,765.4,low,28.0
Early Blight,0,0,0.0,17.9,37.5,53.9,172.6,low,34.0
Late Blight,2,0,-1.6,17.9,37.5,53.9,172.6,low,28.0
Fusarium Wilt,1,0,-1.0,17.9,37.5,53.9,172.6,low,16.0
Bacterial Spot,2,0,-1.6,17.9,37.5,53.9,172.6,low,16.0
Early Blight,0,0,0.0,23.7,95.9,40.3,215.5,moderate,62.0
Late Blight,1,0,-1.0,23.7,95.9,40.3,215.5,moderate,44.0
Fusarium Wilt,1,0,-1.0,23.7,95.9,40.3,215.5,low,28.0
Bacterial Spot,1,0,-1.0,23.7,95.9,40.3,215.5,low,28.0
Early Blight,0,0,0.0,31.1,88.8,54.1,768.2,moderate,46.0
Late Blight,1,0,-1.0,31.1,88.8,54.1,768.2,low,28.0
Fusarium Wilt,2,0,-2.0,31.1,88.8,54.1,768.2,moderate,44.0
Bacterial Spot,0,0,0.0,31.1,88.8,54.1,768.2,moderate,46.0
Early Blight,1,0,-0.6,27.2,70.4,78.0,624.5,moderate,56.0
Late Blight,1,0,-1.0,27.2,70.4,78.0,624.5,low,16.0
Fusarium Wilt,2,0,-2.0,27.2,70.4,78.0,624.5,moderate,44.0
Bacterial Spot,1,0,-1.0,27.2,70.4,78.0,624.5,low,28.0
Early Blight,1,0,-0.6,16.2,79.3,88.0,878.3,moderate,40.0
Late Blight,0,0,0.0,16.2,79.3,88.0,878.3,moderate,62.0
Fusarium Wilt,1,0,-1.0,16.2,79.3,88.0,878.3,low,28.0
Bacterial Spot,0,0,0.0,16.2,79.3,88.0,878.3,low,34.0
Early Blight,0,0,0.0,21.3,59.1,85.3,1069.5,moderate,46.0
Late Blight,1,0,-1.0,21.3,59.1,85.3,1069.5,low,28.0
Fusarium Wilt,1,0,-1.0,21.3,59.1,85.3,1069.5,low,28.0
Bacterial Spot,2,0,-1.6,21.3,59.1,85.3,1069.5,low,16.0
Early Blight,1,0,-0.6,16.8,79.6,85.6,281.6,moderate,40.0
Late Blight,0,0,0.0,16.8,79.6,85.6,281.6,moderate,62.0
Fusarium Wilt,1,0,-1.0,16.8,79.6,85.6,281.6,low,28.0
Bacterial Spot,1,0,-0.6,16.8,79.6,85.6,281.6,low,28.0
Early Blight,0,0,0.0,26.7,79.7,48.4,666.5,moderate,62.0
Late Blight,0,0,0.0,26.7,79.7,48.4,666.5,moderate,46.0
Fusarium Wilt,1,0,-1.0,26.7,79.7,48.4,666.5,moderate,44.0
Bacterial Spot,0,0,0.0,26.7,79.7,48.4,666.5,moderate,46.0
Early Blight,0,0,0.0,31.4,77.8,70.0,368.6,moderate,46.0
Late Blight,0,0,0.0,31.4,77.8,70.0,368.6,moderate,46.0
Fusarium Wilt,0,0,0.0,31.4,77.8,70.0,368.6,moderate,62.0
Bacterial Spot,0,0,0.0,31.4,77.8,70.0,368.6,low,34.0
Early Blight,1,0,-0.6,37.2,75.9,80.6,675.9,moderate,40.0
Late Blight,1,0,-1.0,37.2,75.9,80.6,675.9,low,28.0
Fusarium Wilt,0,0,0.0,37.2,75.9,80.6,675.9,moderate,46.0
Bacterial Spot,2,0,-1.6,37.2,75.9,80.6,675.9,low,16.0
Early Blight,0,0,0.0,23.6,37.7,83.1,374.7,moderate,46.0
Late Blight,1,0,-0.6,23.6,37.7,83.1,374.7,moderate,40.0
Fusarium Wilt,2,0,-2.0,23.6,37.7,83.1,374.7,low,16.0
Bacterial Spot,1,0,-1.0,23.6,37.7,83.1,374.7,low,16.0
Early Blight,0,0,0.0,28.1,44.8,34.4,1126.4,moderate,46.0
Late Blight,1,0,-0.6,28.1,44.8,34.4,1126.4,low,28.0
Fusarium Wilt,1,0,-1.0,28.1,44.8,34.4,1126.4,moderate,44.0
Bacterial Spot,2,0,-1.6,28.1,44.8,34.4,1126.4,low,28.0
Early Blight,0,0,0.0,29.2,52.3,38.3,105.7,moderate,46.0
Late Blight,2,0,-1.6,29.2,52.3,38.3,105.7,low,16.0
Fusarium Wilt,2,0,-2.0,29.2,52.3,38.3,105.7,moderate,44.0
Bacterial Spot,1,0,-1.0,29.2,52.3,38.3,105.7,low,28.0
Early Blight,0,0,0.0,18.5,38.4,49.0,271.2,low,34.0
Late Blight,2,0,-1.6,18.5,38.4,49.0,271.2,low,28.0
Fusarium Wilt,2,0,-2.0,18.5,38.4,49.0,271.2,low,16.0
Bacterial Spot,1,0,-1.0,18.5,38.4,49.0,271.2,low,16.0
Early Blight,1,0,-0.6,17.5,59.8,77.1,278.0,low,28.0
Late Blight,2,0,-1.6,17.5,59.8,77.1,278.0,low,28.0
Fusarium Wilt,1,0,-1.0,17.5,59.8,77.1,278.0,low,28.0
Bacterial Spot,2,0,-1.6,17.5,59.8,77.1,278.0,low,16.0
Early Blight,1,0,-0.6,24.1,80.6,82.1,276.3,moderate,56.0
Late Blight,1,0,-1.0,24.1,80.6,82.1,276.3,low,28.0
Fusarium Wilt,2,0,-2.0,24.1,80.6,82.1,276.3,low,28.0
Bacterial Spot,0,0,0.0,24.1,80.6,82.1,276.3,moderate,46.0
Early Blight,0,0,0.0,31.4,52.1,71.2,1069.9,low,34.0
Late Blight,0,0,0.0,31.4,52.1,71.2,1069.9,low,34.0
Fusarium Wilt,2,0,-2.0,31.4,52.1,71.2,1069.9,moderate,44.0
Bacterial Spot,2,0,-1.6,31.4,52.1,71.2,1069.9,low,16.0
Early Blight,0,0,0.0,18.6,64.0,71.4,360.2,low,34.0
Late Blight,1,0,-1.0,18.6,64.0,71.4,360.2,low,28.0
Fusarium Wilt,1,0,-1.0,18.6,64.0,71.4,360.2,low,28.0
Bacterial Spot,2,0,-1.6,18.6,64.0,71.4,360.2,low,16.0
Early Blight,1,0,-0.6,32.5,46.8,22.2,662.4,low,28.0
Late Blight,0,0,0.0,32.5,46.8,22.2,662.4,low,34.0
Fusarium Wilt,1,0,-1.0,32.5,46.8,22.2,662.4,moderate,44.0
Bacterial Spot,1,0,-0.6,32.5,46.8,22.2,662.4,low,28.0
Early Blight,1,0,-0.6,31.2,85.1,66.1,652.6,moderate,40.0
Late Blight,0,0,0.0,31.2,85.1,66.1,652.6,moderate,46.0
Fusarium Wilt,1,0,-1.0,31.2,85.1,66.1,652.6,moderate,44.0
Bacterial Spot,2,0,-1.6,31.2,85.1,66.1,652.6,low,28.0
Early Blight,1,0,-0.6,37.8,93.2,44.1,778.1,moderate,40.0
Late Blight,2,0,-1.6,37.8,93.2,44.1,778.1,low,28.0
Fusarium Wilt,1,0,-1.0,37.8,93.2,44.1,778.1,low,28.0
Bacterial Spot,2,0,-1.6,37.8,93.2,44.1,778.1,low,28.0
Early Blight,1,0,-0.6,26.0,64.7,61.5,434.7,moderate,40.0
Late Blight,2,0,-1.6,26.0,64.7,61.5,434.7,low,16.0
Fusarium Wilt,2,0,-2.0,26.0,64.7,61.5,434.7,moderate,44.0
Bacterial Spot,2,0,-1.6,26.0,64.7,61.5,434.7,low,28.0
Early Blight,0,0,0.0,16.2,80.6,27.0,619.3,moderate,46.0
Late Blight,2,0,-1.6,16.2,80.6,27.0,619.3,moderate,44.0
Fusarium Wilt,1,0,-1.0,16.2,80.6,27.0,619.3,low,28.0
Bacterial Spot,2,0,-1.6,16.2,80.6,27.0,619.3,low,16.0
Early Blight,0,0,0.0,15.3,67.5,79.0,464.3,low,34.0
Late Blight,1,0,-1.0,15.3,67.5,79.0,464.3,low,28.0
Fusarium Wilt,1,0,-1.0,15.3,67.5,79.0,464.3,low,28.0
Bacterial Spot,1,0,-0.6,15.3,67.5,79.0,464.3,low,28.0
Early Blight,1,0,-0.6,23.8,90.3,20.4,916.8,moderate,56.0
Late Blight,0,0,0.0,23.8,90.3,20.4,916.8,moderate,62.0
Fusarium Wilt,1,0,-1.0,23.8,90.3,20.4,916.8,low,28.0
Bacterial Spot,0,0,0.0,23.8,90.3,20.4,916.8,moderate,46.0
Early Blight,0,0,0.0,16.7,67.2,37.4,897.9,low,34.0
Late Blight,1,0,-1.0,16.7,67.2,37.4,897.9,low,28.0
Fusarium Wilt,2,0,-2.0,16.7,67.2,37.4,897.9,low,28.0
Bacterial Spot,1,0,-0.6,16.7,67.2,37.4,897.9,low,28.0
Early Blight,0,0,0.0,35.2,88.0,82.5,1172.6,moderate,46.0
Late Blight,1,0,-1.0,35.2,88.0,82.5,1172.6,low,28.0
Fusarium Wilt,1,0,-1.0,35.2,88.0,82.5,1172.6,low,28.0
Bacterial Spot,1,0,-1.0,35.2,88.0,82.5,1172.6,low,28.0
Early Blight,1,0,-0.6,26.6,31.5,57.9,866.4,moderate,40.0
Late Blight,1,0,-1.0,26.6,31.5,57.9,866.4,low,16.0
Fusarium Wilt,0,0,0.0,26.6,31.5,57.9,866.4,moderate,46.0
Bacterial Spot,1,0,-0.6,26.6,31.5,57.9,866.4,moderate,40.0
Early Blight,0,0,0.0,30.7,89.2,87.7,282.1,moderate,46.0
Late Blight,1,0,-1.0,30.7,89.2,87.7,282.1,low,28.0
Fusarium Wilt,2,0,-2.0,30.7,89.2,87.7,282.1,moderate,44.0
Bacterial Spot,2,0,-1.6,30.7,89.2,87.7,282.1,low,28.0
Early Blight,1,0,-0.6,20.0,77.4,80.3,969.7,moderate,56.0
Late Blight,0,0,0.0,20.0,77.4,80.3,969.7,moderate,62.0
Fusarium Wilt,2,0,-2.0,20.0,77.4,80.3,969.7,low,28.0
Bacterial Spot,0,0,0.0,20.0,77.4,80.3,969.7,low,34.0
Early Blight,1,0,-0.6,18.9,33.1,29.1,143.0,low,28.0
Late Blight,0,0,0.0,18.9,33.1,29.1,143.0,moderate,46.0
Fusarium Wilt,1,0,-1.0,18.9,33.1,29.1,143.0,low,16.0
Bacterial Spot,1,0,-0.6,18.9,33.1,29.1,143.0,low,28.0
Early Blight,0,0,0.0,33.9,66.4,10.1,482.2,low,34.0
Late Blight,2,0,-1.6,33.9,66.4,10.1,482.2,low,16.0
Fusarium Wilt,0,0,0.0,33.9,66.4,10.1,482.2,moderate,62.0
Bacterial Spot,1,0,-0.6,33.9,66.4,10.1,482.2,low,28.0
Early Blight,0,0,0.0,29.1,52.1,14.6,997.5,moderate,46.0
Late Blight,1,0,-1.0,29.1,52.1,14.6,997.5,low,16.0
Fusarium Wilt,1,0,-1.0,29.1,52.1,14.6,997.5,moderate,44.0
Bacterial Spot,0,0,0.0,29.1,52.1,14.6,997.5,moderate,46.0
Early Blight,1,0,-0.6,32.9,83.1,18.5,920.3,moderate,40.0
Late Blight,0,0,0.0,32.9,83.1,18.5,920.3,moderate,46.0
Fusarium Wilt,0,0,0.0,32.9,83.1,18.5,920.3,moderate,62.0
Bacterial Spot,1,0,-0.6,32.9,83.1,18.5,920.3,low,28.0
Early Blight,1,0,-0.6,21.2,69.6,74.6,928.2,moderate,40.0
Late Blight,1,0,-1.0,21.2,69.6,74.6,928.2,low,28.0
Fusarium Wilt,1,0,-1.0,21.2,69.6,74.6,928.2,low,28.0
Bacterial Spot,2,0,-1.6,21.2,69.6,74.6,928.2,low,16.0
Early Blight,0,0,0.0,19.3,88.6,25.1,639.6,moderate,46.0
Late Blight,1,0,-0.6,19.3,88.6,25.1,639.6,moderate,56.0
Fusarium Wilt,2,0,-2.0,19.3,88.6,25.1,639.6,low,28.0
Bacterial Spot,1,0,-1.0,19.3,88.6,25.1,639.6,low,28.0
Early Blight,0,0,0.0,16.6,34.9,29.6,1100.0,low,34.0
Late Blight,1,0,-1.0,16.6,34.9,29.6,1100.0,low,28.0
Fusarium Wilt,0,0,0.0,16.6,34.9,29.6,1100.0,low,34.0
Bacterial Spot,1,0,-0.6,16.6,34.9,29.6,1100.0,low,28.0
Early Blight,1,0,-0.6,15.5,86.2,71.1,808.9,moderate,40.0
Late Blight,2,0,-1.6,15.5,86.2,71.1,808.9,moderate,44.0
Fusarium Wilt,1,0,-1.0,15.5,86.2,71.1,808.9,low,28.0
Bacterial Spot,1,0,-1.0,15.5,86.2,71.1,808.9,low,28.0
Early Blight,0,0,0.0,37.0,37.2,68.9,472.2,low,34.0
Late Blight,2,0,-1.6,37.0,37.2,68.9,472.2,low,16.0
Fusarium Wilt,1,0,-1.0,37.0,37.2,68.9,472.2,low,16.0
Bacterial Spot,2,0,-1.6,37.0,37.2,68.9,472.2,low,16.0
Early Blight,1,0,-0.6,18.6,33.8,65.4,790.2,low,28.0
Late Blight,1,0,-0.6,18.6,33.8,65.4,790.2,moderate,40.0
Fusarium Wilt,1,0,-1.0,18.6,33.8,65.4,790.2,low,16.0
Bacterial Spot,1,0,-0.6,18.6,33.8,65.4,790.2,low,28.0
Early Blight,0,0,0.0,36.0,31.6,44.2,262.1,low,34.0
Late Blight,1,0,-1.0,36.0,31.6,44.2,262.1,low,16.0
Fusarium Wilt,1,0,-1.0,36.0,31.6,44.2,262.1,low,16.0
Bacterial Spot,1,0,-0.6,36.0,31.6,44.2,262.1,low,28.0
Early Blight,1,0,-0.6,18.9,37.5,18.1,1151.4,low,28.0
Late Blight,1,0,-0.6,18.9,37.5,18.1,1151.4,moderate,40.0
Fusarium Wilt,0,0,0.0,18.9,37.5,18.1,1151.4,low,34.0
Bacterial Spot,0,0,0.0,18.9,37.5,18.1,1151.4,low,34.0
Early Blight,1,0,-0.6,19.1,66.1,58.0,847.4,low,28.0
Late Blight,1,0,-0.6,19.1,66.1,58.0,847.4,moderate,40.0
Fusarium Wilt,1,0,-1.0,19.1,66.1,58.0,847.4,low,28.0
Bacterial Spot,1,0,-1.0,19.1,66.1,58.0,847.4,low,16.0
Early Blight,1,0,-0.6,30.2,93.4,74.9,882.4,moderate,40.0
Late Blight,1,0,-1.0,30.2,93.4,74.9,882.4,low,28.0
Fusarium Wilt,1,0,-1.0,30.2,93.4,74.9,882.4,moderate,44.0
Bacterial Spot,2,0,-1.6,30.2,93.4,74.9,882.4,low,28.0
Early Blight,0,0,0.0,31.6,83.4,48.3,174.0,moderate,46.0
Late Blight,1,0,-0.6,31.6,83.4,48.3,174.0,moderate,40.0
Fusarium Wilt,1,0,-1.0,31.6,83.4,48.3,174.0,moderate,44.0
Bacterial Spot,2,0,-1.6,31.6,83.4,48.3,174.0,low,16.0
Early Blight,0,0,0.0,22.3,58.8,65.5,555.3,moderate,46.0
Late Blight,1,0,-1.0,22.3,58.8,65.5,555.3,low,28.0
Fusarium Wilt,1,0,-1.0,22.3,58.8,65.5,555.3,low,28.0
Bacterial Spot,2,0,-1.6,22.3,58.8,65.5,555.3,low,16.0
Early Blight,0,0,0.0,27.3,66.2,75.7,523.1,moderate,46.0
Late Blight,1,0,-1.0,27.3,66.2,75.7,523.1,low,16.0
Fusarium Wilt,0,0,0.0,27.3,66.2,75.7,523.1,moderate,62.0
Bacterial Spot,1,0,-0.6,27.3,66.2,75.7,523.1,moderate,40.0
Early Blight,0,0,0.0,15.1,97.6,11.4,714.2,moderate,46.0
Late Blight,1,0,-0.6,15.1,97.6,11.4,714.2,moderate,56.0
Fusarium Wilt,1,0,-1.0,15.1,97.6,11.4,714.2,low,28.0
Bacterial Spot,0,0,0.0,15.1,97.6,11.4,714.2,moderate,46.0
Early Blight,0,0,0.0,21.8,39.8,78.3,1169.0,moderate,46.0
Late Blight,1,0,-1.0,21.8,39.8,78.3,1169.0,low,28.0
Fusarium Wilt,2,0,-2.0,21.8,39.8,78.3,1169.0,low,16.0
Bacterial Spot,0,0,0.0,21.8,39.8,78.3,1169.0,low,34.0
Early Blight,0,0,0.0,23.7,31.8,87.2,508.9,moderate,46.0
Late Blight,1,0,-0.6,23.7,31.8,87.2,508.9,moderate,40.0
Fusarium Wilt,0,0,0.0,23.7,31.8,87.2,508.9,low,34.0
Bacterial Spot,2,0,-1.6,23.7,31.8,87.2,508.9,low,16.0
Early Blight,1,0,-0.6,16.8,35.2,55.5,995.1,low,28.0
Late Blight,1,0,-1.0,16.8,35.2,55.5,995.1,low,28.0
Fusarium Wilt,0,0,0.0,16.8,35.2,55.5,995.1,low,34.0
Bacterial Spot,2,0,-1.6,16.8,35.2,55.5,995.1,low,16.0
Early Blight,1,0,-0.6,22.8,83.1,65.6,415.4,moderate,56.0
Late Blight,1,0,-0.6,22.8,83.1,65.6,415.4,moderate,56.0
Fusarium Wilt,0,0,0.0,22.8,83.1,65.6,415.4,moderate,46.0
Bacterial Spot,1,0,-1.0,22.8,83.1,65.6,415.4,low,16.0
Early Blight,0,0,0.0,30.6,89.6,54.3,1012.5,moderate,46.0
Late Blight,0,0,0.0,30.6,89.6,54.3,1012.5,moderate,46.0
Fusarium Wilt,2,0,-2.0,30.6,89.6,54.3,1012.5,moderate,44.0
Bacterial Spot,0,0,0.0,30.6,89.6,54.3,1012.5,moderate,46.0
Early Blight,1,0,-0.6,37.5,38.5,26.9,780.9,low,28.0
Late Blight,1,0,-1.0,37.5,38.5,26.9,780.9,low,16.0
Fusarium Wilt,0,0,0.0,37.5,38.5,26.9,780.9,low,34.0
Bacterial Spot,1,0,-0.6,37.5,38.5,26.9,780.9,low,28.0
Early Blight,0,0,0.0,22.2,73.6,76.2,281.3,moderate,62.0
Late Blight,1,0,-0.6,22.2,73.6,76.2,281.3,moderate,40.0
Fusarium Wilt,2,0,-2.0,22.2,73.6,76.2,281.3,low,28.0
Bacterial Spot,0,0,0.0,22.2,73.6,76.2,281.3,low,34.0
Early Blight,0,0,0.0,15.6,49.2,53.3,171.9,low,34.0
Late Blight,1,0,-0.6,15.6,49.2,53.3,171.9,moderate,40.0
Fusarium Wilt,0,0,0.0,15.6,49.2,53.3,171.9,moderate,46.0
Bacterial Spot,2,0,-1.6,15.6,49.2,53.3,171.9,low,16.0
Early Blight,1,0,-0.6,37.5,68.4,55.1,969.2,low,28.0
Late Blight,1,0,-1.0,37.5,68.4,55.1,969.2,low,16.0
Fusarium Wilt,2,0,-2.0,37.5,68.4,55.1,969.2,low,28.0
Bacterial Spot,2,0,-1.6,37.5,68.4,55.1,969.2,low,16.0
Early Blight,0,0,0.0,19.5,81.1,68.1,1171.2,moderate,46.0
Late Blight,2,0,-1.6,19.5,81.1,68.1,1171.2,moderate,44.0
Fusarium Wilt,1,0,-1.0,19.5,81.1,68.1,1171.2,low,28.0
Bacterial Spot,1,0,-0.6,19.5,81.1,68.1,1171.2,low,28.0
Early Blight,1,0,-0.6,28.5,56.0,56.9,1037.2,moderate,40.0
Late Blight,2,0,-1.6,28.5,56.0,56.9,1037.2,low,16.0
Fusarium Wilt,1,0,-1.0,28.5,56.0,56.9,1037.2,moderate,44.0
Bacterial Spot,0,0,0.0,28.5,56.0,56.9,1037.2,moderate,46.0
Early Blight,0,0,0.0,33.6,74.5,71.5,277.2,moderate,46.0
Late Blight,0,0,0.0,33.6,74.5,71.5,277.2,low,34.0
Fusarium Wilt,0,0,0.0,33.6,74.5,71.5,277.2,moderate,62.0
Bacterial Spot,1,0,-1.0,33.6,74.5,71.5,277.2,low,16.0
Early Blight,0,0,0.0,22.8,54.5,78.5,574.0,moderate,46.0
Late Blight,1,0,-0.6,22.8,54.5,78.5,574.0,moderate,40.0
Fusarium Wilt,1,0,-1.0,22.8,54.5,78.5,574.0,low,28.0
Bacterial Spot,2,0,-1.6,22.8,54.5,78.5,574.0,low,16.0
Early Blight,0,0,0.0,29.4,63.8,74.4,256.9,moderate,46.0
Late Blight,0,0,0.0,29.4,63.8,74.4,256.9,low,34.0
Fusarium Wilt,1,0,-1.0,29.4,63.8,74.4,256.9,moderate,44.0
Bacterial Spot,2,0,-1.6,29.4,63.8,74.4,256.9,low,28.0
Early Blight,1,0,-0.6,36.5,41.0,32.4,499.7,low,28.0
Late Blight,1,0,-1.0,36.5,41.0,32.4,499.7,low,16.0
Fusarium Wilt,2,0,-2.0,36.5,41.0,32.4,499.7,low,28.0
Bacterial Spot,1,0,-1.0,36.5,41.0,32.4,499.7,low,16.0
Early Blight,1,0,-0.6,30.0,39.6,19.9,725.6,moderate,40.0
Late Blight,1,0,-0.6,30.0,39.6,19.9,725.6,low,28.0
Fusarium Wilt,0,0,0.0,30.0,39.6,19.9,725.6,moderate,46.0
Bacterial Spot,2,0,-1.6,30.0,39.6,19.9,725.6,low,28.0
Early Blight,0,0,0.0,34.4,94.7,39.9,850.4,moderate,46.0
Late Blight,1,0,-1.0,34.4,94.7,39.9,850.4,low,28.0
Fusarium Wilt,0,0,0.0,34.4,94.7,39.9,850.4,moderate,62.0
Bacterial Spot,0,0,0.0,34.4,94.7,39.9,850.4,moderate,46.0
Early Blight,1,0,-0.6,20.6,85.8,10.6,1038.4,moderate,56.0
Late Blight,2,0,-1.6,20.6,85.8,10.6,1038.4,moderate,44.0
Fusarium Wilt,2,0,-2.0,20.6,85.8,10.6,1038.4,low,28.0
Bacterial Spot,2,0,-1.6,20.6,85.8,10.6,1038.4,low,28.0
Early Blight,1,0,-0.6,25.7,73.7,82.0,611.3,moderate,56.0
Late Blight,0,0,0.0,25.7,73.7,82.0,611.3,low,34.0
Fusarium Wilt,0,0,0.0,25.7,73.7,82.0,611.3,moderate,62.0
Bacterial Spot,2,0,-1.6,25.7,73.7,82.0,611.3,low,28.0
Early Blight,1,0,-0.6,22.3,97.8,48.9,872.5,moderate,56.0
Late Blight,2,0,-1.6,22.3,97.8,48.9,872.5,moderate,44.0
Fusarium Wilt,2,0,-2.0,22.3,97.8,48.9,872.5,low,28.0
Bacterial Spot,1,0,-0.6,22.3,97.8,48.9,872.5,moderate,40.0
Early Blight,1,0,-0.6,15.7,70.9,40.4,1130.1,moderate,40.0
Late Blight,2,0,-1.6,15.7,70.9,40.4,1130.1,low,28.0
Fusarium Wilt,1,0,-1.0,15.7,70.9,40.4,1130.1,low,28.0
Bacterial Spot,0,0,0.0,15.7,70.9,40.4,1130.1,low,34.0
Early Blight,1,0,-0.6,21.2,73.2,16.7,176.2,moderate,56.0
Late Blight,1,0,-1.0,21.2,73.2,16.7,176.2,low,28.0
Fusarium Wilt,0,0,0.0,21.2,73.2,16.7,176.2,moderate,46.0
Bacterial Spot,1,0,-0.6,21.2,73.2,16.7,176.2,low,28.0
Early Blight,0,0,0.0,34.1,36.3,82.1,476.2,low,34.0
Late Blight,2,0,-1.6,34.1,36.3,82.1,476.2,low,16.0
Fusarium Wilt,2,0,-2.0,34.1,36.3,82.1,476.2,low,28.0
Bacterial Spot,1,0,-0.6,34.1,36.3,82.1,476.2,low,28.0
Early Blight,1,0,-0.6,31.0,54.1,65.4,528.1,low,28.0
Late Blight,0,0,0.0,31.0,54.1,65.4,528.1,low,34.0
Fusarium Wilt,1,0,-1.0,31.0,54.1,65.4,528.1,moderate,44.0
Bacterial Spot,1,0,-0.6,31.0,54.1,65.4,528.1,low,28.0
Early Blight,1,0,-0.6,37.7,93.8,69.4,910.4,moderate,40.0
Late Blight,2,0,-1.6,37.7,93.8,69.4,910.4,low,28.0
Fusarium Wilt,1,0,-1.0,37.7,93.8,69.4,910.4,low,28.0
Bacterial Spot,1,0,-1.0,37.7,93.8,69.4,910.4,low,28.0
Early Blight,0,0,0.0,24.3,65.4,10.3,595.6,moderate,46.0
Late Blight,2,0,-1.6,24.3,65.4,10.3,595.6,low,16.0
Fusarium Wilt,1,0,-1.0,24.3,65.4,10.3,595.6,low,28.0
Bacterial Spot,1,0,-1.0,24.3,65.4,10.3,595.6,low,28.0
Early Blight,1,0,-0.6,24.7,67.1,23.3,515.3,moderate,40.0
Late Blight,0,0,0.0,24.7,67.1,23.3,515.3,low,34.0
Fusarium Wilt,1,0,-1.0,24.7,67.1,23.3,515.3,low,28.0
Bacterial Spot,1,0,-0.6,24.7,67.1,23.3,515.3,moderate,40.0
Early Blight,0,0,0.0,35.6,64.1,79.4,869.2,low,34.0
Late Blight,2,0,-1.6,35.6,64.1,79.4,869.2,low,16.0
Fusarium Wilt,1,0,-1.0,35.6,64.1,79.4,869.2,low,28.0
Bacterial Spot,0,0,0.0,35.6,64.1,79.4,869.2,low,34.0
Early Blight,0,0,0.0,17.6,42.0,44.3,294.6,low,34.0
Late Blight,1,0,-0.6,17.6,42.0,44.3,294.6,moderate,40.0
Fusarium Wilt,0,0,0.0,17.6,42.0,44.3,294.6,moderate,46.0
Bacterial Spot,2,0,-1.6,17.6,42.0,44.3,294.6,low,16.0
Early Blight,0,0,0.0,29.3,92.9,78.6,1194.9,moderate,62.0
Late Blight,1,0,-1.0,29.3,92.9,78.6,1194.9,low,28.0
Fusarium Wilt,1,0,-1.0,29.3,92.9,78.6,1194.9,moderate,44.0
Bacterial Spot,1,0,-1.0,29.3,92.9,78.6,1194.9,moderate,44.0
Early Blight,1,0,-0.6,36.3,36.8,45.5,739.4,low,28.0
Late Blight,2,0,-1.6,36.3,36.8,45.5,739.4,low,16.0
Fusarium Wilt,2,0,-2.0,36.3,36.8,45.5,739.4,low,16.0
Bacterial Spot,2,0,-1.6,36.3,36.8,45.5,739.4,low,16.0
Early Blight,1,0,-0.6,25.8,38.5,87.4,1105.4,moderate,40.0
Late Blight,0,0,0.0,25.8,38.5,87.4,1105.4,low,34.0
Fusarium Wilt,1,0,-1.0,25.8,38.5,87.4,1105.4,low,28.0
Bacterial Spot,2,0,-1.6,25.8,38.5,87.4,1105.4,low,28.0
Early Blight,0,0,0.0,21.5,89.8,31.2,1022.3,moderate,62.0
Late Blight,2,0,-1.6,21.5,89.8,31.2,1022.3,moderate,44.0
Fusarium Wilt,1,0,-1.0,21.5,89.8,31.2,1022.3,low,28.0
Bacterial Spot,2,0,-1.6,21.5,89.8,31.2,1022.3,low,28.0
Early Blight,1,0,-0.6,23.6,85.5,75.6,759.9,moderate,56.0
Late Blight,0,0,0.0,23.6,85.5,75.6,759.9,moderate,62.0
Fusarium Wilt,1,0,-1.0,23.6,85.5,75.6,759.9,low,28.0
Bacterial Spot,1,0,-1.0,23.6,85.5,75.6,759.9,low,28.0
Early Blight,0,0,0.0,34.1,84.5,56.2,241.8,moderate,46.0
Late Blight,1,0,-0.6,34.1,84.5,56.2,241.8,moderate,40.0
Fusarium Wilt,0,0,0.0,34.1,84.5,56.2,241.8,moderate,62.0
Bacterial Spot,2,0,-1.6,34.1,84.5,56.2,241.8,low,16.0
Early Blight,0,0,0.0,33.4,64.3,60.5,962.7,low,34.0
Late Blight,1,0,-0.6,33.4,64.3,60.5,962.7,low,28.0
Fusarium Wilt,0,0,0.0,33.4,64.3,60.5,962.7,moderate,62.0
Bacterial Spot,2,0,-1.6,33.4,64.3,60.5,962.7,low,16.0
Early Blight,0,0,0.0,25.1,72.8,57.5,130.6,moderate,62.0
Late Blight,1,0,-0.6,25.1,72.8,57.5,130.6,low,28.0
Fusarium Wilt,1,0,-1.0,25.1,72.8,57.5,130.6,moderate,44.0
Bacterial Spot,2,0,-1.6,25.1,72.8,57.5,130.6,low,28.0
Early Blight,1,0,-0.6,29.5,54.4,29.2,1087.7,moderate,40.0
Late Blight,1,0,-0.6,29.5,54.4,29.2,1087.7,low,28.0
Fusarium Wilt,0,0,0.0,29.5,54.4,29.2,1087.7,moderate,62.0
Bacterial Spot,0,0,0.0,29.5,54.4,29.2,1087.7,moderate,46.0
Early Blight,0,0,0.0,21.3,93.6,60.2,802.2,moderate,62.0
Late Blight,2,0,-1.6,21.3,93.6,60.2,802.2,moderate,44.0
Fusarium Wilt,1,0,-1.0,21.3,93.6,60.2,802.2,low,28.0
Bacterial Spot,1,0,-1.0,21.3,93.6,60.2,802.2,low,28.0
Early Blight,1,0,-0.6,17.1,63.6,38.9,1022.1,low,28.0
Late Blight,2,0,-1.6,17.1,63.6,38.9,1022.1,low,28.0
Fusarium Wilt,1,0,-1.0,17.1,63.6,38.9,1022.1,low,28.0
Bacterial Spot,1,0,-1.0,17.1,63.6,38.9,1022.1,low,16.0
Early Blight,1,0,-0.6,23.6,51.3,82.7,989.4,moderate,40.0
Late Blight,2,0,-1.6,23.6,51.3,82.7,989.4,low,28.0
Fusarium Wilt,0,0,0.0,23.6,51.3,82.7,989.4,moderate,46.0
Bacterial Spot,1,0,-1.0,23.6,51.3,82.7,989.4,low,16.0
Early Blight,1,0,-0.6,37.9,62.9,59.1,701.1,low,28.0
Late Blight,0,0,0.0,37.9,62.9,59.1,701.1,low,34.0
Fusarium Wilt,2,0,-2.0,37.9,62.9,59.1,701.1,low,28.0
Bacterial Spot,1,0,-1.0,37.9,62.9,59.1,701.1,low,16.0
Early Blight,1,0,-0.6,18.5,88.9,19.2,338.7,moderate,40.0
Late Blight,1,0,-1.0,18.5,88.9,19.2,338.7,moderate,44.0
Fusarium Wilt,1,0,-1.0,18.5,88.9,19.2,338.7,low,28.0
Bacterial Spot,1,0,-1.0,18.5,88.9,19.2,338.7,low,28.0
Early Blight,1,0,-0.6,23.0,67.5,33.5,919.7,moderate,40.0
Late Blight,1,0,-0.6,23.0,67.5,33.5,919.7,moderate,40.0
Fusarium Wilt,2,0,-2.0,23.0,67.5,33.5,919.7,low,28.0
Bacterial Spot,0,0,0.0,23.0,67.5,33.5,919.7,low,34.0
Early Blight,1,0,-0.6,21.5,56.7,56.7,943.1,moderate,40.0
Late Blight,0,0,0.0,21.5,56.7,56.7,943.1,moderate,46.0
Fusarium Wilt,1,0,-1.0,21.5,56.7,56.7,943.1,low,28.0
Bacterial Spot,1,0,-1.0,21.5,56.7,56.7,943.1,low,16.0
Early Blight,0,0,0.0,33.8,72.4,58.6,572.2,moderate,46.0
Late Blight,1,0,-1.0,33.8,72.4,58.6,572.2,low,16.0
Fusarium Wilt,2,0,-2.0,33.8,72.4,58.6,572.2,moderate,44.0
Bacterial Spot,1,0,-1.0,33.8,72.4,58.6,572.2,low,16.0
Early Blight,0,0,0.0,28.5,50.0,76.1,809.6,moderate,46.0
Late Blight,2,0,-1.6,28.5,50.0,76.1,809.6,low,16.0
Fusarium Wilt,2,0,-2.0,28.5,50.0,76.1,809.6,moderate,44.0
Bacterial Spot,1,0,-0.6,28.5,50.0,76.1,809.6,moderate,40.0
Early Blight,1,0,-0.6,16.7,74.7,39.8,957.5,moderate,40.0
Late Blight,2,0,-1.6,16.7,74.7,39.8,957.5,low,28.0
Fusarium Wilt,2,0,-2.0,16.7,74.7,39.8,957.5,low,28.0
Bacterial Spot,0,0,0.0,16.7,74.7,39.8,957.5,low,34.0
Early Blight,1,0,-0.6,27.9,56.2,58.1,680.0,moderate,40.0
Late Blight,1,0,-1.0,27.9,56.2,58.1,680.0,low,16.0
Fusarium Wilt,0,0,0.0,27.9,56.2,58.1,680.0,moderate,62.0
Bacterial Spot,1,0,-1.0,27.9,56.2,58.1,680.0,low,28.0
Early Blight,1,0,-0.6,24.7,81.4,35.4,452.1,moderate,56.0
Late Blight,1,0,-0.6,24.7,81.4,35.4,452.1,moderate,40.0
Fusarium Wilt,1,0,-1.0,24.7,81.4,35.4,452.1,low,28.0
Bacterial Spot,2,0,-1.6,24.7,81.4,35.4,452.1,low,28.0
Early Blight,0,0,0.0,22.5,56.0,56.1,413.5,moderate,46.0
Late Blight,0,0,0.0,22.5,56.0,56.1,413.5,moderate,46.0
Fusarium Wilt,1,0,-1.0,22.5,56.0,56.1,413.5,low,28.0
Bacterial Spot,1,0,-0.6,22.5,56.0,56.1,413.5,low,28.0
Early Blight,1,0,-0.6,35.6,92.4,13.1,809.3,moderate,40.0
Late Blight,1,0,-1.0,35.6,92.4,13.1,809.3,low,28.0
Fusarium Wilt,1,0,-1.0,35.6,92.4,13.1,809.3,low,28.0
Bacterial Spot,1,0,-0.6,35.6,92.4,13.1,809.3,moderate,40.0
Early Blight,0,0,0.0,27.8,51.3,59.0,532.7,moderate,46.0
Late Blight,1,0,-1.0,27.8,51.3,59.0,532.7,low,16.0
Fusarium Wilt,1,0,-1.0,27.8,51.3,59.0,532.7,moderate,44.0
Bacterial Spot,1,0,-1.0,27.8,51.3,59.0,532.7,low,28.0
Early Blight,1,0,-0.6,15.7,33.3,10.8,215.6,low,28.0
Late Blight,1,0,-0.6,15.7,33.3,10.8,215.6,moderate,40.0
Fusarium Wilt,2,0,-2.0,15.7,33.3,10.8,215.6,low,16.0
Bacterial Spot,1,0,-0.6,15.7,33.3,10.8,215.6,low,28.0
Early Blight,1,0,-0.6,35.8,97.3,84.7,1054.8,moderate,40.0
Late Blight,1,0,-0.6,35.8,97.3,84.7,1054.8,moderate,40.0
Fusarium Wilt,1,0,-1.0,35.8,97.3,84.7,1054.8,low,28.0
Bacterial Spot,1,0,-1.0,35.8,97.3,84.7,1054.8,low,28.0
Early Blight,1,0,-0.6,33.7,48.4,23.6,251.5,low,28.0
Late Blight,1,0,-1.0,33.7,48.4,23.6,251.5,low,16.0
Fusarium Wilt,0,0,0.0,33.7,48.4,23.6,251.5,moderate,62.0
Bacterial Spot,1,0,-0.6,33.7,48.4,23.6,251.5,low,28.0
Early Blight,0,0,0.0,25.3,38.3,52.2,735.7,moderate,46.0
Late Blight,1,0,-0.6,25.3,38.3,52.2,735.7,low,28.0
Fusarium Wilt,1,0,-1.0,25.3,38.3,52.2,735.7,low,28.0
Bacterial Spot,2,0,-1.6,25.3,38.3,52.2,735.7,low,28.0
Early Blight,0,0,0.0,16.9,68.0,79.8,825.4,low,34.0
Late Blight,2,0,-1.6,16.9,68.0,79.8,825.4,low,28.0
Fusarium Wilt,1,0,-1.0,16.9,68.0,79.8,825.4,low,28.0
Bacterial Spot,2,0,-1.6,16.9,68.0,79.8,825.4,low,16.0
Early Blight,0,0,0.0,33.8,42.8,18.4,329.5,low,34.0
Late Blight,0,0,0.0,33.8,42.8,18.4,329.5,low,34.0
Fusarium Wilt,1,0,-1.0,33.8,42.8,18.4,329.5,moderate,44.0
Bacterial Spot,2,0,-1.6,33.8,42.8,18.4,329.5,low,16.0
Early Blight,0,0,0.0,26.6,92.2,27.5,500.0,moderate,62.0
Late Blight,0,0,0.0,26.6,92.2,27.5,500.0,moderate,46.0
Fusarium Wilt,1,0,-1.0,26.6,92.2,27.5,500.0,moderate,44.0
Bacterial Spot,2,0,-1.6,26.6,92.2,27.5,500.0,moderate,44.0
Early Blight,0,0,0.0,22.1,89.1,61.9,262.0,moderate,62.0
Late Blight,1,0,-0.6,22.1,89.1,61.9,262.0,moderate,56.0
Fusarium Wilt,1,0,-1.0,22.1,89.1,61.9,262.0,low,28.0
Bacterial Spot,1,0,-1.0,22.1,89.1,61.9,262.0,low,28.0
Early Blight,1,0,-0.6,25.4,48.1,84.2,192.5,moderate,40.0
Late Blight,1,0,-1.0,25.4,48.1,84.2,192.5,low,16.0
Fusarium Wilt,1,0,-1.0,25.4,48.1,84.2,192.5,moderate,44.0
Bacterial Spot,2,0,-1.6,25.4,48.1,84.2,192.5,low,28.0
Early Blight,1,0,-0.6,29.9,79.8,43.8,423.4,moderate,56.0
Late Blight,0,0,0.0,29.9,79.8,43.8,423.4,moderate,46.0
Fusarium Wilt,2,0,-2.0,29.9,79.8,43.8,423.4,moderate,44.0
Bacterial Spot,0,0,0.0,29.9,79.8,43.8,423.4,moderate,46.0
Early Blight,1,0,-0.6,37.1,44.9,14.3,139.3,low,28.0
Late Blight,2,0,-1.6,37.1,44.9,14.3,139.3,low,16.0
Fusarium Wilt,1,0,-1.0,37.1,44.9,14.3,139.3,low,28.0
Bacterial Spot,1,0,-0.6,37.1,44.9,14.3,139.3,low,28.0
Early Blight,1,0,-0.6,17.3,79.9,80.4,395.1,moderate,40.0
Late Blight,1,0,-0.6,17.3,79.9,80.4,395.1,moderate,56.0
Fusarium Wilt,1,0,-1.0,17.3,79.9,80.4,395.1,low,28.0
Bacterial Spot,1,0,-0.6,17.3,79.9,80.4,395.1,low,28.0
Early Blight,0,0,0.0,26.6,77.6,48.1,435.9,moderate,62.0
Late Blight,2,0,-1.6,26.6,77.6,48.1,435.9,low,28.0
Fusarium Wilt,2,0,-2.0,26.6,77.6,48.1,435.9,moderate,44.0
Bacterial Spot,1,0,-0.6,26.6,77.6,48.1,435.9,moderate,40.0
Early Blight,1,0,-0.6,15.3,62.3,36.7,295.3,low,28.0
Late Blight,1,0,-1.0,15.3,62.3,36.7,295.3,low,28.0
Fusarium Wilt,0,0,0.0,15.3,62.3,36.7,295.3,moderate,46.0
Bacterial Spot,0,0,0.0,15.3,62.3,36.7,295.3,low,34.0
Early Blight,0,0,0.0,26.2,46.8,18.8,1000.8,moderate,46.0
Late Blight,0,0,0.0,26.2,46.8,18.8,1000.8,low,34.0
Fusarium Wilt,1,0,-1.0,26.2,46.8,18.8,1000.8,moderate,44.0
Bacterial Spot,2,0,-1.6,26.2,46.8,18.8,1000.8,low,28.0
Early Blight,0,0,0.0,22.0,80.1,46.2,908.3,moderate,62.0
Late Blight,2,0,-1.6,22.0,80.1,46.2,908.3,moderate,44.0
Fusarium Wilt,2,0,-2.0,22.0,80.1,46.2,908.3,low,28.0
Bacterial Spot,1,0,-1.0,22.0,80.1,46.2,908.3,low,16.0
Early Blight,0,0,0.0,35.5,82.7,78.6,1092.4,moderate,46.0
Late Blight,1,0,-1.0,35.5,82.7,78.6,1092.4,low,28.0
Fusarium Wilt,1,0,-1.0,35.5,82.7,78.6,1092.4,low,28.0
Bacterial Spot,0,0,0.0,35.5,82.7,78.6,1092.4,low,34.0
Early Blight,0,0,0.0,30.2,39.6,49.8,368.8,low,34.0
Late Blight,1,0,-0.6,30.2,39.6,49.8,368.8,low,28.0
Fusarium Wilt,1,0,-1.0,30.2,39.6,49.8,368.8,low,28.0
Bacterial Spot,0,0,0.0,30.2,39.6,49.8,368.8,low,34.0
Early Blight,1,0,-0.6,37.2,89.6,64.3,1089.1,moderate,40.0
Late Blight,0,0,0.0,37.2,89.6,64.3,1089.1,moderate,46.0
Fusarium Wilt,1,0,-1.0,37.2,89.6,64.3,1089.1,low,28.0
Bacterial Spot,1,0,-0.6,37.2,89.6,64.3,1089.1,moderate,40.0
Early Blight,0,0,0.0,24.6,97.6,34.7,145.2,moderate,62.0
Late Blight,1,0,-1.0,24.6,97.6,34.7,145.2,low,28.0
Fusarium Wilt,2,0,-2.0,24.6,97.6,34.7,145.2,low,28.0
Bacterial Spot,0,0,0.0,24.6,97.6,34.7,145.2,moderate,62.0
Early Blight,1,0,-0.6,21.6,95.9,49.9,854.1,moderate,56.0
Late Blight,1,0,-1.0,21.6,95.9,49.9,854.1,moderate,44.0
Fusarium Wilt,0,0,0.0,21.6,95.9,49.9,854.1,moderate,46.0
Bacterial Spot,2,0,-1.6,21.6,95.9,49.9,854.1,low,28.0
Early Blight,0,0,0.0,33.4,31.1,13.3,411.3,low,34.0
Late Blight,2,0,-1.6,33.4,31.1,13.3,411.3,low,16.0
Fusarium Wilt,1,0,-1.0,33.4,31.1,13.3,411.3,low,28.0
Bacterial Spot,2,0,-1.6,33.4,31.1,13.3,411.3,low,16.0
Early Blight,0,0,0.0,23.1,49.3,78.7,831.9,moderate,46.0
Late Blight,2,0,-1.6,23.1,49.3,78.7,831.9,low,28.0
Fusarium Wilt,1,0,-1.0,23.1,49.3,78.7,831.9,low,28.0
Bacterial Spot,1,0,-1.0,23.1,49.3,78.7,831.9,low,16.0
Early Blight,0,0,0.0,16.9,44.9,47.9,490.1,low,34.0
Late Blight,1,0,-0.6,16.9,44.9,47.9,490.1,moderate,40.0
Fusarium Wilt,1,0,-1.0,16.9,44.9,47.9,490.1,low,28.0
Bacterial Spot,2,0,-1.6,16.9,44.9,47.9,490.1,low,16.0
Early Blight,0,0,0.0,22.1,68.3,64.3,454.7,moderate,46.0
Late Blight,1,0,-0.6,22.1,68.3,64.3,454.7,moderate,40.0
Fusarium Wilt,1,0,-1.0,22.1,68.3,64.3,454.7,low,28.0
Bacterial Spot,2,0,-1.6,22.1,68.3,64.3,454.7,low,16.0
Early Blight,0,0,0.0,28.0,72.7,53.7,513.6,moderate,62.0
Late Blight,2,0,-1.6,28.0,72.7,53.7,513.6,low,16.0
Fusarium Wilt,2,0,-2.0,28.0,72.7,53.7,513.6,moderate,44.0
Bacterial Spot,0,0,0.0,28.0,72.7,53.7,513.6,moderate,46.0
Early Blight,1,0,-0.6,25.8,59.1,43.6,551.3,moderate,40.0
Late Blight,0,0,0.0,25.8,59.1,43.6,551.3,low,34.0
Fusarium Wilt,1,0,-1.0,25.8,59.1,43.6,551.3,moderate,44.0
Bacterial Spot,1,0,-0.6,25.8,59.1,43.6,551.3,moderate,40.0
Early Blight,0,0,0.0,20.6,64.8,20.2,697.6,moderate,46.0
Late Blight,1,0,-1.0,20.6,64.8,20.2,697.6,low,28.0
Fusarium Wilt,2,0,-2.0,20.6,64.8,20.2,697.6,low,28.0
Bacterial Spot,1,0,-1.0,20.6,64.8,20.2,697.6,low,16.0
Early Blight,0,0,0.0,35.1,61.3,14.3,160.2,low,34.0
Late Blight,1,0,-0.6,35.1,61.3,14.3,160.2,low,28.0
Fusarium Wilt,2,0,-2.0,35.1,61.3,14.3,160.2,low,28.0
Bacterial Spot,2,0,-1.6,35.1,61.3,14.3,160.2,low,16.0
Early Blight,1,0,-0.6,16.4,80.4,64.0,913.3,moderate,40.0
Late Blight,2,0,-1.6,16.4,80.4,64.0,913.3,moderate,44.0
Fusarium Wilt,1,0,-1.0,16.4,80.4,64.0,913.3,low,28.0
Bacterial Spot,1,0,-1.0,16.4,80.4,64.0,913.3,low,16.0
Early Blight,1,0,-0.6,34.6,50.5,34.9,1188.1,low,28.0
Late Blight,1,0,-1.0,34.6,50.5,34.9,1188.1,low,16.0
Fusarium Wilt,2,0,-2.0,34.6,50.5,34.9,1188.1,moderate,44.0
Bacterial Spot,1,0,-0.6,34.6,50.5,34.9,1188.1,low,28.0
Early Blight,1,0,-0.6,17.2,43.9,47.9,1016.0,low,28.0
Late Blight,2,0,-1.6,17.2,43.9,47.9,1016.0,low,28.0
Fusarium Wilt,1,0,-1.0,17.2,43.9,47.9,1016.0,low,28.0
Bacterial Spot,0,0,0.0,17.2,43.9,47.9,1016.0,low,34.0
Early Blight,0,0,0.0,27.6,85.9,64.5,1045.2,moderate,62.0
Late Blight,1,0,-1.0,27.6,85.9,64.5,1045.2,low,28.0
Fusarium Wilt,1,0,-1.0,27.6,85.9,64.5,1045.2,moderate,44.0
Bacterial Spot,1,0,-0.6,27.6,85.9,64.5,1045.2,moderate,56.0
Early Blight,0,0,0.0,32.1,67.2,48.1,419.0,low,34.0
Late Blight,1,0,-0.6,32.1,67.2,48.1,419.0,low,28.0
Fusarium Wilt,1,0,-1.0,32.1,67.2,48.1,419.0,moderate,44.0
Bacterial Spot,1,0,-0.6,32.1,67.2,48.1,419.0,low,28.0
Early Blight,0,0,0.0,24.6,58.9,12.2,602.8,moderate,46.0
Late Blight,2,0,-1.6,24.6,58.9,12.2,602.8,low,16.0
Fusarium Wilt,0,0,0.0,24.6,58.9,12.2,602.8,moderate,46.0
Bacterial Spot,1,0,-0.6,24.6,58.9,12.2,602.8,moderate,40.0
Early Blight,1,0,-0.6,35.9,95.5,47.4,895.4,moderate,40.0
Late Blight,1,0,-0.6,35.9,95.5,47.4,895.4,moderate,40.0
Fusarium Wilt,0,0,0.0,35.9,95.5,47.4,895.4,moderate,46.0
Bacterial Spot,1,0,-1.0,35.9,95.5,47.4,895.4,low,28.0
Early Blight,0,0,0.0,24.0,34.3,62.5,487.1,moderate,46.0
Late Blight,1,0,-1.0,24.0,34.3,62.5,487.1,low,28.0
Fusarium Wilt,1,0,-1.0,24.0,34.3,62.5,487.1,low,16.0
Bacterial Spot,1,0,-0.6,24.0,34.3,62.5,487.1,moderate,40.0
Early Blight,1,0,-0.6,24.1,92.3,61.6,514.2,moderate,56.0
Late Blight,0,0,0.0,24.1,92.3,61.6,514.2,moderate,46.0
Fusarium Wilt,0,0,0.0,24.1,92.3,61.6,514.2,moderate,46.0
Bacterial Spot,1,0,-0.6,24.1,92.3,61.6,514.2,moderate,56.0
Early Blight,1,0,-0.6,22.5,95.0,37.8,779.2,moderate,56.0
Late Blight,1,0,-1.0,22.5,95.0,37.8,779.2,moderate,44.0
Fusarium Wilt,2,0,-2.0,22.5,95.0,37.8,779.2,low,28.0
Bacterial Spot,1,0,-1.0,22.5,95.0,37.8,779.2,low,28.0
Early Blight,0,0,0.0,26.0,81.7,88.5,989.4,moderate,62.0
Late Blight,1,0,-1.0,26.0,81.7,88.5,989.4,low,28.0
Fusarium Wilt,1,0,-1.0,26.0,81.7,88.5,989.4,moderate,44.0
Bacterial Spot,1,0,-0.6,26.0,81.7,88.5,989.4,moderate,40.0
Early Blight,1,0,-0.6,16.5,71.6,19.2,1031.5,moderate,40.0
Late Blight,0,0,0.0,16.5,71.6,19.2,1031.5,moderate,46.0
Fusarium Wilt,0,0,0.0,16.5,71.6,19.2,1031.5,moderate,46.0
Bacterial Spot,1,0,-1.0,16.5,71.6,19.2,1031.5,low,16.0
Early Blight,1,0,-0.6,23.7,97.2,55.9,319.7,moderate,56.0
Late Blight,2,0,-1.6,23.7,97.2,55.9,319.7,moderate,44.0
Fusarium Wilt,2,0,-2.0,23.7,97.2,55.9,319.7,low,28.0
Bacterial Spot,0,0,0.0,23.7,97.2,55.9,319.7,moderate,46.0
Early Blight,1,0,-0.6,19.4,69.6,60.3,835.5,low,28.0
Late Blight,0,0,0.0,19.4,69.6,60.3,835.5,moderate,46.0
Fusarium Wilt,2,0,-2.0,19.4,69.6,60.3,835.5,low,28.0
Bacterial Spot,1,0,-0.6,19.4,69.6,60.3,835.5,low,28.0
Early Blight,1,0,-0.6,19.3,79.6,82.9,806.5,moderate,40.0
Late Blight,0,0,0.0,19.3,79.6,82.9,806.5,moderate,62.0
Fusarium Wilt,2,0,-2.0,19.3,79.6,82.9,806.5,low,28.0
Bacterial Spot,0,0,0.0,19.3,79.6,82.9,806.5,low,34.0
Early Blight,1,0,-0.6,18.2,34.6,44.2,513.7,low,28.0
Late Blight,1,0,-1.0,18.2,34.6,44.2,513.7,low,28.0
Fusarium Wilt,2,0,-2.0,18.2,34.6,44.2,513.7,low,16.0
Bacterial Spot,1,0,-1.0,18.2,34.6,44.2,513.7,low,16.0
Early Blight,1,0,-0.6,22.6,45.2,85.2,1114.5,moderate,40.0
Late Blight,1,0,-0.6,22.6,45.2,85.2,1114.5,moderate,40.0
Fusarium Wilt,0,0,0.0,22.6,45.2,85.2,1114.5,moderate,46.0
Bacterial Spot,1,0,-1.0,22.6,45.2,85.2,1114.5,low,16.0
Early Blight,1,0,-0.6,34.6,93.4,50.0,539.1,moderate,40.0
Late Blight,1,0,-0.6,34.6,93.4,50.0,539.1,moderate,40.0
Fusarium Wilt,1,0,-1.0,34.6,93.4,50.0,539.1,moderate,44.0
Bacterial Spot,2,0,-1.6,34.6,93.4,50.0,539.1,low,28.0
Early Blight,1,0,-0.6,22.8,47.7,36.8,941.2,moderate,40.0
Late Blight,0,0,0.0,22.8,47.7,36.8,941.2,moderate,46.0
Fusarium Wilt,0,0,0.0,22.8,47.7,36.8,941.2,moderate,46.0
Bacterial Spot,1,0,-0.6,22.8,47.7,36.8,941.2,low,28.0
Early Blight,0,0,0.0,16.7,94.5,82.3,873.4,moderate,46.0
Late Blight,1,0,-1.0,16.7,94.5,82.3,873.4,moderate,44.0
Fusarium Wilt,0,0,0.0,16.7,94.5,82.3,873.4,moderate,46.0
Bacterial Spot,1,0,-0.6,16.7,94.5,82.3,873.4,moderate,40.0
Early Blight,1,0,-0.6,27.7,94.4,31.6,145.9,moderate,56.0
Late Blight,0,0,0.0,27.7,94.4,31.6,145.9,moderate,46.0
Fusarium Wilt,2,0,-2.0,27.7,94.4,31.6,145.9,moderate,44.0
Bacterial Spot,0,0,0.0,27.7,94.4,31.6,145.9,moderate,62.0
Early Blight,0,0,0.0,15.5,33.8,71.9,992.5,low,34.0
Late Blight,0,0,0.0,15.5,33.8,71.9,992.5,moderate,46.0
Fusarium Wilt,0,0,0.0,15.5,33.8,71.9,992.5,low,34.0
Bacterial Spot,1,0,-1.0,15.5,33.8,71.9,992.5,low,16.0
Early Blight,1,0,-0.6,31.0,59.2,44.1,251.5,low,28.0
Late Blight,0,0,0.0,31.0,59.2,44.1,251.5,low,34.0
Fusarium Wilt,2,0,-2.0,31.0,59.2,44.1,251.5,moderate,44.0
Bacterial Spot,2,0,-1.6,31.0,59.2,44.1,251.5,low,16.0
Early Blight,0,0,0.0,20.3,70.0,28.2,922.2,moderate,62.0
Late Blight,0,0,0.0,20.3,70.0,28.2,922.2,moderate,46.0
Fusarium Wilt,1,0,-1.0,20.3,70.0,28.2,922.2,low,28.0
Bacterial Spot,0,0,0.0,20.3,70.0,28.2,922.2,low,34.0
Early Blight,1,0,-0.6,16.8,38.6,24.4,148.1,low,28.0
Late Blight,1,0,-0.6,16.8,38.6,24.4,148.1,moderate,40.0
Fusarium Wilt,1,0,-1.0,16.8,38.6,24.4,148.1,low,16.0
Bacterial Spot,2,0,-1.6,16.8,38.6,24.4,148.1,low,16.0
Early Blight,0,0,0.0,16.8,47.0,53.5,644.4,low,34.0
Late Blight,1,0,-1.0,16.8,47.0,53.5,644.4,low,28.0
Fusarium Wilt,1,0,-1.0,16.8,47.0,53.5,644.4,low,28.0
Bacterial Spot,0,0,0.0,16.8,47.0,53.5,644.4,low,34.0
Early Blight,0,0,0.0,21.7,74.4,52.1,394.3,moderate,62.0
Late Blight,1,0,-0.6,21.7,74.4,52.1,394.3,moderate,40.0
Fusarium Wilt,0,0,0.0,21.7,74.4,52.1,394.3,moderate,46.0
Bacterial Spot,1,0,-0.6,21.7,74.4,52.1,394.3,low,28.0
Early Blight,0,0,0.0,19.7,39.3,88.1,353.6,low,34.0
Late Blight,2,0,-1.6,19.7,39.3,88.1,353.6,low,28.0
Fusarium Wilt,1,0,-1.0,19.7,39.3,88.1,353.6,low,16.0
Bacterial Spot,0,0,0.0,19.7,39.3,88.1,353.6,low,34.0
Early Blight,1,0,-0.6,29.9,60.9,19.1,648.8,moderate,40.0
Late Blight,2,0,-1.6,29.9,60.9,19.1,648.8,low,16.0
Fusarium Wilt,1,0,-1.0,29.9,60.9,19.1,648.8,moderate,44.0
Bacterial Spot,1,0,-1.0,29.9,60.9,19.1,648.8,low,28.0
Early Blight,1,0,-0.6,26.4,88.7,40.8,148.9,moderate,56.0
Late Blight,2,0,-1.6,26.4,88.7,40.8,148.9,low,28.0
Fusarium Wilt,2,0,-2.0,26.4,88.7,40.8,148.9,moderate,44.0
Bacterial Spot,1,0,-0.6,26.4,88.7,40.8,148.9,moderate,56.0
Early Blight,0,0,0.0,15.6,71.4,81.5,1115.0,moderate,46.0
Late Blight,0,0,0.0,15.6,71.4,81.5,1115.0,moderate,46.0
Fusarium Wilt,1,0,-1.0,15.6,71.4,81.5,1115.0,low,28.0
Bacterial Spot,1,0,-0.6,15.6,71.4,81.5,1115.0,low,28.0
Early Blight,1,0,-0.6,24.8,79.6,68.8,162.8,moderate,56.0
Late Blight,1,0,-1.0,24.8,79.6,68.8,162.8,low,28.0
Fusarium Wilt,0,0,0.0,24.8,79.6,68.8,162.8,moderate,46.0
Bacterial Spot,1,0,-0.6,24.8,79.6,68.8,162.8,moderate,40.0
Early Blight,1,0,-0.6,28.2,68.6,51.5,278.8,moderate,40.0
Late Blight,0,0,0.0,28.2,68.6,51.5,278.8,low,34.0
Fusarium Wilt,2,0,-2.0,28.2,68.6,51.5,278.8,moderate,44.0
Bacterial Spot,0,0,0.0,28.2,68.6,51.5,278.8,moderate,46.0
Early Blight,1,0,-0.6,17.0,47.0,53.4,471.3,low,28.0
Late Blight,1,0,-0.6,17.0,47.0,53.4,471.3,moderate,40.0
Fusarium Wilt,0,0,0.0,17.0,47.0,53.4,471.3,moderate,46.0
Bacterial Spot,0,0,0.0,17.0,47.0,53.4,471.3,low,34.0
Early Blight,1,0,-0.6,17.9,68.7,35.7,391.0,low,28.0
Late Blight,2,0,-1.6,17.9,68.7,35.7,391.0,low,28.0
Fusarium Wilt,1,0,-1.0,17.9,68.7,35.7,391.0,low,28.0
Bacterial Spot,1,0,-1.0,17.9,68.7,35.7,391.0,low,16.0
Early Blight,0,0,0.0,20.0,34.0,85.1,404.1,moderate,46.0
Late Blight,2,0,-1.6,20.0,34.0,85.1,404.1,low,28.0
Fusarium Wilt,1,0,-1.0,20.0,34.0,85.1,404.1,low,16.0
Bacterial Spot,1,0,-1.0,20.0,34.0,85.1,404.1,low,16.0
Early Blight,1,0,-0.6,17.9,72.9,21.8,779.7,moderate,40.0
Late Blight,2,0,-1.6,17.9,72.9,21.8,779.7,low,28.0
Fusarium Wilt,0,0,0.0,17.9,72.9,21.8,779.7,moderate,46.0
Bacterial Spot,1,0,-0.6,17.9,72.9,21.8,779.7,low,28.0
Early Blight,1,0,-0.6,31.5,34.1,67.2,385.0,low,28.0
Late Blight,0,0,0.0,31.5,34.1,67.2,385.0,low,34.0
Fusarium Wilt,1,0,-1.0,31.5,34.1,67.2,385.0,low,28.0
Bacterial Spot,1,0,-0.6,31.5,34.1,67.2,385.0,low,28.0
Early Blight,1,0,-0.6,16.8,60.2,50.9,360.7,low,28.0
Late Blight,1,0,-1.0,16.8,60.2,50.9,360.7,low,28.0
Fusarium Wilt,1,0,-1.0,16.8,60.2,50.9,360.7,low,28.0
Bacterial Spot,1,0,-0.6,16.8,60.2,50.9,360.7,low,28.0
Early Blight,0,0,0.0,22.5,83.6,36.8,549.0,moderate,62.0
Late Blight,1,0,-1.0,22.5,83.6,36.8,549.0,moderate,44.0
Fusarium Wilt,1,0,-1.0,22.5,83.6,36.8,549.0,low,28.0
Bacterial Spot,1,0,-1.0,22.5,83.6,36.8,549.0,low,16.0
Early Blight,0,0,0.0,36.0,31.7,58.7,988.8,low,34.0
Late Blight,0,0,0.0,36.0,31.7,58.7,988.8,low,34.0
Fusarium Wilt,1,0,-1.0,36.0,31.7,58.7,988.8,low,16.0
Bacterial Spot,1,0,-1.0,36.0,31.7,58.7,988.8,low,16.0
Early Blight,1,0,-0.6,15.7,79.4,40.5,1197.6,moderate,40.0
Late Blight,1,0,-1.0,15.7,79.4,40.5,1197.6,moderate,44.0
Fusarium Wilt,1,0,-1.0,15.7,79.4,40.5,1197.6,low,28.0
Bacterial Spot,0,0,0.0,15.7,79.4,40.5,1197.6,low,34.0
Early Blight,1,0,-0.6,24.6,79.8,77.8,680.5,moderate,56.0
Late Blight,1,0,-1.0,24.6,79.8,77.8,680.5,low,28.0
Fusarium Wilt,2,0,-2.0,24.6,79.8,77.8,680.5,low,28.0
Bacterial Spot,1,0,-0.6,24.6,79.8,77.8,680.5,moderate,40.0
Early Blight,1,0,-0.6,20.6,46.5,71.4,498.2,moderate,40.0
Late Blight,1,0,-0.6,20.6,46.5,71.4,498.2,moderate,40.0
Fusarium Wilt,1,0,-1.0,20.6,46.5,71.4,498.2,low,28.0
Bacterial Spot,1,0,-0.6,20.6,46.5,71.4,498.2,low,28.0
Early Blight,0,0,0.0,23.1,64.4,83.2,818.7,moderate,46.0
Late Blight,2,0,-1.6,23.1,64.4,83.2,818.7,low,28.0
Fusarium Wilt,0,0,0.0,23.1,64.4,83.2,818.7,moderate,46.0
Bacterial Spot,1,0,-1.0,23.1,64.4,83.2,818.7,low,16.0
Early Blight,1,0,-0.6,32.9,57.7,56.8,252.0,low,28.0
Late Blight,2,0,-1.6,32.9,57.7,56.8,252.0,low,16.0
Fusarium Wilt,2,0,-2.0,32.9,57.7,56.8,252.0,moderate,44.0
Bacterial Spot,0,0,0.0,32.9,57.7,56.8,252.0,low,34.0
Early Blight,1,0,-0.6,29.6,82.5,82.0,1064.0,moderate,56.0
Late Blight,2,0,-1.6,29.6,82.5,82.0,1064.0,low,28.0
Fusarium Wilt,0,0,0.0,29.6,82.5,82.0,1064.0,moderate,62.0
Bacterial Spot,1,0,-0.6,29.6,82.5,82.0,1064.0,moderate,40.0
Early Blight,1,0,-0.6,15.8,59.3,65.2,1188.9,low,28.0
Late Blight,0,0,0.0,15.8,59.3,65.2,1188.9,moderate,46.0
Fusarium Wilt,1,0,-1.0,15.8,59.3,65.2,1188.9,low,28.0
Bacterial Spot,1,0,-1.0,15.8,59.3,65.2,1188.9,low,16.0
Early Blight,0,0,0.0,31.4,38.1,81.8,1088.2,low,34.0
Late Blight,0,0,0.0,31.4,38.1,81.8,1088.2,low,34.0
Fusarium Wilt,1,0,-1.0,31.4,38.1,81.8,1088.2,low,28.0
Bacterial Spot,2,0,-1.6,31.4,38.1,81.8,1088.2,low,16.0
Early Blight,1,0,-0.6,24.4,60.6,76.8,418.2,moderate,40.0
Late Blight,2,0,-1.6,24.4,60.6,76.8,418.2,low,16.0
Fusarium Wilt,0,0,0.0,24.4,60.6,76.8,418.2,moderate,46.0
Bacterial Spot,1,0,-0.6,24.4,60.6,76.8,418.2,moderate,40.0
Early Blight,1,0,-0.6,35.6,70.4,39.6,814.3,moderate,40.0
Late Blight,1,0,-1.0,35.6,70.4,39.6,814.3,low,16.0
Fusarium Wilt,0,0,0.0,35.6,70.4,39.6,814.3,moderate,46.0
Bacterial Spot,2,0,-1.6,35.6,70.4,39.6,814.3,low,16.0
Early Blight,0,0,0.0,22.8,68.4,81.8,737.8,moderate,46.0
Late Blight,2,0,-1.6,22.8,68.4,81.8,737.8,low,28.0
Fusarium Wilt,2,0,-2.0,22.8,68.4,81.8,737.8,low,28.0
Bacterial Spot,1,0,-1.0,22.8,68.4,81.8,737.8,low,16.0
Early Blight,0,0,0.0,31.9,97.3,26.9,671.0,moderate,46.0
Late Blight,1,0,-0.6,31.9,97.3,26.9,671.0,moderate,40.0
Fusarium Wilt,2,0,-2.0,31.9,97.3,26.9,671.0,moderate,44.0
Bacterial Spot,2,0,-1.6,31.9,97.3,26.9,671.0,low,28.0
Early Blight,0,0,0.0,35.4,49.6,83.4,1187.7,low,34.0
Late Blight,0,0,0.0,35.4,49.6,83.4,1187.7,low,34.0
Fusarium Wilt,2,0,-2.0,35.4,49.6,83.4,1187.7,low,28.0
Bacterial Spot,0,0,0.0,35.4,49.6,83.4,1187.7,low,34.0
Early Blight,0,0,0.0,15.6,91.4,86.8,693.8,moderate,46.0
Late Blight,1,0,-1.0,15.6,91.4,86.8,693.8,moderate,44.0
Fusarium Wilt,2,0,-2.0,15.6,91.4,86.8,693.8,low,28.0
Bacterial Spot,0,0,0.0,15.6,91.4,86.8,693.8,moderate,46.0
Early Blight,1,0,-0.6,31.8,65.4,76.5,424.4,low,28.0
Late Blight,0,0,0.0,31.8,65.4,76.5,424.4,low,34.0
Fusarium Wilt,2,0,-2.0,31.8,65.4,76.5,424.4,moderate,44.0
Bacterial Spot,1,0,-1.0,31.8,65.4,76.5,424.4,low,16.0
Early Blight,1,0,-0.6,37.8,79.8,19.3,489.1,moderate,40.0
Late Blight,0,0,0.0,37.8,79.8,19.3,489.1,moderate,46.0
Fusarium Wilt,1,0,-1.0,37.8,79.8,19.3,489.1,low,28.0
Bacterial Spot,1,0,-1.0,37.8,79.8,19.3,489.1,low,16.0
Early Blight,0,0,0.0,26.8,82.8,66.5,446.3,moderate,62.0
Late Blight,1,0,-1.0,26.8,82.8,66.5,446.3,low,28.0
Fusarium Wilt,1,0,-1.0,26.8,82.8,66.5,446.3,moderate,44.0
Bacterial Spot,0,0,0.0,26.8,82.8,66.5,446.3,moderate,46.0
Early Blight,1,0,-0.6,35.2,32.4,60.8,108.8,low,28.0
Late Blight,1,0,-1.0,35.2,32.4,60.8,108.8,low,16.0
Fusarium Wilt,1,0,-1.0,35.2,32.4,60.8,108.8,low,16.0
Bacterial Spot,1,0,-1.0,35.2,32.4,60.8,108.8,low,16.0
Early Blight,0,0,0.0,31.9,49.2,25.9,1063.5,low,34.0
Late Blight,0,0,0.0,31.9,49.2,25.9,1063.5,low,34.0
Fusarium Wilt,2,0,-2.0,31.9,49.2,25.9,1063.5,moderate,44.0
Bacterial Spot,1,0,-0.6,31.9,49.2,25.9,1063.5,low,28.0
Early Blight,0,0,0.0,19.1,58.4,31.0,518.3,low,34.0
Late Blight,1,0,-0.6,19.1,58.4,31.0,518.3,moderate,40.0
Fusarium Wilt,1,0,-1.0,19.1,58.4,31.0,518.3,low,28.0
Bacterial Spot,2,0,-1.6,19.1,58.4,31.0,518.3,low,16.0
Early Blight,1,0,-0.6,21.7,63.0,73.7,531.4,moderate,40.0
Late Blight,2,0,-1.6,21.7,63.0,73.7,531.4,low,28.0
Fusarium Wilt,1,0,-1.0,21.7,63.0,73.7,531.4,low,28.0
Bacterial Spot,1,0,-0.6,21.7,63.0,73.7,531.4,low,28.0
Early Blight,1,0,-0.6,37.3,52.1,63.0,227.4,low,28.0
Late Blight,2,0,-1.6,37.3,52.1,63.0,227.4,low,16.0
Fusarium Wilt,0,0,0.0,37.3,52.1,63.0,227.4,moderate,46.0
Bacterial Spot,1,0,-0.6,37.3,52.1,63.0,227.4,low,28.0
Early Blight,1,0,-0.6,33.5,63.3,43.0,358.3,low,28.0
Late Blight,0,0,0.0,33.5,63.3,43.0,358.3,low,34.0
Fusarium Wilt,1,0,-1.0,33.5,63.3,43.0,358.3,moderate,44.0
Bacterial Spot,1,0,-0.6,33.5,63.3,43.0,358.3,low,28.0
Early Blight,0,0,0.0,22.3,56.6,45.4,538.5,moderate,46.0
Late Blight,1,0,-1.0,22.3,56.6,45.4,538.5,low,28.0
Fusarium Wilt,1,0,-1.0,22.3,56.6,45.4,538.5,low,28.0
Bacterial Spot,2,0,-1.6,22.3,56.6,45.4,538.5,low,16.0
Early Blight,0,0,0.0,28.2,41.3,26.5,787.8,moderate,46.0
Late Blight,1,0,-0.6,28.2,41.3,26.5,787.8,low,28.0
Fusarium Wilt,1,0,-1.0,28.2,41.3,26.5,787.8,moderate,44.0
Bacterial Spot,0,0,0.0,28.2,41.3,26.5,787.8,moderate,46.0
Early Blight,0,0,0.0,17.1,77.9,83.0,943.5,moderate,46.0
Late Blight,0,0,0.0,17.1,77.9,83.0,943.5,moderate,62.0
Fusarium Wilt,2,0,-2.0,17.1,77.9,83.0,943.5,low,28.0
Bacterial Spot,1,0,-1.0,17.1,77.9,83.0,943.5,low,16.0
Early Blight,1,0,-0.6,34.8,45.6,74.1,1101.7,low,28.0
Late Blight,1,0,-1.0,34.8,45.6,74.1,1101.7,low,16.0
Fusarium Wilt,1,0,-1.0,34.8,45.6,74.1,1101.7,moderate,44.0
Bacterial Spot,1,0,-1.0,34.8,45.6,74.1,1101.7,low,16.0
Early Blight,1,0,-0.6,17.4,57.1,48.8,272.6,low,28.0
Late Blight,1,0,-1.0,17.4,57.1,48.8,272.6,low,28.0
Fusarium Wilt,2,0,-2.0,17.4,57.1,48.8,272.6,low,28.0
Bacterial Spot,1,0,-1.0,17.4,57.1,48.8,272.6,low,16.0
Early Blight,1,0,-0.6,30.1,38.9,69.2,397.0,low,28.0
Late Blight,1,0,-1.0,30.1,38.9,69.2,397.0,low,16.0
Fusarium Wilt,1,0,-1.0,30.1,38.9,69.2,397.0,low,28.0
Bacterial Spot,1,0,-1.0,30.1,38.9,69.2,397.0,low,16.0
Early Blight,1,0,-0.6,28.9,40.3,68.9,971.9,moderate,40.0
Late Blight,1,0,-0.6,28.9,40.3,68.9,971.9,low,28.0
Fusarium Wilt,1,0,-1.0,28.9,40.3,68.9,971.9,moderate,44.0
Bacterial Spot,2,0,-1.6,28.9,40.3,68.9,971.9,low,28.0
Early Blight,1,0,-0.6,19.7,48.0,62.5,618.5,low,28.0
Late Blight,1,0,-1.0,19.7,48.0,62.5,618.5,low,28.0
Fusarium Wilt,1,0,-1.0,19.7,48.0,62.5,618.5,low,28.0
Bacterial Spot,0,0,0.0,19.7,48.0,62.5,618.5,low,34.0
Early Blight,1,0,-0.6,20.6,31.2,49.8,533.0,moderate,40.0
Late Blight,1,0,-0.6,20.6,31.2,49.8,533.0,moderate,40.0
Fusarium Wilt,1,0,-1.0,20.6,31.2,49.8,533.0,low,16.0
Bacterial Spot,2,0,-1.6,20.6,31.2,49.8,533.0,low,16.0
Early Blight,0,0,0.0,23.5,68.3,61.4,465.7,moderate,46.0
Late Blight,1,0,-0.6,23.5,68.3,61.4,465.7,moderate,40.0
Fusarium Wilt,1,0,-1.0,23.5,68.3,61.4,465.7,low,28.0
Bacterial Spot,2,0,-1.6,23.5,68.3,61.4,465.7,low,16.0
Early Blight,0,0,0.0,18.3,71.9,47.9,895.3,moderate,46.0
Late Blight,1,0,-1.0,18.3,71.9,47.9,895.3,low,28.0
Fusarium Wilt,2,0,-2.0,18.3,71.9,47.9,895.3,low,28.0
Bacterial Spot,2,0,-1.6,18.3,71.9,47.9,895.3,low,16.0
Early Blight,0,0,0.0,22.4,68.4,42.5,106.1,moderate,46.0
Late Blight,0,0,0.0,22.4,68.4,42.5,106.1,moderate,46.0
Fusarium Wilt,1,0,-1.0,22.4,68.4,42.5,106.1,low,28.0
Bacterial Spot,1,0,-0.6,22.4,68.4,42.5,106.1,low,28.0
Early Blight,1,0,-0.6,31.3,65.0,78.7,1192.0,low,28.0
Late Blight,1,0,-1.0,31.3,65.0,78.7,1192.0,low,16.0
Fusarium Wilt,1,0,-1.0,31.3,65.0,78.7,1192.0,moderate,44.0
Bacterial Spot,1,0,-1.0,31.3,65.0,78.7,1192.0,low,16.0
Early Blight,1,0,-0.6,18.8,59.8,87.8,143.0,low,28.0
Late Blight,1,0,-1.0,18.8,59.8,87.8,143.0,low,28.0
Fusarium Wilt,1,0,-1.0,18.8,59.8,87.8,143.0,low,28.0
Bacterial Spot,1,0,-0.6,18.8,59.8,87.8,143.0,low,28.0
Early Blight,0,0,0.0,21.8,59.6,33.5,1114.2,moderate,46.0
Late Blight,0,0,0.0,21.8,59.6,33.5,1114.2,moderate,46.0
Fusarium Wilt,1,0,-1.0,21.8,59.6,33.5,1114.2,low,28.0
Bacterial Spot,1,0,-1.0,21.8,59.6,33.5,1114.2,low,16.0
Early Blight,1,0,-0.6,19.7,71.8,67.2,671.3,moderate,40.0
Late Blight,1,0,-1.0,19.7,71.8,67.2,671.3,low,28.0
Fusarium Wilt,0,0,0.0,19.7,71.8,67.2,671.3,moderate,46.0
Bacterial Spot,1,0,-0.6,19.7,71.8,67.2,671.3,low,28.0
Early Blight,1,0,-0.6,27.1,86.4,10.8,557.9,moderate,56.0
Late Blight,1,0,-1.0,27.1,86.4,10.8,557.9,low,28.0
Fusarium Wilt,2,0,-2.0,27.1,86.4,10.8,557.9,moderate,44.0
Bacterial Spot,0,0,0.0,27.1,86.4,10.8,557.9,moderate,62.0
Early Blight,1,0,-0.6,22.6,34.2,47.5,272.1,moderate,40.0
Late Blight,1,0,-0.6,22.6,34.2,47.5,272.1,moderate,40.0
Fusarium Wilt,0,0,0.0,22.6,34.2,47.5,272.1,low,34.0
Bacterial Spot,1,0,-1.0,22.6,34.2,47.5,272.1,low,16.0
Early Blight,1,0,-0.6,35.0,69.7,34.5,787.0,low,28.0
Late Blight,1,0,-1.0,35.0,69.7,34.5,787.0,low,16.0
Fusarium Wilt,1,0,-1.0,35.0,69.7,34.5,787.0,moderate,44.0
Bacterial Spot,1,0,-1.0,35.0,69.7,34.5,787.0,low,16.0
Early Blight,0,0,0.0,21.4,47.9,18.2,976.6,moderate,46.0
Late Blight,1,0,-0.6,21.4,47.9,18.2,976.6,moderate,40.0
Fusarium Wilt,0,0,0.0,21.4,47.9,18.2,976.6,moderate,46.0
Bacterial Spot,1,0,-1.0,21.4,47.9,18.2,976.6,low,16.0
Early Blight,0,0,0.0,35.0,75.5,47.9,284.9,moderate,46.0
Late Blight,1,0,-0.6,35.0,75.5,47.9,284.9,moderate,40.0
Fusarium Wilt,1,0,-1.0,35.0,75.5,47.9,284.9,moderate,44.0
Bacterial Spot,1,0,-1.0,35.0,75.5,47.9,284.9,low,16.0
Early Blight,1,0,-0.6,22.4,90.9,14.2,662.9,moderate,56.0
Late Blight,1,0,-0.6,22.4,90.9,14.2,662.9,moderate,56.0
Fusarium Wilt,1,0,-1.0,22.4,90.9,14.2,662.9,low,28.0
Bacterial Spot,1,0,-0.6,22.4,90.9,14.2,662.9,moderate,40.0
Early Blight,0,0,0.0,23.9,62.3,34.9,674.2,moderate,46.0
Late Blight,0,0,0.0,23.9,62.3,34.9,674.2,moderate,46.0
Fusarium Wilt,0,0,0.0,23.9,62.3,34.9,674.2,moderate,46.0
Bacterial Spot,0,0,0.0,23.9,62.3,34.9,674.2,low,34.0
Early Blight,0,0,0.0,34.3,68.1,49.2,967.9,low,34.0
Late Blight,1,0,-0.6,34.3,68.1,49.2,967.9,low,28.0
Fusarium Wilt,2,0,-2.0,34.3,68.1,49.2,967.9,moderate,44.0
Bacterial Spot,2,0,-1.6,34.3,68.1,49.2,967.9,low,16.0
Early Blight,0,0,0.0,30.4,79.5,27.1,715.8,moderate,46.0
Late Blight,1,0,-0.6,30.4,79.5,27.1,715.8,moderate,40.0
Fusarium Wilt,1,0,-1.0,30.4,79.5,27.1,715.8,moderate,44.0
Bacterial Spot,2,0,-1.6,30.4,79.5,27.1,715.8,low,16.0
Early Blight,1,0,-0.6,27.1,30.4,34.8,203.5,moderate,40.0
Late Blight,1,0,-1.0,27.1,30.4,34.8,203.5,low,16.0
Fusarium Wilt,1,0,-1.0,27.1,30.4,34.8,203.5,low,28.0
Bacterial Spot,2,0,-1.6,27.1,30.4,34.8,203.5,low,28.0
Early Blight,0,0,0.0,16.0,77.3,30.2,787.8,moderate,46.0
Late Blight,0,0,0.0,16.0,77.3,30.2,787.8,moderate,62.0
Fusarium Wilt,0,0,0.0,16.0,77.3,30.2,787.8,moderate,46.0
Bacterial Spot,1,0,-0.6,16.0,77.3,30.2,787.8,low,28.0
Early Blight,1,0,-0.6,25.9,89.5,70.0,988.2,moderate,56.0
Late Blight,1,0,-1.0,25.9,89.5,70.0,988.2,low,28.0
Fusarium Wilt,1,0,-1.0,25.9,89.5,70.0,988.2,moderate,44.0
Bacterial Spot,1,0,-0.6,25.9,89.5,70.0,988.2,moderate,56.0
Early Blight,1,0,-0.6,24.7,87.5,14.5,801.2,moderate,56.0
Late Blight,1,0,-1.0,24.7,87.5,14.5,801.2,low,28.0
Fusarium Wilt,1,0,-1.0,24.7,87.5,14.5,801.2,low,28.0
Bacterial Spot,1,0,-0.6,24.7,87.5,14.5,801.2,moderate,56.0
Early Blight,0,0,0.0,34.3,87.7,35.3,880.2,moderate,46.0
Late Blight,0,0,0.0,34.3,87.7,35.3,880.2,moderate,46.0
Fusarium Wilt,0,0,0.0,34.3,87.7,35.3,880.2,moderate,62.0
Bacterial Spot,1,0,-1.0,34.3,87.7,35.3,880.2,low,28.0
Early Blight,0,0,0.0,30.4,34.4,76.0,651.7,low,34.0
Late Blight,2,0,-1.6,30.4,34.4,76.0,651.7,low,16.0
Fusarium Wilt,2,0,-2.0,30.4,34.4,76.0,651.7,low,28.0
Bacterial Spot,1,0,-0.6,30.4,34.4,76.0,651.7,low,28.0
Early Blight,1,0,-0.6,32.2,87.0,10.3,401.1,moderate,40.0
Late Blight,1,0,-1.0,32.2,87.0,10.3,401.1,low,28.0
Fusarium Wilt,0,0,0.0,32.2,87.0,10.3,401.1,moderate,62.0
Bacterial Spot,2,0,-1.6,32.2,87.0,10.3,401.1,low,28.0
Early Blight,0,0,0.0,17.1,79.6,24.9,750.3,moderate,46.0
Late Blight,0,0,0.0,17.1,79.6,24.9,750.3,moderate,62.0
Fusarium Wilt,2,0,-2.0,17.1,79.6,24.9,750.3,low,28.0
Bacterial Spot,1,0,-1.0,17.1,79.6,24.9,750.3,low,16.0
Early Blight,1,0,-0.6,20.7,86.9,61.4,1091.6,moderate,56.0
Late Blight,1,0,-0.6,20.7,86.9,61.4,1091.6,moderate,56.0
Fusarium Wilt,1,0,-1.0,20.7,86.9,61.4,1091.6,low,28.0
Bacterial Spot,2,0,-1.6,20.7,86.9,61.4,1091.6,low,28.0
Early Blight,1,0,-0.6,22.3,45.4,25.1,1071.9,moderate,40.0
Late Blight,1,0,-1.0,22.3,45.4,25.1,1071.9,low,28.0
Fusarium Wilt,2,0,-2.0,22.3,45.4,25.1,1071.9,low,28.0
Bacterial Spot,1,0,-0.6,22.3,45.4,25.1,1071.9,low,28.0
Early Blight,1,0,-0.6,29.8,60.6,60.5,1014.9,moderate,40.0
Late Blight,1,0,-0.6,29.8,60.6,60.5,1014.9,low,28.0
Fusarium Wilt,1,0,-1.0,29.8,60.6,60.5,1014.9,moderate,44.0
Bacterial Spot,1,0,-0.6,29.8,60.6,60.5,1014.9,moderate,40.0
Early Blight,0,0,0.0,33.7,84.1,26.6,869.6,moderate,46.0
Late Blight,0,0,0.0,33.7,84.1,26.6,869.6,moderate,46.0
Fusarium Wilt,1,0,-1.0,33.7,84.1,26.6,869.6,moderate,44.0
Bacterial Spot,2,0,-1.6,33.7,84.1,26.6,869.6,low,16.0
Early Blight,1,0,-0.6,15.7,37.8,62.7,305.1,low,28.0
Late Blight,1,0,-0.6,15.7,37.8,62.7,305.1,moderate,40.0
Fusarium Wilt,1,0,-1.0,15.7,37.8,62.7,305.1,low,16.0
Bacterial Spot,1,0,-1.0,15.7,37.8,62.7,305.1,low,16.0
Early Blight,1,0,-0.6,29.5,89.1,10.6,563.5,moderate,56.0
Late Blight,1,0,-0.6,29.5,89.1,10.6,563.5,moderate,40.0
Fusarium Wilt,1,0,-1.0,29.5,89.1,10.6,563.5,moderate,44.0
Bacterial Spot,2,0,-1.6,29.5,89.1,10.6,563.5,moderate,44.0
Early Blight,1,0,-0.6,15.5,85.0,46.5,733.6,moderate,40.0
Late Blight,1,0,-1.0,15.5,85.0,46.5,733.6,moderate,44.0
Fusarium Wilt,2,0,-2.0,15.5,85.0,46.5,733.6,low,28.0
Bacterial Spot,1,0,-1.0,15.5,85.0,46.5,733.6,low,28.0
Early Blight,0,0,0.0,21.9,96.0,80.2,939.5,moderate,62.0
Late Blight,1,0,-0.6,21.9,96.0,80.2,939.5,moderate,56.0
Fusarium Wilt,0,0,0.0,21.9,96.0,80.2,939.5,moderate,46.0
Bacterial Spot,2,0,-1.6,21.9,96.0,80.2,939.5,low,28.0
Early Blight,0,0,0.0,26.8,92.7,80.9,1161.8,moderate,62.0
Late Blight,1,0,-1.0,26.8,92.7,80.9,1161.8,low,28.0
Fusarium Wilt,1,0,-1.0,26.8,92.7,80.9,1161.8,moderate,44.0
Bacterial Spot,1,0,-1.0,26.8,92.7,80.9,1161.8,moderate,44.0
Early Blight,1,0,-0.6,37.3,51.0,71.3,981.6,low,28.0
Late Blight,2,0,-1.6,37.3,51.0,71.3,981.6,low,16.0
Fusarium Wilt,1,0,-1.0,37.3,51.0,71.3,981.6,low,28.0
Bacterial Spot,2,0,-1.6,37.3,51.0,71.3,981.6,low,16.0
Early Blight,0,0,0.0,20.4,43.8,17.2,369.2,moderate,46.0
Late Blight,1,0,-0.6,20.4,43.8,17.2,369.2,moderate,40.0
Fusarium Wilt,2,0,-2.0,20.4,43.8,17.2,369.2,low,28.0
Bacterial Spot,1,0,-1.0,20.4,43.8,17.2,369.2,low,16.0
Early Blight,0,0,0.0,31.1,92.1,63.5,1014.5,moderate,46.0
Late Blight,1,0,-0.6,31.1,92.1,63.5,1014.5,moderate,40.0
Fusarium Wilt,1,0,-1.0,31.1,92.1,63.5,1014.5,moderate,44.0
Bacterial Spot,1,0,-1.0,31.1,92.1,63.5,1014.5,low,28.0
Early Blight,1,0,-0.6,35.7,85.7,68.4,567.1,moderate,40.0
Late Blight,2,0,-1.6,35.7,85.7,68.4,567.1,low,28.0
Fusarium Wilt,0,0,0.0,35.7,85.7,68.4,567.1,moderate,46.0
Bacterial Spot,1,0,-1.0,35.7,85.7,68.4,567.1,low,28.0
Early Blight,0,0,0.0,32.7,55.1,37.2,1005.6,low,34.0
Late Blight,0,0,0.0,32.7,55.1,37.2,1005.6,low,34.0
Fusarium Wilt,1,0,-1.0,32.7,55.1,37.2,1005.6,moderate,44.0
Bacterial Spot,2,0,-1.6,32.7,55.1,37.2,1005.6,low,16.0
Early Blight,1,0,-0.6,25.0,53.1,62.3,568.3,moderate,40.0
Late Blight,1,0,-1.0,25.0,53.1,62.3,568.3,low,16.0
Fusarium Wilt,1,0,-1.0,25.0,53.1,62.3,568.3,moderate,44.0
Bacterial Spot,2,0,-1.6,25.0,53.1,62.3,568.3,low,28.0
Early Blight,0,0,0.0,30.7,86.7,47.2,190.9,moderate,46.0
Late Blight,1,0,-1.0,30.7,86.7,47.2,190.9,low,28.0
Fusarium Wilt,1,0,-1.0,30.7,86.7,47.2,190.9,moderate,44.0
Bacterial Spot,1,0,-1.0,30.7,86.7,47.2,190.9,low,28.0
Early Blight,1,0,-0.6,23.8,60.9,48.9,1155.9,moderate,40.0
Late Blight,1,0,-0.6,23.8,60.9,48.9,1155.9,moderate,40.0
Fusarium Wilt,1,0,-1.0,23.8,60.9,48.9,1155.9,low,28.0
Bacterial Spot,0,0,0.0,23.8,60.9,48.9,1155.9,low,34.0
Early Blight,0,0,0.0,25.4,55.4,47.9,468.6,moderate,46.0
Late Blight,1,0,-1.0,25.4,55.4,47.9,468.6,low,16.0
Fusarium Wilt,0,0,0.0,25.4,55.4,47.9,468.6,moderate,62.0
Bacterial Spot,1,0,-1.0,25.4,55.4,47.9,468.6,low,28.0
Early Blight,1,0,-0.6,18.5,52.9,84.7,749.2,low,28.0
Late Blight,0,0,0.0,18.5,52.9,84.7,749.2,moderate,46.0
Fusarium Wilt,2,0,-2.0,18.5,52.9,84.7,749.2,low,28.0
Bacterial Spot,2,0,-1.6,18.5,52.9,84.7,749.2,low,16.0
Early Blight,1,0,-0.6,26.3,55.0,81.1,855.0,moderate,40.0
Late Blight,2,0,-1.6,26.3,55.0,81.1,855.0,low,16.0
Fusarium Wilt,0,0,0.0,26.3,55.0,81.1,855.0,moderate,62.0
Bacterial Spot,2,0,-1.6,26.3,55.0,81.1,855.0,low,28.0
Early Blight,1,0,-0.6,15.4,52.1,60.9,755.4,low,28.0
Late Blight,1,0,-1.0,15.4,52.1,60.9,755.4,low,28.0
Fusarium Wilt,2,0,-2.0,15.4,52.1,60.9,755.4,low,28.0
Bacterial Spot,1,0,-1.0,15.4,52.1,60.9,755.4,low,16.0
Early Blight,0,0,0.0,29.6,59.3,32.0,1169.0,moderate,46.0
Late Blight,1,0,-1.0,29.6,59.3,32.0,1169.0,low,16.0
Fusarium Wilt,0,0,0.0,29.6,59.3,32.0,1169.0,moderate,62.0
Bacterial Spot,1,0,-0.6,29.6,59.3,32.0,1169.0,moderate,40.0
Early Blight,0,0,0.0,16.8,55.4,21.7,1174.5,low,34.0
Late Blight,1,0,-0.6,16.8,55.4,21.7,1174.5,moderate,40.0
Fusarium Wilt,1,0,-1.0,16.8,55.4,21.7,1174.5,low,28.0
Bacterial Spot,0,0,0.0,16.8,55.4,21.7,1174.5,low,34.0
Early Blight,0,0,0.0,24.7,31.5,86.0,382.5,moderate,46.0
Late Blight,0,0,0.0,24.7,31.5,86.0,382.5,low,34.0
Fusarium Wilt,2,0,-2.0,24.7,31.5,86.0,382.5,low,16.0
Bacterial Spot,2,0,-1.6,24.7,31.5,86.0,382.5,low,28.0
Early Blight,0,0,0.0,22.0,65.0,78.3,368.1,moderate,46.0
Late Blight,2,0,-1.6,22.0,65.0,78.3,368.1,low,28.0
Fusarium Wilt,1,0,-1.0,22.0,65.0,78.3,368.1,low,28.0
Bacterial Spot,0,0,0.0,22.0,65.0,78.3,368.1,low,34.0
Early Blight,0,0,0.0,21.4,75.7,58.4,1100.7,moderate,62.0
Late Blight,2,0,-1.6,21.4,75.7,58.4,1100.7,moderate,44.0
Fusarium Wilt,2,0,-2.0,21.4,75.7,58.4,1100.7,low,28.0
Bacterial Spot,2,0,-1.6,21.4,75.7,58.4,1100.7,low,16.0
Early Blight,1,0,-0.6,28.8,96.4,35.5,343.5,moderate,56.0
Late Blight,2,0,-1.6,28.8,96.4,35.5,343.5,low,28.0
Fusarium Wilt,1,0,-1.0,28.8,96.4,35.5,343.5,moderate,44.0
Bacterial Spot,0,0,0.0,28.8,96.4,35.5,343.5,moderate,62.0
Early Blight,1,0,-0.6,29.6,52.4,41.1,1122.9,moderate,40.0
Late Blight,2,0,-1.6,29.6,52.4,41.1,1122.9,low,16.0
Fusarium Wilt,2,0,-2.0,29.6,52.4,41.1,1122.9,moderate,44.0
Bacterial Spot,1,0,-0.6,29.6,52.4,41.1,1122.9,moderate,40.0
Early Blight,0,0,0.0,31.0,75.8,30.5,135.5,moderate,46.0
Late Blight,0,0,0.0,31.0,75.8,30.5,135.5,moderate,46.0
Fusarium Wilt,1,0,-1.0,31.0,75.8,30.5,135.5,moderate,44.0
Bacterial Spot,1,0,-1.0,31.0,75.8,30.5,135.5,low,16.0
Early Blight,1,0,-0.6,23.5,49.8,35.2,842.0,moderate,40.0
Late Blight,1,0,-0.6,23.5,49.8,35.2,842.0,moderate,40.0
Fusarium Wilt,2,0,-2.0,23.5,49.8,35.2,842.0,low,28.0
Bacterial Spot,1,0,-0.6,23.5,49.8,35.2,842.0,low,28.0
Early Blight,0,0,0.0,37.4,67.8,49.3,358.2,low,34.0
Late Blight,1,0,-1.0,37.4,67.8,49.3,358.2,low,16.0
Fusarium Wilt,1,0,-1.0,37.4,67.8,49.3,358.2,low,28.0
Bacterial Spot,1,0,-1.0,37.4,67.8,49.3,358.2,low,16.0
Early Blight,0,0,0.0,28.1,42.1,22.7,955.3,moderate,46.0
Late Blight,2,0,-1.6,28.1,42.1,22.7,955.3,low,16.0
Fusarium Wilt,1,0,-1.0,28.1,42.1,22.7,955.3,moderate,44.0
Bacterial Spot,1,0,-0.6,28.1,42.1,22.7,955.3,moderate,40.0
Early Blight,0,0,0.0,23.4,37.2,80.8,1156.3,moderate,46.0
Late Blight,1,0,-1.0,23.4,37.2,80.8,1156.3,low,28.0
Fusarium Wilt,1,0,-1.0,23.4,37.2,80.8,1156.3,low,16.0
Bacterial Spot,2,0,-1.6,23.4,37.2,80.8,1156.3,low,16.0
Early Blight,1,0,-0.6,34.0,60.6,83.9,295.4,low,28.0
Late Blight,1,0,-0.6,34.0,60.6,83.9,295.4,low,28.0
Fusarium Wilt,2,0,-2.0,34.0,60.6,83.9,295.4,moderate,44.0
Bacterial Spot,1,0,-0.6,34.0,60.6,83.9,295.4,low,28.0
Early Blight,0,0,0.0,30.0,96.2,42.8,800.1,moderate,62.0
Late Blight,1,0,-1.0,30.0,96.2,42.8,800.1,low,28.0
Fusarium Wilt,0,0,0.0,30.0,96.2,42.8,800.1,moderate,62.0
Bacterial Spot,0,0,0.0,30.0,96.2,42.8,800.1,moderate,62.0
Early Blight,1,0,-0.6,22.5,47.0,55.5,619.1,moderate,40.0
Late Blight,1,0,-1.0,22.5,47.0,55.5,619.1,low,28.0
Fusarium Wilt,0,0,0.0,22.5,47.0,55.5,619.1,moderate,46.0
Bacterial Spot,0,0,0.0,22.5,47.0,55.5,619.1,low,34.0
Early Blight,1,0,-0.6,34.6,41.0,39.5,1062.1,low,28.0
Late Blight,0,0,0.0,34.6,41.0,39.5,1062.1,low,34.0
Fusarium Wilt,2,0,-2.0,34.6,41.0,39.5,1062.1,moderate,44.0
Bacterial Spot,1,0,-0.6,34.6,41.0,39.5,1062.1,low,28.0
Early Blight,0,0,0.0,25.6,46.7,58.3,1188.7,moderate,46.0
Late Blight,0,0,0.0,25.6,46.7,58.3,1188.7,low,34.0
Fusarium Wilt,1,0,-1.0,25.6,46.7,58.3,1188.7,moderate,44.0
Bacterial Spot,1,0,-1.0,25.6,46.7,58.3,1188.7,low,28.0
Early Blight,1,0,-0.6,18.7,61.4,87.0,107.6,low,28.0
Late Blight,0,0,0.0,18.7,61.4,87.0,107.6,moderate,46.0
Fusarium Wilt,0,0,0.0,18.7,61.4,87.0,107.6,moderate,46.0
Bacterial Spot,2,0,-1.6,18.7,61.4,87.0,107.6,low,16.0
Early Blight,0,0,0.0,21.0,78.7,19.7,954.3,moderate,62.0
Late Blight,1,0,-0.6,21.0,78.7,19.7,954.3,moderate,56.0
Fusarium Wilt,1,0,-1.0,21.0,78.7,19.7,954.3,low,28.0
Bacterial Spot,2,0,-1.6,21.0,78.7,19.7,954.3,low,16.0
Early Blight,0,0,0.0,33.9,82.3,39.1,888.3,moderate,46.0
Late Blight,1,0,-0.6,33.9,82.3,39.1,888.3,moderate,40.0
Fusarium Wilt,2,0,-2.0,33.9,82.3,39.1,888.3,moderate,44.0
Bacterial Spot,1,0,-1.0,33.9,82.3,39.1,888.3,low,16.0
Early Blight,1,0,-0.6,32.3,37.6,23.5,554.2,low,28.0
Late Blight,0,0,0.0,32.3,37.6,23.5,554.2,low,34.0
Fusarium Wilt,2,0,-2.0,32.3,37.6,23.5,554.2,low,28.0
Bacterial Spot,1,0,-0.6,32.3,37.6,23.5,554.2,low,28.0
Early Blight,1,0,-0.6,35.7,63.4,29.6,386.0,low,28.0
Late Blight,1,0,-1.0,35.7,63.4,29.6,386.0,low,16.0
Fusarium Wilt,0,0,0.0,35.7,63.4,29.6,386.0,moderate,46.0
Bacterial Spot,0,0,0.0,35.7,63.4,29.6,386.0,low,34.0
Early Blight,1,0,-0.6,18.4,49.6,27.7,507.9,low,28.0
Late Blight,1,0,-1.0,18.4,49.6,27.7,507.9,low,28.0
Fusarium Wilt,1,0,-1.0,18.4,49.6,27.7,507.9,low,28.0
Bacterial Spot,2,0,-1.6,18.4,49.6,27.7,507.9,low,16.0
Early Blight,1,0,-0.6,21.8,80.6,65.6,261.2,moderate,56.0
Late Blight,1,0,-1.0,21.8,80.6,65.6,261.2,moderate,44.0
Fusarium Wilt,2,0,-2.0,21.8,80.6,65.6,261.2,low,28.0
Bacterial Spot,1,0,-1.0,21.8,80.6,65.6,261.2,low,16.0
Early Blight,1,0,-0.6,21.0,79.0,69.6,1195.7,moderate,56.0
Late Blight,1,0,-0.6,21.0,79.0,69.6,1195.7,moderate,56.0
Fusarium Wilt,2,0,-2.0,21.0,79.0,69.6,1195.7,low,28.0
Bacterial Spot,1,0,-0.6,21.0,79.0,69.6,1195.7,low,28.0
Early Blight,0,0,0.0,23.6,88.8,48.8,286.0,moderate,62.0
Late Blight,1,0,-1.0,23.6,88.8,48.8,286.0,moderate,44.0
Fusarium Wilt,1,0,-1.0,23.6,88.8,48.8,286.0,low,28.0
Bacterial Spot,2,0,-1.6,23.6,88.8,48.8,286.0,low,28.0
Early Blight,0,0,0.0,20.2,48.9,72.2,968.2,moderate,46.0
Late Blight,2,0,-1.6,20.2,48.9,72.2,968.2,low,28.0
Fusarium Wilt,0,0,0.0,20.2,48.9,72.2,968.2,moderate,46.0
Bacterial Spot,0,0,0.0,20.2,48.9,72.2,968.2,low,34.0
Early Blight,0,0,0.0,33.0,65.6,28.3,322.8,low,34.0
Late Blight,2,0,-1.6,33.0,65.6,28.3,322.8,low,16.0
Fusarium Wilt,2,0,-2.0,33.0,65.6,28.3,322.8,moderate,44.0
Bacterial Spot,0,0,0.0,33.0,65.6,28.3,322.8,low,34.0
Early Blight,0,0,0.0,32.0,89.3,87.6,161.6,moderate,46.0
Late Blight,2,0,-1.6,32.0,89.3,87.6,161.6,low,28.0
Fusarium Wilt,0,0,0.0,32.0,89.3,87.6,161.6,moderate,62.0
Bacterial Spot,1,0,-0.6,32.0,89.3,87.6,161.6,moderate,40.0
Early Blight,0,0,0.0,30.9,61.0,13.2,770.1,low,34.0
Late Blight,2,0,-1.6,30.9,61.0,13.2,770.1,low,16.0
Fusarium Wilt,1,0,-1.0,30.9,61.0,13.2,770.1,moderate,44.0
Bacterial Spot,0,0,0.0,30.9,61.0,13.2,770.1,low,34.0
Early Blight,1,0,-0.6,16.4,45.5,56.9,739.4,low,28.0
Late Blight,0,0,0.0,16.4,45.5,56.9,739.4,moderate,46.0
Fusarium Wilt,1,0,-1.0,16.4,45.5,56.9,739.4,low,28.0
Bacterial Spot,2,0,-1.6,16.4,45.5,56.9,739.4,low,16.0
Early Blight,1,0,-0.6,16.9,43.4,53.4,336.5,low,28.0
Late Blight,0,0,0.0,16.9,43.4,53.4,336.5,moderate,46.0
Fusarium Wilt,1,0,-1.0,16.9,43.4,53.4,336.5,low,28.0
Bacterial Spot,0,0,0.0,16.9,43.4,53.4,336.5,low,34.0
Early Blight,1,0,-0.6,19.5,84.8,59.2,601.9,moderate,40.0
Late Blight,0,0,0.0,19.5,84.8,59.2,601.9,moderate,62.0
Fusarium Wilt,2,0,-2.0,19.5,84.8,59.2,601.9,low,28.0
Bacterial Spot,0,0,0.0,19.5,84.8,59.2,601.9,low,34.0
Early Blight,1,0,-0.6,36.9,50.4,79.4,373.9,low,28.0
Late Blight,1,0,-0.6,36.9,50.4,79.4,373.9,low,28.0
Fusarium Wilt,1,0,-1.0,36.9,50.4,79.4,373.9,low,28.0
Bacterial Spot,1,0,-0.6,36.9,50.4,79.4,373.9,low,28.0
Early Blight,1,0,-0.6,22.3,96.3,47.6,279.4,moderate,56.0
Late Blight,2,0,-1.6,22.3,96.3,47.6,279.4,moderate,44.0
Fusarium Wilt,1,0,-1.0,22.3,96.3,47.6,279.4,low,28.0
Bacterial Spot,0,0,0.0,22.3,96.3,47.6,279.4,moderate,46.0
Early Blight,0,0,0.0,19.2,83.0,71.0,334.5,moderate,46.0
Late Blight,1,0,-1.0,19.2,83.0,71.0,334.5,moderate,44.0
Fusarium Wilt,2,0,-2.0,19.2,83.0,71.0,334.5,low,28.0
Bacterial Spot,0,0,0.0,19.2,83.0,71.0,334.5,low,34.0
Early Blight,0,0,0.0,18.6,40.6,71.3,964.4,low,34.0
Late Blight,1,0,-0.6,18.6,40.6,71.3,964.4,moderate,40.0
Fusarium Wilt,0,0,0.0,18.6,40.6,71.3,964.4,moderate,46.0
Bacterial Spot,0,0,0.0,18.6,40.6,71.3,964.4,low,34.0
Early Blight,0,0,0.0,32.9,48.3,84.6,619.2,low,34.0
Late Blight,2,0,-1.6,32.9,48.3,84.6,619.2,low,16.0
Fusarium Wilt,2,0,-2.0,32.9,48.3,84.6,619.2,moderate,44.0
Bacterial Spot,1,0,-0.6,32.9,48.3,84.6,619.2,low,28.0
Early Blight,1,0,-0.6,24.8,56.8,43.4,938.4,moderate,40.0
Late Blight,1,0,-0.6,24.8,56.8,43.4,938.4,low,28.0
Fusarium Wilt,0,0,0.0,24.8,56.8,43.4,938.4,moderate,46.0
Bacterial Spot,1,0,-0.6,24.8,56.8,43.4,938.4,moderate,40.0
Early Blight,1,0,-0.6,31.2,44.2,67.3,424.3,low,28.0
Late Blight,1,0,-1.0,31.2,44.2,67.3,424.3,low,16.0
Fusarium Wilt,1,0,-1.0,31.2,44.2,67.3,424.3,moderate,44.0
Bacterial Spot,2,0,-1.6,31.2,44.2,67.3,424.3,low,16.0
Early Blight,1,0,-0.6,26.6,88.2,18.5,367.5,moderate,56.0
Late Blight,1,0,-1.0,26.6,88.2,18.5,367.5,low,28.0
Fusarium Wilt,1,0,-1.0,26.6,88.2,18.5,367.5,moderate,44.0
Bacterial Spot,1,0,-1.0,26.6,88.2,18.5,367.5,moderate,44.0
Early Blight,0,0,0.0,30.8,91.8,49.0,408.2,moderate,46.0
Late Blight,2,0,-1.6,30.8,91.8,49.0,408.2,low,28.0
Fusarium Wilt,1,0,-1.0,30.8,91.8,49.0,408.2,moderate,44.0
Bacterial Spot,1,0,-1.0,30.8,91.8,49.0,408.2,low,28.0
Early Blight,0,0,0.0,17.6,39.1,70.0,457.0,low,34.0
Late Blight,2,0,-1.6,17.6,39.1,70.0,457.0,low,28.0
Fusarium Wilt,2,0,-2.0,17.6,39.1,70.0,457.0,low,16.0
Bacterial Spot,2,0,-1.6,17.6,39.1,70.0,457.0,low,16.0
Early Blight,0,0,0.0,20.6,68.9,71.0,386.8,moderate,46.0
Late Blight,2,0,-1.6,20.6,68.9,71.0,386.8,low,28.0
Fusarium Wilt,1,0,-1.0,20.6,68.9,71.0,386.8,low,28.0
Bacterial Spot,0,0,0.0,20.6,68.9,71.0,386.8,low,34.0
Early Blight,0,0,0.0,22.2,88.0,82.4,590.4,moderate,62.0
Late Blight,2,0,-1.6,22.2,88.0,82.4,590.4,moderate,44.0
Fusarium Wilt,2,0,-2.0,22.2,88.0,82.4,590.4,low,28.0
Bacterial Spot,0,0,0.0,22.2,88.0,82.4,590.4,moderate,46.0
Early Blight,1,0,-0.6,20.9,80.8,11.9,231.1,moderate,56.0
Late Blight,2,0,-1.6,20.9,80.8,11.9,231.1,moderate,44.0
Fusarium Wilt,1,0,-1.0,20.9,80.8,11.9,231.1,low,28.0
Bacterial Spot,0,0,0.0,20.9,80.8,11.9,231.1,low,34.0
Early Blight,0,0,0.0,15.4,59.7,12.6,654.6,low,34.0
Late Blight,1,0,-0.6,15.4,59.7,12.6,654.6,moderate,40.0
Fusarium Wilt,0,0,0.0,15.4,59.7,12.6,654.6,moderate,46.0
Bacterial Spot,0,0,0.0,15.4,59.7,12.6,654.6,low,34.0
Early Blight,0,0,0.0,37.4,83.1,52.5,978.5,moderate,46.0
Late Blight,1,0,-1.0,37.4,83.1,52.5,978.5,low,28.0
Fusarium Wilt,0,0,0.0,37.4,83.1,52.5,978.5,moderate,46.0
Bacterial Spot,0,0,0.0,37.4,83.1,52.5,978.5,low,34.0
Early Blight,0,0,0.0,24.9,48.8,46.1,1068.6,moderate,46.0
Late Blight,1,0,-0.6,24.9,48.8,46.1,1068.6,low,28.0
Fusarium Wilt,1,0,-1.0,24.9,48.8,46.1,1068.6,low,28.0
Bacterial Spot,0,0,0.0,24.9,48.8,46.1,1068.6,moderate,46.0
Early Blight,1,0,-0.6,33.9,59.4,11.7,732.2,low,28.0
Late Blight,1,0,-0.6,33.9,59.4,11.7,732.2,low,28.0
Fusarium Wilt,2,0,-2.0,33.9,59.4,11.7,732.2,moderate,44.0
Bacterial Spot,2,0,-1.6,33.9,59.4,11.7,732.2,low,16.0
Early Blight,0,0,0.0,30.5,52.2,46.6,831.9,low,34.0
Late Blight,1,0,-0.6,30.5,52.2,46.6,831.9,low,28.0
Fusarium Wilt,0,0,0.0,30.5,52.2,46.6,831.9,moderate,62.0
Bacterial Spot,1,0,-1.0,30.5,52.2,46.6,831.9,low,16.0
Early Blight,0,0,0.0,19.7,42.3,12.1,762.1,low,34.0
Late Blight,0,0,0.0,19.7,42.3,12.1,762.1,moderate,46.0
Fusarium Wilt,1,0,-1.0,19.7,42.3,12.1,762.1,low,28.0
Bacterial Spot,2,0,-1.6,19.7,42.3,12.1,762.1,low,16.0
Early Blight,0,0,0.0,19.8,50.6,43.9,398.2,low,34.0
Late Blight,2,0,-1.6,19.8,50.6,43.9,398.2,low,28.0
Fusarium Wilt,1,0,-1.0,19.8,50.6,43.9,398.2,low,28.0
Bacterial Spot,1,0,-1.0,19.8,50.6,43.9,398.2,low,16.0
Early Blight,1,0,-0.6,23.6,60.2,69.5,913.9,moderate,40.0
Late Blight,2,0,-1.6,23.6,60.2,69.5,913.9,low,28.0
Fusarium Wilt,2,0,-2.0,23.6,60.2,69.5,913.9,low,28.0
Bacterial Spot,1,0,-0.6,23.6,60.2,69.5,913.9,low,28.0
Early Blight,0,0,0.0,19.0,92.1,68.0,233.9,moderate,46.0
Late Blight,2,0,-1.6,19.0,92.1,68.0,233.9,moderate,44.0
Fusarium Wilt,0,0,0.0,19.0,92.1,68.0,233.9,moderate,46.0
Bacterial Spot,2,0,-1.6,19.0,92.1,68.0,233.9,low,28.0
Early Blight,1,0,-0.6,37.7,84.4,38.8,380.8,moderate,40.0
Late Blight,2,0,-1.6,37.7,84.4,38.8,380.8,low,28.0
Fusarium Wilt,1,0,-1.0,37.7,84.4,38.8,380.8,low,28.0
Bacterial Spot,1,0,-0.6,37.7,84.4,38.8,380.8,low,28.0
Early Blight,1,0,-0.6,36.8,86.9,44.7,1032.6,moderate,40.0
Late Blight,1,0,-0.6,36.8,86.9,44.7,1032.6,moderate,40.0
Fusarium Wilt,1,0,-1.0,36.8,86.9,44.7,1032.6,low,28.0
Bacterial Spot,1,0,-1.0,36.8,86.9,44.7,1032.6,low,28.0
Early Blight,1,0,-0.6,21.3,74.0,35.9,254.8,moderate,56.0
Late Blight,1,0,-0.6,21.3,74.0,35.9,254.8,moderate,40.0
Fusarium Wilt,1,0,-1.0,21.3,74.0,35.9,254.8,low,28.0
Bacterial Spot,1,0,-0.6,21.3,74.0,35.9,254.8,low,28.0
Early Blight,1,0,-0.6,33.5,88.9,62.9,508.9,moderate,40.0
Late Blight,2,0,-1.6,33.5,88.9,62.9,508.9,low,28.0
Fusarium Wilt,0,0,0.0,33.5,88.9,62.9,508.9,moderate,62.0
Bacterial Spot,0,0,0.0,33.5,88.9,62.9,508.9,moderate,46.0
Early Blight,1,0,-0.6,19.2,89.8,18.8,278.6,moderate,40.0
Late Blight,1,0,-1.0,19.2,89.8,18.8,278.6,moderate,44.0
Fusarium Wilt,1,0,-1.0,19.2,89.8,18.8,278.6,low,28.0
Bacterial Spot,1,0,-1.0,19.2,89.8,18.8,278.6,low,28.0
Early Blight,0,0,0.0,22.6,90.4,12.7,1059.2,moderate,62.0
Late Blight,2,0,-1.6,22.6,90.4,12.7,1059.2,moderate,44.0
Fusarium Wilt,0,0,0.0,22.6,90.4,12.7,1059.2,moderate,46.0
Bacterial Spot,2,0,-1.6,22.6,90.4,12.7,1059.2,low,28.0
Early Blight,1,0,-0.6,35.6,36.3,89.1,223.7,low,28.0
Late Blight,0,0,0.0,35.6,36.3,89.1,223.7,low,34.0
Fusarium Wilt,1,0,-1.0,35.6,36.3,89.1,223.7,low,16.0
Bacterial Spot,0,0,0.0,35.6,36.3,89.1,223.7,low,34.0
Early Blight,0,0,0.0,22.2,61.9,82.2,241.0,moderate,46.0
Late Blight,1,0,-1.0,22.2,61.9,82.2,241.0,low,28.0
Fusarium Wilt,1,0,-1.0,22.2,61.9,82.2,241.0,low,28.0
Bacterial Spot,0,0,0.0,22.2,61.9,82.2,241.0,low,34.0
Early Blight,1,0,-0.6,19.5,44.9,20.4,1136.5,low,28.0
Late Blight,2,0,-1.6,19.5,44.9,20.4,1136.5,low,28.0
Fusarium Wilt,1,0,-1.0,19.5,44.9,20.4,1136.5,low,28.0
Bacterial Spot,2,0,-1.6,19.5,44.9,20.4,1136.5,low,16.0
Early Blight,0,0,0.0,19.2,74.8,36.3,1171.4,moderate,46.0
Late Blight,0,0,0.0,19.2,74.8,36.3,1171.4,moderate,46.0
Fusarium Wilt,0,0,0.0,19.2,74.8,36.3,1171.4,moderate,46.0
Bacterial Spot,2,0,-1.6,19.2,74.8,36.3,1171.4,low,16.0
Early Blight,0,0,0.0,30.2,69.4,84.8,137.6,low,34.0
Late Blight,2,0,-1.6,30.2,69.4,84.8,137.6,low,16.0
Fusarium Wilt,2,0,-2.0,30.2,69.4,84.8,137.6,moderate,44.0
Bacterial Spot,2,0,-1.6,30.2,69.4,84.8,137.6,low,16.0
Early Blight,1,0,-0.6,33.3,41.0,35.8,729.3,low,28.0
Late Blight,1,0,-1.0,33.3,41.0,35.8,729.3,low,16.0
Fusarium Wilt,0,0,0.0,33.3,41.0,35.8,729.3,moderate,62.0
Bacterial Spot,2,0,-1.6,33.3,41.0,35.8,729.3,low,16.0
Early Blight,0,0,0.0,29.3,67.1,19.4,407.2,moderate,46.0
Late Blight,1,0,-0.6,29.3,67.1,19.4,407.2,low,28.0
Fusarium Wilt,1,0,-1.0,29.3,67.1,19.4,407.2,moderate,44.0
Bacterial Spot,1,0,-0.6,29.3,67.1,19.4,407.2,moderate,40.0
Early Blight,0,0,0.0,27.6,75.1,63.4,476.6,moderate,62.0
Late Blight,2,0,-1.6,27.6,75.1,63.4,476.6,low,28.0
Fusarium Wilt,0,0,0.0,27.6,75.1,63.4,476.6,moderate,62.0
Bacterial Spot,2,0,-1.6,27.6,75.1,63.4,476.6,low,28.0
Early Blight,0,0,0.0,25.5,37.6,54.0,425.3,moderate,46.0
Late Blight,2,0,-1.6,25.5,37.6,54.0,425.3,low,16.0
Fusarium Wilt,1,0,-1.0,25.5,37.6,54.0,425.3,low,28.0
Bacterial Spot,0,0,0.0,25.5,37.6,54.0,425.3,moderate,46.0
Early Blight,0,0,0.0,24.1,94.0,89.9,314.4,moderate,62.0
Late Blight,2,0,-1.6,24.1,94.0,89.9,314.4,low,28.0
Fusarium Wilt,1,0,-1.0,24.1,94.0,89.9,314.4,low,28.0
Bacterial Spot,1,0,-0.6,24.1,94.0,89.9,314.4,moderate,56.0
Early Blight,1,0,-0.6,34.8,65.7,74.0,498.9,low,28.0
Late Blight,0,0,0.0,34.8,65.7,74.0,498.9,low,34.0
Fusarium Wilt,2,0,-2.0,34.8,65.7,74.0,498.9,moderate,44.0
Bacterial Spot,1,0,-1.0,34.8,65.7,74.0,498.9,low,16.0
Early Blight,0,0,0.0,29.2,87.3,70.1,267.3,moderate,62.0
Late Blight,0,0,0.0,29.2,87.3,70.1,267.3,moderate,46.0
Fusarium Wilt,1,0,-1.0,29.2,87.3,70.1,267.3,moderate,44.0
Bacterial Spot,1,0,-0.6,29.2,87.3,70.1,267.3,moderate,56.0
Early Blight,1,0,-0.6,35.7,96.1,81.5,614.8,moderate,40.0
Late Blight,1,0,-0.6,35.7,96.1,81.5,614.8,moderate,40.0
Fusarium Wilt,1,0,-1.0,35.7,96.1,81.5,614.8,low,28.0
Bacterial Spot,1,0,-1.0,35.7,96.1,81.5,614.8,low,28.0
Early Blight,1,0,-0.6,29.1,95.2,14.7,551.4,moderate,56.0
Late Blight,0,0,0.0,29.1,95.2,14.7,551.4,moderate,46.0
Fusarium Wilt,0,0,0.0,29.1,95.2,14.7,551.4,moderate,62.0
Bacterial Spot,1,0,-1.0,29.1,95.2,14.7,551.4,moderate,44.0
Early Blight,1,0,-0.6,29.9,56.6,25.5,1017.8,moderate,40.0
Late Blight,1,0,-0.6,29.9,56.6,25.5,1017.8,low,28.0
Fusarium Wilt,1,0,-1.0,29.9,56.6,25.5,1017.8,moderate,44.0
Bacterial Spot,0,0,0.0,29.9,56.6,25.5,1017.8,moderate,46.0
Early Blight,1,0,-0.6,18.5,60.1,63.8,936.6,low,28.0
Late Blight,2,0,-1.6,18.5,60.1,63.8,936.6,low,28.0
Fusarium Wilt,1,0,-1.0,18.5,60.1,63.8,936.6,low,28.0
Bacterial Spot,1,0,-1.0,18.5,60.1,63.8,936.6,low,16.0
Early Blight,1,0,-0.6,21.9,38.5,69.4,599.8,moderate,40.0
Late Blight,0,0,0.0,21.9,38.5,69.4,599.8,moderate,46.0
Fusarium Wilt,2,0,-2.0,21.9,38.5,69.4,599.8,low,16.0
Bacterial Spot,1,0,-0.6,21.9,38.5,69.4,599.8,low,28.0
Early Blight,0,0,0.0,35.5,37.7,47.3,743.5,low,34.0
Late Blight,0,0,0.0,35.5,37.7,47.3,743.5,low,34.0
Fusarium Wilt,1,0,-1.0,35.5,37.7,47.3,743.5,low,16.0
Bacterial Spot,1,0,-1.0,35.5,37.7,47.3,743.5,low,16.0
Early Blight,0,0,0.0,28.9,70.7,39.0,1056.3,moderate,62.0
Late Blight,0,0,0.0,28.9,70.7,39.0,1056.3,low,34.0
Fusarium Wilt,1,0,-1.0,28.9,70.7,39.0,1056.3,moderate,44.0
Bacterial Spot,1,0,-0.6,28.9,70.7,39.0,1056.3,moderate,40.0
Early Blight,1,0,-0.6,31.7,48.8,30.1,658.6,low,28.0
Late Blight,0,0,0.0,31.7,48.8,30.1,658.6,low,34.0
Fusarium Wilt,2,0,-2.0,31.7,48.8,30.1,658.6,moderate,44.0
Bacterial Spot,1,0,-0.6,31.7,48.8,30.1,658.6,low,28.0
Early Blight,0,0,0.0,26.4,70.2,63.3,214.4,moderate,62.0
Late Blight,0,0,0.0,26.4,70.2,63.3,214.4,low,34.0
Fusarium Wilt,1,0,-1.0,26.4,70.2,63.3,214.4,moderate,44.0
Bacterial Spot,0,0,0.0,26.4,70.2,63.3,214.4,moderate,46.0
Early Blight,0,0,0.0,23.8,70.9,57.2,973.0,moderate,62.0
Late Blight,1,0,-0.6,23.8,70.9,57.2,973.0,moderate,40.0
Fusarium Wilt,1,0,-1.0,23.8,70.9,57.2,973.0,low,28.0
Bacterial Spot,0,0,0.0,23.8,70.9,57.2,973.0,low,34.0
Early Blight,0,0,0.0,24.7,56.8,69.5,482.0,moderate,46.0
Late Blight,0,0,0.0,24.7,56.8,69.5,482.0,low,34.0
Fusarium Wilt,0,0,0.0,24.7,56.8,69.5,482.0,moderate,46.0
Bacterial Spot,0,0,0.0,24.7,56.8,69.5,482.0,moderate,46.0
Early Blight,1,0,-0.6,32.9,75.5,12.1,723.6,moderate,40.0
Late Blight,1,0,-0.6,32.9,75.5,12.1,723.6,moderate,40.0
Fusarium Wilt,0,0,0.0,32.9,75.5,12.1,723.6,moderate,62.0
Bacterial Spot,0,0,0.0,32.9,75.5,12.1,723.6,low,34.0
Early Blight,1,0,-0.6,20.8,85.6,37.5,1170.9,moderate,56.0
Late Blight,2,0,-1.6,20.8,85.6,37.5,1170.9,moderate,44.0
Fusarium Wilt,1,0,-1.0,20.8,85.6,37.5,1170.9,low,28.0
Bacterial Spot,1,0,-1.0,20.8,85.6,37.5,1170.9,low,28.0
Early Blight,1,0,-0.6,19.8,82.4,53.8,454.1,moderate,40.0
Late Blight,1,0,-1.0,19.8,82.4,53.8,454.1,moderate,44.0
Fusarium Wilt,0,0,0.0,19.8,82.4,53.8,454.1,moderate,46.0
Bacterial Spot,1,0,-1.0,19.8,82.4,53.8,454.1,low,16.0
Early Blight,1,0,-0.6,32.0,86.9,28.2,1011.6,moderate,40.0
Late Blight,0,0,0.0,32.0,86.9,28.2,1011.6,moderate,46.0
Fusarium Wilt,2,0,-2.0,32.0,86.9,28.2,1011.6,moderate,44.0
Bacterial Spot,2,0,-1.6,32.0,86.9,28.2,1011.6,low,28.0
Early Blight,0,0,0.0,21.1,78.1,38.0,986.5,moderate,62.0
Late Blight,0,0,0.0,21.1,78.1,38.0,986.5,moderate,62.0
Fusarium Wilt,2,0,-2.0,21.1,78.1,38.0,986.5,low,28.0
Bacterial Spot,0,0,0.0,21.1,78.1,38.0,986.5,low,34.0
Early Blight,1,0,-0.6,31.1,68.1,70.5,692.1,low,28.0
Late Blight,1,0,-0.6,31.1,68.1,70.5,692.1,low,28.0
Fusarium Wilt,1,0,-1.0,31.1,68.1,70.5,692.1,moderate,44.0
Bacterial Spot,1,0,-0.6,31.1,68.1,70.5,692.1,low,28.0
Early Blight,0,0,0.0,21.1,78.7,52.6,536.4,moderate,62.0
Late Blight,1,0,-1.0,21.1,78.7,52.6,536.4,moderate,44.0
Fusarium Wilt,0,0,0.0,21.1,78.7,52.6,536.4,moderate,46.0
Bacterial Spot,1,0,-1.0,21.1,78.7,52.6,536.4,low,16.0
Early Blight,0,0,0.0,16.9,98.0,45.4,144.9,moderate,46.0
Late Blight,1,0,-0.6,16.9,98.0,45.4,144.9,moderate,56.0
Fusarium Wilt,1,0,-1.0,16.9,98.0,45.4,144.9,low,28.0
Bacterial Spot,1,0,-0.6,16.9,98.0,45.4,144.9,moderate,40.0
Early Blight,1,0,-0.6,20.2,74.1,27.3,113.7,moderate,56.0
Late Blight,1,0,-1.0,20.2,74.1,27.3,113.7,low,28.0
Fusarium Wilt,1,0,-1.0,20.2,74.1,27.3,113.7,low,28.0
Bacterial Spot,0,0,0.0,20.2,74.1,27.3,113.7,low,34.0
Early Blight,0,0,0.0,24.5,87.7,56.5,790.0,moderate,62.0
Late Blight,0,0,0.0,24.5,87.7,56.5,790.0,moderate,46.0
Fusarium Wilt,0,0,0.0,24.5,87.7,56.5,790.0,moderate,46.0
Bacterial Spot,1,0,-0.6,24.5,87.7,56.5,790.0,moderate,56.0
Early Blight,1,0,-0.6,23.5,91.2,85.0,452.2,moderate,56.0
Late Blight,1,0,-0.6,23.5,91.2,85.0,452.2,moderate,56.0
Fusarium Wilt,0,0,0.0,23.5,91.2,85.0,452.2,moderate,46.0
Bacterial Spot,1,0,-1.0,23.5,91.2,85.0,452.2,low,28.0
Early Blight,1,0,-0.6,18.0,96.7,72.7,658.2,moderate,40.0
Late Blight,1,0,-1.0,18.0,96.7,72.7,658.2,moderate,44.0
Fusarium Wilt,0,0,0.0,18.0,96.7,72.7,658.2,moderate,46.0
Bacterial Spot,0,0,0.0,18.0,96.7,72.7,658.2,moderate,46.0
Early Blight,1,0,-0.6,27.7,97.0,47.2,731.7,moderate,56.0
Late Blight,1,0,-0.6,27.7,97.0,47.2,731.7,moderate,40.0
Fusarium Wilt,1,0,-1.0,27.7,97.0,47.2,731.7,moderate,44.0
Bacterial Spot,1,0,-1.0,27.7,97.0,47.2,731.7,moderate,44.0
Early Blight,1,0,-0.6,27.9,33.9,37.8,1054.3,moderate,40.0
Late Blight,1,0,-0.6,27.9,33.9,37.8,1054.3,low,28.0
Fusarium Wilt,0,0,0.0,27.9,33.9,37.8,1054.3,moderate,46.0
Bacterial Spot,0,0,0.0,27.9,33.9,37.8,1054.3,moderate,46.0
Early Blight,0,0,0.0,31.4,63.4,66.3,1137.0,low,34.0
Late Blight,2,0,-1.6,31.4,63.4,66.3,1137.0,low,16.0
Fusarium Wilt,0,0,0.0,31.4,63.4,66.3,1137.0,moderate,62.0
Bacterial Spot,1,0,-1.0,31.4,63.4,66.3,1137.0,low,16.0
Early Blight,0,0,0.0,35.1,94.3,21.5,693.6,moderate,46.0
Late Blight,2,0,-1.6,35.1,94.3,21.5,693.6,low,28.0
Fusarium Wilt,0,0,0.0,35.1,94.3,21.5,693.6,moderate,46.0
Bacterial Spot,2,0,-1.6,35.1,94.3,21.5,693.6,low,28.0
Early Blight,0,0,0.0,37.5,71.7,52.4,903.4,moderate,46.0
Late Blight,1,0,-1.0,37.5,71.7,52.4,903.4,low,16.0
Fusarium Wilt,1,0,-1.0,37.5,71.7,52.4,903.4,low,28.0
Bacterial Spot,1,0,-1.0,37.5,71.7,52.4,903.4,low,16.0
Early Blight,0,0,0.0,26.4,38.1,17.1,1140.8,moderate,46.0
Late Blight,1,0,-0.6,26.4,38.1,17.1,1140.8,low,28.0
Fusarium Wilt,1,0,-1.0,26.4,38.1,17.1,1140.8,low,28.0
Bacterial Spot,2,0,-1.6,26.4,38.1,17.1,1140.8,low,28.0
Early Blight,1,0,-0.6,17.2,54.2,66.6,1067.0,low,28.0
Late Blight,2,0,-1.6,17.2,54.2,66.6,1067.0,low,28.0
Fusarium Wilt,1,0,-1.0,17.2,54.2,66.6,1067.0,low,28.0
Bacterial Spot,1,0,-0.6,17.2,54.2,66.6,1067.0,low,28.0
Early Blight,0,0,0.0,32.3,65.6,11.6,766.8,low,34.0
Late Blight,2,0,-1.6,32.3,65.6,11.6,766.8,low,16.0
Fusarium Wilt,1,0,-1.0,32.3,65.6,11.6,766.8,moderate,44.0
Bacterial Spot,1,0,-0.6,32.3,65.6,11.6,766.8,low,28.0
Early Blight,0,0,0.0,23.8,31.9,82.4,719.7,moderate,46.0
Late Blight,1,0,-0.6,23.8,31.9,82.4,719.7,moderate,40.0
Fusarium Wilt,1,0,-1.0,23.8,31.9,82.4,719.7,low,16.0
Bacterial Spot,2,0,-1.6,23.8,31.9,82.4,719.7,low,16.0
Early Blight,0,0,0.0,35.1,92.1,58.0,731.4,moderate,46.0
Late Blight,0,0,0.0,35.1,92.1,58.0,731.4,moderate,46.0
Fusarium Wilt,2,0,-2.0,35.1,92.1,58.0,731.4,low,28.0
Bacterial Spot,1,0,-0.6,35.1,92.1,58.0,731.4,moderate,40.0
Early Blight,0,0,0.0,15.9,66.6,86.6,1134.8,low,34.0
Late Blight,2,0,-1.6,15.9,66.6,86.6,1134.8,low,28.0
Fusarium Wilt,2,0,-2.0,15.9,66.6,86.6,1134.8,low,28.0
Bacterial Spot,0,0,0.0,15.9,66.6,86.6,1134.8,low,34.0
Early Blight,0,0,0.0,26.4,71.0,89.8,1112.0,moderate,62.0
Late Blight,0,0,0.0,26.4,71.0,89.8,1112.0,low,34.0
Fusarium Wilt,2,0,-2.0,26.4,71.0,89.8,1112.0,moderate,44.0
Bacterial Spot,1,0,-1.0,26.4,71.0,89.8,1112.0,low,28.0
Early Blight,1,0,-0.6,22.8,54.9,29.2,999.3,moderate,40.0
Late Blight,2,0,-1.6,22.8,54.9,29.2,999.3,low,28.0
Fusarium Wilt,0,0,0.0,22.8,54.9,29.2,999.3,moderate,46.0
Bacterial Spot,0,0,0.0,22.8,54.9,29.2,999.3,low,34.0
Early Blight,0,0,0.0,31.3,87.1,17.9,671.8,moderate,46.0
Late Blight,1,0,-1.0,31.3,87.1,17.9,671.8,low,28.0
Fusarium Wilt,0,0,0.0,31.3,87.1,17.9,671.8,moderate,62.0
Bacterial Spot,1,0,-1.0,31.3,87.1,17.9,671.8,low,28.0
Early Blight,0,0,0.0,19.6,51.8,45.8,317.8,low,34.0
Late Blight,2,0,-1.6,19.6,51.8,45.8,317.8,low,28.0
Fusarium Wilt,2,0,-2.0,19.6,51.8,45.8,317.8,low,28.0
Bacterial Spot,1,0,-1.0,19.6,51.8,45.8,317.8,low,16.0
Early Blight,0,0,0.0,29.0,50.8,89.4,947.8,moderate,46.0
Late Blight,0,0,0.0,29.0,50.8,89.4,947.8,low,34.0
Fusarium Wilt,1,0,-1.0,29.0,50.8,89.4,947.8,moderate,44.0
Bacterial Spot,1,0,-1.0,29.0,50.8,89.4,947.8,low,28.0
Early Blight,0,0,0.0,35.7,66.9,61.3,913.2,low,34.0
Late Blight,2,0,-1.6,35.7,66.9,61.3,913.2,low,16.0
Fusarium Wilt,1,0,-1.0,35.7,66.9,61.3,913.2,low,28.0
Bacterial Spot,1,0,-1.0,35.7,66.9,61.3,913.2,low,16.0
Early Blight,1,0,-0.6,35.1,80.2,51.9,296.1,moderate,40.0
Late Blight,0,0,0.0,35.1,80.2,51.9,296.1,moderate,46.0
Fusarium Wilt,1,0,-1.0,35.1,80.2,51.9,296.1,low,28.0
Bacterial Spot,0,0,0.0,35.1,80.2,51.9,296.1,low,34.0
Early Blight,1,0,-0.6,16.7,43.8,26.5,804.5,low,28.0
Late Blight,1,0,-0.6,16.7,43.8,26.5,804.5,moderate,40.0
Fusarium Wilt,0,0,0.0,16.7,43.8,26.5,804.5,moderate,46.0
Bacterial Spot,2,0,-1.6,16.7,43.8,26.5,804.5,low,16.0
Early Blight,0,0,0.0,33.7,86.5,88.8,1185.8,moderate,46.0
Late Blight,1,0,-1.0,33.7,86.5,88.8,1185.8,low,28.0
Fusarium Wilt,2,0,-2.0,33.7,86.5,88.8,1185.8,moderate,44.0
Bacterial Spot,1,0,-1.0,33.7,86.5,88.8,1185.8,low,28.0
Early Blight,0,0,0.0,35.3,58.8,55.6,1050.1,low,34.0
Late Blight,1,0,-1.0,35.3,58.8,55.6,1050.1,low,16.0
Fusarium Wilt,1,0,-1.0,35.3,58.8,55.6,1050.1,low,28.0
Bacterial Spot,1,0,-0.6,35.3,58.8,55.6,1050.1,low,28.0
Early Blight,1,0,-0.6,24.5,48.9,82.1,998.4,moderate,40.0
Late Blight,0,0,0.0,24.5,48.9,82.1,998.4,low,34.0
Fusarium Wilt,1,0,-1.0,24.5,48.9,82.1,998.4,low,28.0
Bacterial Spot,1,0,-1.0,24.5,48.9,82.1,998.4,low,28.0
Early Blight,1,0,-0.6,20.1,73.4,19.2,1092.4,moderate,56.0
Late Blight,2,0,-1.6,20.1,73.4,19.2,1092.4,low,28.0
Fusarium Wilt,1,0,-1.0,20.1,73.4,19.2,1092.4,low,28.0
Bacterial Spot,0,0,0.0,20.1,73.4,19.2,1092.4,low,34.0
Early Blight,1,0,-0.6,24.2,66.5,32.8,727.1,moderate,40.0
Late Blight,1,0,-1.0,24.2,66.5,32.8,727.1,low,16.0
Fusarium Wilt,0,0,0.0,24.2,66.5,32.8,727.1,moderate,46.0
Bacterial Spot,1,0,-0.6,24.2,66.5,32.8,727.1,moderate,40.0
Early Blight,1,0,-0.6,17.9,97.7,47.5,220.3,moderate,40.0
Late Blight,1,0,-0.6,17.9,97.7,47.5,220.3,moderate,56.0
Fusarium Wilt,0,0,0.0,17.9,97.7,47.5,220.3,moderate,46.0
Bacterial Spot,1,0,-1.0,17.9,97.7,47.5,220.3,low,28.0
Early Blight,0,0,0.0,25.1,39.7,57.8,145.2,moderate,46.0
Late Blight,1,0,-0.6,25.1,39.7,57.8,145.2,low,28.0
Fusarium Wilt,2,0,-2.0,25.1,39.7,57.8,145.2,low,28.0
Bacterial Spot,0,0,0.0,25.1,39.7,57.8,145.2,moderate,46.0
Early Blight,1,0,-0.6,22.9,94.6,83.7,485.1,moderate,56.0
Late Blight,1,0,-0.6,22.9,94.6,83.7,485.1,moderate,56.0
Fusarium Wilt,2,0,-2.0,22.9,94.6,83.7,485.1,low,28.0
Bacterial Spot,2,0,-1.6,22.9,94.6,83.7,485.1,low,28.0
Early Blight,1,0,-0.6,19.5,74.7,45.1,1058.5,moderate,40.0
Late Blight,1,0,-1.0,19.5,74.7,45.1,1058.5,low,28.0
Fusarium Wilt,1,0,-1.0,19.5,74.7,45.1,1058.5,low,28.0
Bacterial Spot,1,0,-0.6,19.5,74.7,45.1,1058.5,low,28.0
Early Blight,1,0,-0.6,30.7,57.9,52.7,780.4,low,28.0
Late Blight,1,0,-0.6,30.7,57.9,52.7,780.4,low,28.0
Fusarium Wilt,2,0,-2.0,30.7,57.9,52.7,780.4,moderate,44.0
Bacterial Spot,2,0,-1.6,30.7,57.9,52.7,780.4,low,16.0
Early Blight,1,0,-0.6,27.9,85.3,71.5,231.6,moderate,56.0
Late Blight,0,0,0.0,27.9,85.3,71.5,231.6,moderate,46.0
Fusarium Wilt,1,0,-1.0,27.9,85.3,71.5,231.6,moderate,44.0
Bacterial Spot,0,0,0.0,27.9,85.3,71.5,231.6,moderate,62.0
Early Blight,0,0,0.0,29.8,49.2,59.3,594.6,moderate,46.0
Late Blight,0,0,0.0,29.8,49.2,59.3,594.6,low,34.0
Fusarium Wilt,1,0,-1.0,29.8,49.2,59.3,594.6,moderate,44.0
Bacterial Spot,1,0,-1.0,29.8,49.2,59.3,594.6,low,28.0
Early Blight,0,0,0.0,18.5,66.5,38.8,258.8,low,34.0
Late Blight,1,0,-1.0,18.5,66.5,38.8,258.8,low,28.0
Fusarium Wilt,0,0,0.0,18.5,66.5,38.8,258.8,moderate,46.0
Bacterial Spot,2,0,-1.6,18.5,66.5,38.8,258.8,low,16.0
Early Blight,0,0,0.0,33.5,39.8,46.8,881.8,low,34.0
Late Blight,2,0,-1.6,33.5,39.8,46.8,881.8,low,16.0
Fusarium Wilt,1,0,-1.0,33.5,39.8,46.8,881.8,low,28.0
Bacterial Spot,1,0,-0.6,33.5,39.8,46.8,881.8,low,28.0
Early Blight,1,0,-0.6,24.6,79.9,45.5,527.3,moderate,56.0
Late Blight,2,0,-1.6,24.6,79.9,45.5,527.3,low,28.0
Fusarium Wilt,1,0,-1.0,24.6,79.9,45.5,527.3,low,28.0
Bacterial Spot,2,0,-1.6,24.6,79.9,45.5,527.3,low,28.0
Early Blight,0,0,0.0,19.5,89.4,62.7,780.8,moderate,46.0
Late Blight,0,0,0.0,19.5,89.4,62.7,780.8,moderate,62.0
Fusarium Wilt,1,0,-1.0,19.5,89.4,62.7,780.8,low,28.0
Bacterial Spot,2,0,-1.6,19.5,89.4,62.7,780.8,low,28.0
Early Blight,0,0,0.0,17.5,74.4,34.0,1016.2,moderate,46.0
Late Blight,1,0,-0.6,17.5,74.4,34.0,1016.2,moderate,40.0
Fusarium Wilt,1,0,-1.0,17.5,74.4,34.0,1016.2,low,28.0
Bacterial Spot,2,0,-1.6,17.5,74.4,34.0,1016.2,low,16.0
Early Blight,1,0,-0.6,26.9,42.3,45.4,863.4,moderate,40.0
Late Blight,1,0,-0.6,26.9,42.3,45.4,863.4,low,28.0
Fusarium Wilt,0,0,0.0,26.9,42.3,45.4,863.4,moderate,62.0
Bacterial Spot,2,0,-1.6,26.9,42.3,45.4,863.4,low,28.0
Early Blight,0,0,0.0,33.0,43.5,42.9,615.4,low,34.0
Late Blight,1,0,-1.0,33.0,43.5,42.9,615.4,low,16.0
Fusarium Wilt,1,0,-1.0,33.0,43.5,42.9,615.4,moderate,44.0
Bacterial Spot,0,0,0.0,33.0,43.5,42.9,615.4,low,34.0
Early Blight,1,0,-0.6,35.1,76.0,73.0,194.3,moderate,40.0
Late Blight,1,0,-0.6,35.1,76.0,73.0,194.3,moderate,40.0
Fusarium Wilt,1,0,-1.0,35.1,76.0,73.0,194.3,low,28.0
Bacterial Spot,1,0,-0.6,35.1,76.0,73.0,194.3,low,28.0
Early Blight,0,0,0.0,18.5,44.5,77.3,499.2,low,34.0
Late Blight,0,0,0.0,18.5,44.5,77.3,499.2,moderate,46.0
Fusarium Wilt,1,0,-1.0,18.5,44.5,77.3,499.2,low,28.0
Bacterial Spot,2,0,-1.6,18.5,44.5,77.3,499.2,low,16.0
Early Blight,0,0,0.0,27.9,91.3,22.2,556.7,moderate,62.0
Late Blight,1,0,-0.6,27.9,91.3,22.2,556.7,moderate,40.0
Fusarium Wilt,1,0,-1.0,27.9,91.3,22.2,556.7,moderate,44.0
Bacterial Spot,0,0,0.0,27.9,91.3,22.2,556.7,moderate,62.0
Early Blight,1,0,-0.6,35.8,96.4,63.1,261.3,moderate,40.0
Late Blight,1,0,-0.6,35.8,96.4,63.1,261.3,moderate,40.0
Fusarium Wilt,2,0,-2.0,35.8,96.4,63.1,261.3,low,28.0
Bacterial Spot,2,0,-1.6,35.8,96.4,63.1,261.3,low,28.0
Early Blight,1,0,-0.6,30.8,85.6,84.5,743.4,moderate,40.0
Late Blight,0,0,0.0,30.8,85.6,84.5,743.4,moderate,46.0
Fusarium Wilt,0,0,0.0,30.8,85.6,84.5,743.4,moderate,62.0
Bacterial Spot,0,0,0.0,30.8,85.6,84.5,743.4,moderate,46.0
Early Blight,1,0,-0.6,35.4,34.7,20.8,430.1,low,28.0
Late Blight,1,0,-1.0,35.4,34.7,20.8,430.1,low,16.0
Fusarium Wilt,0,0,0.0,35.4,34.7,20.8,430.1,low,34.0
Bacterial Spot,1,0,-0.6,35.4,34.7,20.8,430.1,low,28.0
Early Blight,0,0,0.0,31.4,94.5,16.6,763.1,moderate,46.0
Late Blight,1,0,-1.0,31.4,94.5,16.6,763.1,low,28.0
Fusarium Wilt,2,0,-2.0,31.4,94.5,16.6,763.1,moderate,44.0
Bacterial Spot,1,0,-0.6,31.4,94.5,16.6,763.1,moderate,40.0
Early Blight,0,0,0.0,21.4,65.4,83.3,638.6,moderate,46.0
Late Blight,2,0,-1.6,21.4,65.4,83.3,638.6,low,28.0
Fusarium Wilt,2,0,-2.0,21.4,65.4,83.3,638.6,low,28.0
Bacterial Spot,2,0,-1.6,21.4,65.4,83.3,638.6,low,16.0
Early Blight,0,0,0.0,32.2,81.7,46.6,188.3,moderate,46.0
Late Blight,1,0,-1.0,32.2,81.7,46.6,188.3,low,28.0
Fusarium Wilt,0,0,0.0,32.2,81.7,46.6,188.3,moderate,62.0
Bacterial Spot,2,0,-1.6,32.2,81.7,46.6,188.3,low,16.0
Early Blight,0,0,0.0,35.8,55.8,12.9,839.1,low,34.0
Late Blight,1,0,-1.0,35.8,55.8,12.9,839.1,low,16.0
Fusarium Wilt,0,0,0.0,35.8,55.8,12.9,839.1,moderate,46.0
Bacterial Spot,2,0,-1.6,35.8,55.8,12.9,839.1,low,16.0
Early Blight,1,0,-0.6,36.7,78.9,54.2,637.7,moderate,40.0
Late Blight,0,0,0.0,36.7,78.9,54.2,637.7,moderate,46.0
Fusarium Wilt,1,0,-1.0,36.7,78.9,54.2,637.7,low,28.0
Bacterial Spot,1,0,-1.0,36.7,78.9,54.2,637.7,low,16.0
Early Blight,1,0,-0.6,17.6,85.1,74.5,217.8,moderate,40.0
Late Blight,2,0,-1.6,17.6,85.1,74.5,217.8,moderate,44.0
Fusarium Wilt,0,0,0.0,17.6,85.1,74.5,217.8,moderate,46.0
Bacterial Spot,1,0,-0.6,17.6,85.1,74.5,217.8,moderate,40.0
Early Blight,1,0,-0.6,15.3,84.9,79.6,779.2,moderate,40.0
Late Blight,0,0,0.0,15.3,84.9,79.6,779.2,moderate,62.0
Fusarium Wilt,1,0,-1.0,15.3,84.9,79.6,779.2,low,28.0
Bacterial Spot,1,0,-0.6,15.3,84.9,79.6,779.2,low,28.0
Early Blight,1,0,-0.6,17.8,77.9,26.0,920.7,moderate,40.0
Late Blight,1,0,-1.0,17.8,77.9,26.0,920.7,moderate,44.0
Fusarium Wilt,1,0,-1.0,17.8,77.9,26.0,920.7,low,28.0
Bacterial Spot,2,0,-1.6,17.8,77.9,26.0,920.7,low,16.0
Early Blight,1,0,-0.6,16.8,51.8,52.3,623.6,low,28.0
Late Blight,0,0,0.0,16.8,51.8,52.3,623.6,moderate,46.0
Fusarium Wilt,2,0,-2.0,16.8,51.8,52.3,623.6,low,28.0
Bacterial Spot,0,0,0.0,16.8,51.8,52.3,623.6,low,34.0
Early Blight,1,0,-0.6,16.4,42.6,10.5,293.4,low,28.0
Late Blight,1,0,-1.0,16.4,42.6,10.5,293.4,low,28.0
Fusarium Wilt,0,0,0.0,16.4,42.6,10.5,293.4,moderate,46.0
Bacterial Spot,1,0,-0.6,16.4,42.6,10.5,293.4,low,28.0
Early Blight,0,0,0.0,19.3,51.9,89.4,278.7,low,34.0
Late Blight,0,0,0.0,19.3,51.9,89.4,278.7,moderate,46.0
Fusarium Wilt,1,0,-1.0,19.3,51.9,89.4,278.7,low,28.0
Bacterial Spot,1,0,-1.0,19.3,51.9,89.4,278.7,low,16.0
Early Blight,1,0,-0.6,31.9,66.1,62.4,1165.0,low,28.0
Late Blight,1,0,-0.6,31.9,66.1,62.4,1165.0,low,28.0
Fusarium Wilt,2,0,-2.0,31.9,66.1,62.4,1165.0,moderate,44.0
Bacterial Spot,0,0,0.0,31.9,66.1,62.4,1165.0,low,34.0
Early Blight,1,0,-0.6,33.8,35.4,71.2,887.7,low,28.0
Late Blight,1,0,-0.6,33.8,35.4,71.2,887.7,low,28.0
Fusarium Wilt,0,0,0.0,33.8,35.4,71.2,887.7,moderate,46.0
Bacterial Spot,1,0,-1.0,33.8,35.4,71.2,887.7,low,16.0
Early Blight,1,0,-0.6,30.6,34.5,31.0,1023.7,low,28.0
Late Blight,1,0,-0.6,30.6,34.5,31.0,1023.7,low,28.0
Fusarium Wilt,1,0,-1.0,30.6,34.5,31.0,1023.7,low,28.0
Bacterial Spot,1,0,-1.0,30.6,34.5,31.0,1023.7,low,16.0
Early Blight,1,0,-0.6,19.4,69.9,13.4,488.2,low,28.0
Late Blight,1,0,-1.0,19.4,69.9,13.4,488.2,low,28.0
Fusarium Wilt,0,0,0.0,19.4,69.9,13.4,488.2,moderate,46.0
Bacterial Spot,1,0,-1.0,19.4,69.9,13.4,488.2,low,16.0
Early Blight,1,0,-0.6,25.4,39.7,70.0,561.6,moderate,40.0
Late Blight,2,0,-1.6,25.4,39.7,70.0,561.6,low,16.0
Fusarium Wilt,0,0,0.0,25.4,39.7,70.0,561.6,moderate,46.0
Bacterial Spot,2,0,-1.6,25.4,39.7,70.0,561.6,low,28.0
Early Blight,1,0,-0.6,33.2,75.0,23.8,752.2,moderate,40.0
Late Blight,2,0,-1.6,33.2,75.0,23.8,752.2,low,28.0
Fusarium Wilt,2,0,-2.0,33.2,75.0,23.8,752.2,moderate,44.0
Bacterial Spot,2,0,-1.6,33.2,75.0,23.8,752.2,low,16.0
Early Blight,1,0,-0.6,22.0,95.0,53.9,350.5,moderate,56.0
Late Blight,1,0,-0.6,22.0,95.0,53.9,350.5,moderate,56.0
Fusarium Wilt,1,0,-1.0,22.0,95.0,53.9,350.5,low,28.0
Bacterial Spot,1,0,-0.6,22.0,95.0,53.9,350.5,moderate,40.0
Early Blight,1,0,-0.6,37.1,34.5,35.9,624.4,low,28.0
Late Blight,1,0,-1.0,37.1,34.5,35.9,624.4,low,16.0
Fusarium Wilt,1,0,-1.0,37.1,34.5,35.9,624.4,low,16.0
Bacterial Spot,2,0,-1.6,37.1,34.5,35.9,624.4,low,16.0
Early Blight,1,0,-0.6,18.6,72.9,64.7,571.9,moderate,40.0
Late Blight,2,0,-1.6,18.6,72.9,64.7,571.9,low,28.0
Fusarium Wilt,0,0,0.0,18.6,72.9,64.7,571.9,moderate,46.0
Bacterial Spot,1,0,-0.6,18.6,72.9,64.7,571.9,low,28.0
Early Blight,1,0,-0.6,37.3,34.3,45.8,558.7,low,28.0
Late Blight,2,0,-1.6,37.3,34.3,45.8,558.7,low,16.0
Fusarium Wilt,1,0,-1.0,37.3,34.3,45.8,558.7,low,16.0
Bacterial Spot,0,0,0.0,37.3,34.3,45.8,558.7,low,34.0
Early Blight,1,0,-0.6,33.1,67.7,56.2,464.2,low,28.0
Late Blight,2,0,-1.6,33.1,67.7,56.2,464.2,low,16.0
Fusarium Wilt,0,0,0.0,33.1,67.7,56.2,464.2,moderate,62.0
Bacterial Spot,1,0,-1.0,33.1,67.7,56.2,464.2,low,16.0
Early Blight,1,0,-0.6,20.5,85.7,49.1,616.7,moderate,56.0
Late Blight,1,0,-0.6,20.5,85.7,49.1,616.7,moderate,56.0
Fusarium Wilt,0,0,0.0,20.5,85.7,49.1,616.7,moderate,46.0
Bacterial Spot,2,0,-1.6,20.5,85.7,49.1,616.7,low,28.0
Early Blight,1,0,-0.6,28.9,90.6,86.7,392.6,moderate,56.0
Late Blight,0,0,0.0,28.9,90.6,86.7,392.6,moderate,46.0
Fusarium Wilt,2,0,-2.0,28.9,90.6,86.7,392.6,moderate,44.0
Bacterial Spot,1,0,-0.6,28.9,90.6,86.7,392.6,moderate,56.0
Early Blight,1,0,-0.6,20.7,73.0,36.2,1007.3,moderate,56.0
Late Blight,2,0,-1.6,20.7,73.0,36.2,1007.3,low,28.0
Fusarium Wilt,1,0,-1.0,20.7,73.0,36.2,1007.3,low,28.0
Bacterial Spot,0,0,0.0,20.7,73.0,36.2,1007.3,low,34.0
Early Blight,1,0,-0.6,34.0,73.9,86.6,757.3,moderate,40.0
Late Blight,0,0,0.0,34.0,73.9,86.6,757.3,low,34.0
Fusarium Wilt,1,0,-1.0,34.0,73.9,86.6,757.3,moderate,44.0
Bacterial Spot,1,0,-1.0,34.0,73.9,86.6,757.3,low,16.0
Early Blight,1,0,-0.6,24.7,85.7,10.9,387.1,moderate,56.0
Late Blight,1,0,-1.0,24.7,85.7,10.9,387.1,low,28.0
Fusarium Wilt,1,0,-1.0,24.7,85.7,10.9,387.1,low,28.0
Bacterial Spot,1,0,-1.0,24.7,85.7,10.9,387.1,moderate,44.0
Early Blight,0,0,0.0,18.4,72.6,54.4,753.2,moderate,46.0
Late Blight,2,0,-1.6,18.4,72.6,54.4,753.2,low,28.0
Fusarium Wilt,1,0,-1.0,18.4,72.6,54.4,753.2,low,28.0
Bacterial Spot,2,0,-1.6,18.4,72.6,54.4,753.2,low,16.0
Early Blight,0,0,0.0,18.0,95.0,19.9,1054.5,moderate,46.0
Late Blight,2,0,-1.6,18.0,95.0,19.9,1054.5,moderate,44.0
Fusarium Wilt,0,0,0.0,18.0,95.0,19.9,1054.5,moderate,46.0
Bacterial Spot,0,0,0.0,18.0,95.0,19.9,1054.5,moderate,46.0
Early Blight,1,0,-0.6,24.1,52.2,76.9,138.0,moderate,40.0
Late Blight,0,0,0.0,24.1,52.2,76.9,138.0,low,34.0
Fusarium Wilt,1,0,-1.0,24.1,52.2,76.9,138.0,low,28.0
Bacterial Spot,1,0,-0.6,24.1,52.2,76.9,138.0,moderate,40.0
Early Blight,0,0,0.0,16.5,34.6,22.1,675.1,low,34.0
Late Blight,1,0,-1.0,16.5,34.6,22.1,675.1,low,28.0
Fusarium Wilt,1,0,-1.0,16.5,34.6,22.1,675.1,low,16.0
Bacterial Spot,1,0,-1.0,16.5,34.6,22.1,675.1,low,16.0
Early Blight,1,0,-0.6,26.3,67.1,52.0,806.0,moderate,40.0
Late Blight,1,0,-1.0,26.3,67.1,52.0,806.0,low,16.0
Fusarium Wilt,1,0,-1.0,26.3,67.1,52.0,806.0,moderate,44.0
Bacterial Spot,1,0,-1.0,26.3,67.1,52.0,806.0,low,28.0
Early Blight,1,0,-0.6,21.0,46.3,61.6,713.5,moderate,40.0
Late Blight,1,0,-0.6,21.0,46.3,61.6,713.5,moderate,40.0
Fusarium Wilt,2,0,-2.0,21.0,46.3,61.6,713.5,low,28.0
Bacterial Spot,2,0,-1.6,21.0,46.3,61.6,713.5,low,16.0
Early Blight,0,0,0.0,35.0,64.0,35.8,931.6,low,34.0
Late Blight,1,0,-1.0,35.0,64.0,35.8,931.6,low,16.0
Fusarium Wilt,1,0,-1.0,35.0,64.0,35.8,931.6,moderate,44.0
Bacterial Spot,0,0,0.0,35.0,64.0,35.8,931.6,low,34.0
Early Blight,1,0,-0.6,15.9,70.1,26.7,741.0,moderate,40.0
Late Blight,0,0,0.0,15.9,70.1,26.7,741.0,moderate,46.0
Fusarium Wilt,1,0,-1.0,15.9,70.1,26.7,741.0,low,28.0
Bacterial Spot,2,0,-1.6,15.9,70.1,26.7,741.0,low,16.0
Early Blight,0,0,0.0,27.3,92.2,69.5,409.6,moderate,62.0
Late Blight,1,0,-0.6,27.3,92.2,69.5,409.6,moderate,40.0
Fusarium Wilt,1,0,-1.0,27.3,92.2,69.5,409.6,moderate,44.0
Bacterial Spot,2,0,-1.6,27.3,92.2,69.5,409.6,moderate,44.0
Early Blight,0,0,0.0,21.0,38.1,32.8,131.7,moderate,46.0
Late Blight,0,0,0.0,21.0,38.1,32.8,131.7,moderate,46.0
Fusarium Wilt,2,0,-2.0,21.0,38.1,32.8,131.7,low,16.0
Bacterial Spot,1,0,-1.0,21.0,38.1,32.8,131.7,low,16.0
Early Blight,0,0,0.0,32.1,89.4,26.0,727.2,moderate,46.0
Late Blight,0,0,0.0,32.1,89.4,26.0,727.2,moderate,46.0
Fusarium Wilt,0,0,0.0,32.1,89.4,26.0,727.2,moderate,62.0
Bacterial Spot,2,0,-1.6,32.1,89.4,26.0,727.2,low,28.0
Early Blight,0,0,0.0,29.4,68.5,80.8,377.6,moderate,46.0
Late Blight,2,0,-1.6,29.4,68.5,80.8,377.6,low,16.0
Fusarium Wilt,2,0,-2.0,29.4,68.5,80.8,377.6,moderate,44.0
Bacterial Spot,1,0,-1.0,29.4,68.5,80.8,377.6,low,28.0
Early Blight,0,0,0.0,31.6,61.1,41.3,929.2,low,34.0
Late Blight,1,0,-1.0,31.6,61.1,41.3,929.2,low,16.0
Fusarium Wilt,0,0,0.0,31.6,61.1,41.3,929.2,moderate,62.0
Bacterial Spot,1,0,-0.6,31.6,61.1,41.3,929.2,low,28.0
Early Blight,1,0,-0.6,17.5,30.0,12.5,155.0,low,28.0
Late Blight,2,0,-1.6,17.5,30.0,12.5,155.0,low,28.0
Fusarium Wilt,1,0,-1.0,17.5,30.0,12.5,155.0,low,16.0
Bacterial Spot,1,0,-0.6,17.5,30.0,12.5,155.0,low,28.0
Early Blight,1,0,-0.6,23.5,73.9,87.7,916.0,moderate,56.0
Late Blight,1,0,-1.0,23.5,73.9,87.7,916.0,low,28.0
Fusarium Wilt,2,0,-2.0,23.5,73.9,87.7,916.0,low,28.0
Bacterial Spot,2,0,-1.6,23.5,73.9,87.7,916.0,low,16.0
Early Blight,1,0,-0.6,25.5,93.4,88.7,1106.0,moderate,56.0
Late Blight,0,0,0.0,25.5,93.4,88.7,1106.0,moderate,46.0
Fusarium Wilt,0,0,0.0,25.5,93.4,88.7,1106.0,moderate,62.0
Bacterial Spot,1,0,-0.6,25.5,93.4,88.7,1106.0,moderate,56.0
Early Blight,0,0,0.0,17.6,79.3,46.4,1075.1,moderate,46.0
Late Blight,2,0,-1.6,17.6,79.3,46.4,1075.1,moderate,44.0
Fusarium Wilt,1,0,-1.0,17.6,79.3,46.4,1075.1,low,28.0
Bacterial Spot,1,0,-0.6,17.6,79.3,46.4,1075.1,low,28.0
Early Blight,1,0,-0.6,24.1,55.7,13.0,575.7,moderate,40.0
Late Blight,2,0,-1.6,24.1,55.7,13.0,575.7,low,16.0
Fusarium Wilt,0,0,0.0,24.1,55.7,13.0,575.7,moderate,46.0
Bacterial Spot,0,0,0.0,24.1,55.7,13.0,575.7,moderate,46.0
Early Blight,0,0,0.0,31.3,78.9,26.2,394.0,moderate,46.0
Late Blight,1,0,-0.6,31.3,78.9,26.2,394.0,moderate,40.0
Fusarium Wilt,0,0,0.0,31.3,78.9,26.2,394.0,moderate,62.0
Bacterial Spot,1,0,-0.6,31.3,78.9,26.2,394.0,low,28.0
Early Blight,0,0,0.0,28.0,88.3,54.7,873.2,moderate,62.0
Late Blight,0,0,0.0,28.0,88.3,54.7,873.2,moderate,46.0
Fusarium Wilt,2,0,-2.0,28.0,88.3,54.7,873.2,moderate,44.0
Bacterial Spot,1,0,-1.0,28.0,88.3,54.7,873.2,moderate,44.0
Early Blight,0,0,0.0,27.5,55.4,82.1,898.8,moderate,46.0
Late Blight,1,0,-1.0,27.5,55.4,82.1,898.8,low,16.0
Fusarium Wilt,1,0,-1.0,27.5,55.4,82.1,898.8,moderate,44.0
Bacterial Spot,1,0,-1.0,27.5,55.4,82.1,898.8,low,28.0
Early Blight,0,0,0.0,32.6,40.0,63.8,1078.4,low,34.0
Late Blight,1,0,-1.0,32.6,40.0,63.8,1078.4,low,16.0
Fusarium Wilt,2,0,-2.0,32.6,40.0,63.8,1078.4,moderate,44.0
Bacterial Spot,1,0,-1.0,32.6,40.0,63.8,1078.4,low,16.0
Early Blight,0,0,0.0,29.8,60.7,53.1,848.4,moderate,46.0
Late Blight,1,0,-1.0,29.8,60.7,53.1,848.4,low,16.0
Fusarium Wilt,1,0,-1.0,29.8,60.7,53.1,848.4,moderate,44.0
Bacterial Spot,1,0,-1.0,29.8,60.7,53.1,848.4,low,28.0
Early Blight,0,0,0.0,32.1,87.9,55.9,1175.0,moderate,46.0
Late Blight,1,0,-0.6,32.1,87.9,55.9,1175.0,moderate,40.0
Fusarium Wilt,0,0,0.0,32.1,87.9,55.9,1175.0,moderate,62.0
Bacterial Spot,0,0,0.0,32.1,87.9,55.9,1175.0,moderate,46.0
Early Blight,0,0,0.0,27.0,69.1,30.4,705.5,moderate,46.0
Late Blight,0,0,0.0,27.0,69.1,30.4,705.5,low,34.0
Fusarium Wilt,1,0,-1.0,27.0,69.1,30.4,705.5,moderate,44.0
Bacterial Spot,1,0,-1.0,27.0,69.1,30.4,705.5,low,28.0
Early Blight,1,0,-0.6,23.6,93.7,51.8,1001.3,moderate,56.0
Late Blight,2,0,-1.6,23.6,93.7,51.8,1001.3,moderate,44.0
Fusarium Wilt,1,0,-1.0,23.6,93.7,51.8,1001.3,low,28.0
Bacterial Spot,1,0,-0.6,23.6,93.7,51.8,1001.3,moderate,40.0
Early Blight,0,0,0.0,34.2,90.9,25.1,100.7,moderate,46.0
Late Blight,1,0,-0.6,34.2,90.9,25.1,100.7,moderate,40.0
Fusarium Wilt,2,0,-2.0,34.2,90.9,25.1,100.7,moderate,44.0
Bacterial Spot,1,0,-0.6,34.2,90.9,25.1,100.7,moderate,40.0
Early Blight,0,0,0.0,24.3,86.1,53.4,206.2,moderate,62.0
Late Blight,2,0,-1.6,24.3,86.1,53.4,206.2,low,28.0
Fusarium Wilt,2,0,-2.0,24.3,86.1,53.4,206.2,low,28.0
Bacterial Spot,1,0,-0.6,24.3,86.1,53.4,206.2,moderate,56.0
Early Blight,1,0,-0.6,20.8,94.7,43.8,493.3,moderate,56.0
Late Blight,1,0,-0.6,20.8,94.7,43.8,493.3,moderate,56.0
Fusarium Wilt,2,0,-2.0,20.8,94.7,43.8,493.3,low,28.0
Bacterial Spot,1,0,-1.0,20.8,94.7,43.8,493.3,low,28.0
Early Blight,1,0,-0.6,26.0,71.8,13.3,640.5,moderate,56.0
Late Blight,2,0,-1.6,26.0,71.8,13.3,640.5,low,16.0
Fusarium Wilt,0,0,0.0,26.0,71.8,13.3,640.5,moderate,62.0
Bacterial Spot,1,0,-1.0,26.0,71.8,13.3,640.5,low,28.0
Early Blight,0,0,0.0,17.3,76.8,59.6,486.2,moderate,46.0
Late Blight,2,0,-1.6,17.3,76.8,59.6,486.2,moderate,44.0
Fusarium Wilt,2,0,-2.0,17.3,76.8,59.6,486.2,low,28.0
Bacterial Spot,1,0,-0.6,17.3,76.8,59.6,486.2,low,28.0
Early Blight,0,0,0.0,27.5,35.6,67.9,887.2,moderate,46.0
Late Blight,1,0,-1.0,27.5,35.6,67.9,887.2,low,16.0
Fusarium Wilt,1,0,-1.0,27.5,35.6,67.9,887.2,low,28.0
Bacterial Spot,2,0,-1.6,27.5,35.6,67.9,887.2,low,28.0
Early Blight,1,0,-0.6,32.9,88.1,27.3,551.7,moderate,40.0
Late Blight,1,0,-1.0,32.9,88.1,27.3,551.7,low,28.0
Fusarium Wilt,0,0,0.0,32.9,88.1,27.3,551.7,moderate,62.0
Bacterial Spot,1,0,-1.0,32.9,88.1,27.3,551.7,low,28.0
Early Blight,0,0,0.0,25.7,77.4,41.1,1117.5,moderate,62.0
Late Blight,1,0,-1.0,25.7,77.4,41.1,1117.5,low,28.0
Fusarium Wilt,1,0,-1.0,25.7,77.4,41.1,1117.5,moderate,44.0
Bacterial Spot,1,0,-0.6,25.7,77.4,41.1,1117.5,moderate,40.0
Early Blight,1,0,-0.6,18.7,49.7,36.5,220.6,low,28.0
Late Blight,1,0,-0.6,18.7,49.7,36.5,220.6,moderate,40.0
Fusarium Wilt,2,0,-2.0,18.7,49.7,36.5,220.6,low,28.0
Bacterial Spot,0,0,0.0,18.7,49.7,36.5,220.6,low,34.0
Early Blight,1,0,-0.6,35.8,82.5,13.5,300.9,moderate,40.0
Late Blight,0,0,0.0,35.8,82.5,13.5,300.9,moderate,46.0
Fusarium Wilt,2,0,-2.0,35.8,82.5,13.5,300.9,low,28.0
Bacterial Spot,0,0,0.0,35.8,82.5,13.5,300.9,low,34.0
Early Blight,0,0,0.0,17.3,39.5,69.2,1141.3,low,34.0
Late Blight,2,0,-1.6,17.3,39.5,69.2,1141.3,low,28.0
Fusarium Wilt,1,0,-1.0,17.3,39.5,69.2,1141.3,low,16.0
Bacterial Spot,0,0,0.0,17.3,39.5,69.2,1141.3,low,34.0
Early Blight,0,0,0.0,29.6,37.2,47.9,406.8,moderate,46.0
Late Blight,2,0,-1.6,29.6,37.2,47.9,406.8,low,16.0
Fusarium Wilt,1,0,-1.0,29.6,37.2,47.9,406.8,low,28.0
Bacterial Spot,2,0,-1.6,29.6,37.2,47.9,406.8,low,28.0
Early Blight,1,0,-0.6,36.1,91.6,80.0,233.1,moderate,40.0
Late Blight,0,0,0.0,36.1,91.6,80.0,233.1,moderate,46.0
Fusarium Wilt,1,0,-1.0,36.1,91.6,80.0,233.1,low,28.0
Bacterial Spot,2,0,-1.6,36.1,91.6,80.0,233.1,low,28.0
Early Blight,0,0,0.0,16.5,83.7,24.8,554.6,moderate,46.0
Late Blight,2,0,-1.6,16.5,83.7,24.8,554.6,moderate,44.0
Fusarium Wilt,1,0,-1.0,16.5,83.7,24.8,554.6,low,28.0
Bacterial Spot,2,0,-1.6,16.5,83.7,24.8,554.6,low,16.0
Early Blight,1,0,-0.6,33.1,37.7,63.3,744.1,low,28.0
Late Blight,1,0,-0.6,33.1,37.7,63.3,744.1,low,28.0
Fusarium Wilt,0,0,0.0,33.1,37.7,63.3,744.1,moderate,46.0
Bacterial Spot,1,0,-0.6,33.1,37.7,63.3,744.1,low,28.0
Early Blight,0,0,0.0,25.9,62.6,17.9,526.6,moderate,46.0
Late Blight,0,0,0.0,25.9,62.6,17.9,526.6,low,34.0
Fusarium Wilt,2,0,-2.0,25.9,62.6,17.9,526.6,moderate,44.0
Bacterial Spot,0,0,0.0,25.9,62.6,17.9,526.6,moderate,46.0
Early Blight,1,0,-0.6,16.6,64.9,89.0,722.8,low,28.0
Late Blight,0,0,0.0,16.6,64.9,89.0,722.8,moderate,46.0
Fusarium Wilt,2,0,-2.0,16.6,64.9,89.0,722.8,low,28.0
Bacterial Spot,2,0,-1.6,16.6,64.9,89.0,722.8,low,16.0
Early Blight,0,0,0.0,24.9,89.2,72.5,130.4,moderate,62.0
Late Blight,1,0,-0.6,24.9,89.2,72.5,130.4,moderate,40.0
Fusarium Wilt,0,0,0.0,24.9,89.2,72.5,130.4,moderate,46.0
Bacterial Spot,1,0,-0.6,24.9,89.2,72.5,130.4,moderate,56.0
Early Blight,0,0,0.0,29.1,83.8,81.1,810.6,moderate,62.0
Late Blight,1,0,-1.0,29.1,83.8,81.1,810.6,low,28.0
Fusarium Wilt,1,0,-1.0,29.1,83.8,81.1,810.6,moderate,44.0
Bacterial Spot,2,0,-1.6,29.1,83.8,81.1,810.6,low,28.0
Early Blight,0,0,0.0,16.5,35.8,81.3,260.1,low,34.0
Late Blight,2,0,-1.6,16.5,35.8,81.3,260.1,low,28.0
Fusarium Wilt,1,0,-1.0,16.5,35.8,81.3,260.1,low,16.0
Bacterial Spot,1,0,-0.6,16.5,35.8,81.3,260.1,low,28.0
Early Blight,0,0,0.0,27.3,52.2,34.7,1143.3,moderate,46.0
Late Blight,1,0,-1.0,27.3,52.2,34.7,1143.3,low,16.0
Fusarium Wilt,0,0,0.0,27.3,52.2,34.7,1143.3,moderate,62.0
Bacterial Spot,0,0,0.0,27.3,52.2,34.7,1143.3,moderate,46.0
Early Blight,1,0,-0.6,30.2,69.0,47.5,200.1,low,28.0
Late Blight,1,0,-1.0,30.2,69.0,47.5,200.1,low,16.0
Fusarium Wilt,1,0,-1.0,30.2,69.0,47.5,200.1,moderate,44.0
Bacterial Spot,2,0,-1.6,30.2,69.0,47.5,200.1,low,16.0
Early Blight,0,0,0.0,21.6,64.9,35.0,1096.4,moderate,46.0
Late Blight,1,0,-0.6,21.6,64.9,35.0,1096.4,moderate,40.0
Fusarium Wilt,1,0,-1.0,21.6,64.9,35.0,1096.4,low,28.0
Bacterial Spot,1,0,-0.6,21.6,64.9,35.0,1096.4,low,28.0
Early Blight,0,0,0.0,21.1,58.8,62.7,945.1,moderate,46.0
Late Blight,1,0,-1.0,21.1,58.8,62.7,945.1,low,28.0
Fusarium Wilt,1,0,-1.0,21.1,58.8,62.7,945.1,low,28.0
Bacterial Spot,1,0,-1.0,21.1,58.8,62.7,945.1,low,16.0
Early Blight,0,0,0.0,22.4,84.3,56.5,290.8,moderate,62.0
Late Blight,0,0,0.0,22.4,84.3,56.5,290.8,moderate,62.0
Fusarium Wilt,1,0,-1.0,22.4,84.3,56.5,290.8,low,28.0
Bacterial Spot,1,0,-0.6,22.4,84.3,56.5,290.8,low,28.0
Early Blight,1,0,-0.6,29.9,63.8,29.7,632.8,moderate,40.0
Late Blight,0,0,0.0,29.9,63.8,29.7,632.8,low,34.0
Fusarium Wilt,1,0,-1.0,29.9,63.8,29.7,632.8,moderate,44.0
Bacterial Spot,1,0,-1.0,29.9,63.8,29.7,632.8,low,28.0
Early Blight,0,0,0.0,33.7,96.9,10.3,307.8,moderate,46.0
Late Blight,1,0,-0.6,33.7,96.9,10.3,307.8,moderate,40.0
Fusarium Wilt,0,0,0.0,33.7,96.9,10.3,307.8,moderate,62.0
Bacterial Spot,1,0,-1.0,33.7,96.9,10.3,307.8,low,28.0
Early Blight,0,0,0.0,19.6,33.5,44.2,1179.9,low,34.0
Late Blight,2,0,-1.6,19.6,33.5,44.2,1179.9,low,28.0
Fusarium Wilt,2,0,-2.0,19.6,33.5,44.2,1179.9,low,16.0
Bacterial Spot,1,0,-1.0,19.6,33.5,44.2,1179.9,low,16.0
Early Blight,1,0,-0.6,16.3,87.6,32.2,703.3,moderate,40.0
Late Blight,0,0,0.0,16.3,87.6,32.2,703.3,moderate,62.0
Fusarium Wilt,1,0,-1.0,16.3,87.6,32.2,703.3,low,28.0
Bacterial Spot,0,0,0.0,16.3,87.6,32.2,703.3,moderate,46.0
Early Blight,1,0,-0.6,15.2,53.0,59.9,404.9,low,28.0
Late Blight,1,0,-1.0,15.2,53.0,59.9,404.9,low,28.0
Fusarium Wilt,1,0,-1.0,15.2,53.0,59.9,404.9,low,28.0
Bacterial Spot,0,0,0.0,15.2,53.0,59.9,404.9,low,34.0
Early Blight,0,0,0.0,18.5,67.7,35.3,341.9,low,34.0
Late Blight,1,0,-0.6,18.5,67.7,35.3,341.9,moderate,40.0
Fusarium Wilt,0,0,0.0,18.5,67.7,35.3,341.9,moderate,46.0
Bacterial Spot,1,0,-1.0,18.5,67.7,35.3,341.9,low,16.0
Early Blight,0,0,0.0,37.5,48.3,48.9,205.3,low,34.0
Late Blight,2,0,-1.6,37.5,48.3,48.9,205.3,low,16.0
Fusarium Wilt,2,0,-2.0,37.5,48.3,48.9,205.3,low,28.0
Bacterial Spot,2,0,-1.6,37.5,48.3,48.9,205.3,low,16.0
Early Blight,1,0,-0.6,20.5,51.0,56.4,759.7,moderate,40.0
Late Blight,2,0,-1.6,20.5,51.0,56.4,759.7,low,28.0
Fusarium Wilt,1,0,-1.0,20.5,51.0,56.4,759.7,low,28.0
Bacterial Spot,1,0,-1.0,20.5,51.0,56.4,759.7,low,16.0
Early Blight,1,0,-0.6,23.8,71.8,40.4,695.4,moderate,56.0
Late Blight,1,0,-0.6,23.8,71.8,40.4,695.4,moderate,40.0
Fusarium Wilt,0,0,0.0,23.8,71.8,40.4,695.4,moderate,46.0
Bacterial Spot,2,0,-1.6,23.8,71.8,40.4,695.4,low,16.0
Early Blight,0,0,0.0,29.2,87.0,58.5,510.3,moderate,62.0
Late Blight,0,0,0.0,29.2,87.0,58.5,510.3,moderate,46.0
Fusarium Wilt,1,0,-1.0,29.2,87.0,58.5,510.3,moderate,44.0
Bacterial Spot,2,0,-1.6,29.2,87.0,58.5,510.3,moderate,44.0
Early Blight,0,0,0.0,24.3,46.9,33.3,354.0,moderate,46.0
Late Blight,2,0,-1.6,24.3,46.9,33.3,354.0,low,16.0
Fusarium Wilt,1,0,-1.0,24.3,46.9,33.3,354.0,low,28.0
Bacterial Spot,1,0,-0.6,24.3,46.9,33.3,354.0,moderate,40.0
Early Blight,1,0,-0.6,33.4,56.4,37.6,519.1,low,28.0
Late Blight,0,0,0.0,33.4,56.4,37.6,519.1,low,34.0
Fusarium Wilt,2,0,-2.0,33.4,56.4,37.6,519.1,moderate,44.0
Bacterial Spot,2,0,-1.6,33.4,56.4,37.6,519.1,low,16.0
Early Blight,0,0,0.0,37.9,62.5,23.5,1039.0,low,34.0
Late Blight,0,0,0.0,37.9,62.5,23.5,1039.0,low,34.0
Fusarium Wilt,0,0,0.0,37.9,62.5,23.5,1039.0,moderate,46.0
Bacterial Spot,1,0,-1.0,37.9,62.5,23.5,1039.0,low,16.0
Early Blight,1,0,-0.6,17.1,92.3,17.4,864.8,moderate,40.0
Late Blight,1,0,-1.0,17.1,92.3,17.4,864.8,moderate,44.0
Fusarium Wilt,2,0,-2.0,17.1,92.3,17.4,864.8,low,28.0
Bacterial Spot,1,0,-0.6,17.1,92.3,17.4,864.8,moderate,40.0
Early Blight,1,0,-0.6,36.1,45.6,34.9,672.6,low,28.0
Late Blight,2,0,-1.6,36.1,45.6,34.9,672.6,low,16.0
Fusarium Wilt,0,0,0.0,36.1,45.6,34.9,672.6,moderate,46.0
Bacterial Spot,0,0,0.0,36.1,45.6,34.9,672.6,low,34.0
Early Blight,1,0,-0.6,19.0,67.3,85.4,1084.4,low,28.0
Late Blight,1,0,-0.6,19.0,67.3,85.4,1084.4,moderate,40.0
Fusarium Wilt,1,0,-1.0,19.0,67.3,85.4,1084.4,low,28.0
Bacterial Spot,1,0,-1.0,19.0,67.3,85.4,1084.4,low,16.0
Early Blight,0,0,0.0,19.1,38.4,47.0,936.9,low,34.0
Late Blight,1,0,-1.0,19.1,38.4,47.0,936.9,low,28.0
Fusarium Wilt,2,0,-2.0,19.1,38.4,47.0,936.9,low,16.0
Bacterial Spot,0,0,0.0,19.1,38.4,47.0,936.9,low,34.0
Early Blight,1,0,-0.6,26.8,31.4,50.4,162.5,moderate,40.0
Late Blight,2,0,-1.6,26.8,31.4,50.4,162.5,low,16.0
Fusarium Wilt,1,0,-1.0,26.8,31.4,50.4,162.5,low,28.0
Bacterial Spot,0,0,0.0,26.8,31.4,50.4,162.5,moderate,46.0
Early Blight,1,0,-0.6,21.4,46.7,24.0,220.9,moderate,40.0
Late Blight,0,0,0.0,21.4,46.7,24.0,220.9,moderate,46.0
Fusarium Wilt,2,0,-2.0,21.4,46.7,24.0,220.9,low,28.0
Bacterial Spot,2,0,-1.6,21.4,46.7,24.0,220.9,low,16.0
Early Blight,1,0,-0.6,33.4,76.1,41.6,695.6,moderate,40.0
Late Blight,0,0,0.0,33.4,76.1,41.6,695.6,moderate,46.0
Fusarium Wilt,1,0,-1.0,33.4,76.1,41.6,695.6,moderate,44.0
Bacterial Spot,0,0,0.0,33.4,76.1,41.6,695.6,low,34.0
Early Blight,0,0,0.0,32.2,81.1,51.9,548.4,moderate,46.0
Late Blight,1,0,-1.0,32.2,81.1,51.9,548.4,low,28.0
Fusarium Wilt,1,0,-1.0,32.2,81.1,51.9,548.4,moderate,44.0
Bacterial Spot,2,0,-1.6,32.2,81.1,51.9,548.4,low,16.0
Early Blight,1,0,-0.6,28.9,58.0,40.1,511.0,moderate,40.0
Late Blight,2,0,-1.6,28.9,58.0,40.1,511.0,low,16.0
Fusarium Wilt,1,0,-1.0,28.9,58.0,40.1,511.0,moderate,44.0
Bacterial Spot,1,0,-1.0,28.9,58.0,40.1,511.0,low,28.0
Early Blight,1,0,-0.6,33.2,80.9,61.9,432.2,moderate,40.0
Late Blight,2,0,-1.6,33.2,80.9,61.9,432.2,low,28.0
Fusarium Wilt,2,0,-2.0,33.2,80.9,61.9,432.2,moderate,44.0
Bacterial Spot,2,0,-1.6,33.2,80.9,61.9,432.2,low,16.0
Early Blight,0,0,0.0,35.3,61.5,43.3,156.5,low,34.0
Late Blight,0,0,0.0,35.3,61.5,43.3,156.5,low,34.0
Fusarium Wilt,2,0,-2.0,35.3,61.5,43.3,156.5,low,28.0
Bacterial Spot,2,0,-1.6,35.3,61.5,43.3,156.5,low,16.0
Early Blight,0,0,0.0,30.0,59.5,57.9,490.3,moderate,46.0
Late Blight,1,0,-1.0,30.0,59.5,57.9,490.3,low,16.0
Fusarium Wilt,1,0,-1.0,30.0,59.5,57.9,490.3,moderate,44.0
Bacterial Spot,2,0,-1.6,30.0,59.5,57.9,490.3,low,28.0
Early Blight,0,0,0.0,36.2,41.3,89.4,260.5,low,34.0
Late Blight,2,0,-1.6,36.2,41.3,89.4,260.5,low,16.0
Fusarium Wilt,1,0,-1.0,36.2,41.3,89.4,260.5,low,28.0
Bacterial Spot,2,0,-1.6,36.2,41.3,89.4,260.5,low,16.0
Early Blight,1,0,-0.6,33.4,61.3,59.7,413.4,low,28.0
Late Blight,1,0,-0.6,33.4,61.3,59.7,413.4,low,28.0
Fusarium Wilt,2,0,-2.0,33.4,61.3,59.7,413.4,moderate,44.0
Bacterial Spot,1,0,-0.6,33.4,61.3,59.7,413.4,low,28.0
Early Blight,0,0,0.0,32.9,79.5,55.3,174.0,moderate,46.0
Late Blight,1,0,-0.6,32.9,79.5,55.3,174.0,moderate,40.0
Fusarium Wilt,1,0,-1.0,32.9,79.5,55.3,174.0,moderate,44.0
Bacterial Spot,1,0,-0.6,32.9,79.5,55.3,174.0,low,28.0
Early Blight,1,0,-0.6,18.3,92.2,17.5,522.3,moderate,40.0
Late Blight,2,0,-1.6,18.3,92.2,17.5,522.3,moderate,44.0
Fusarium Wilt,1,0,-1.0,18.3,92.2,17.5,522.3,low,28.0
Bacterial Spot,1,0,-0.6,18.3,92.2,17.5,522.3,moderate,40.0
Early Blight,0,0,0.0,34.0,40.3,53.8,380.7,low,34.0
Late Blight,2,0,-1.6,34.0,40.3,53.8,380.7,low,16.0
Fusarium Wilt,1,0,-1.0,34.0,40.3,53.8,380.7,moderate,44.0
Bacterial Spot,2,0,-1.6,34.0,40.3,53.8,380.7,low,16.0
Early Blight,1,0,-0.6,25.8,96.7,84.0,642.8,moderate,56.0
Late Blight,1,0,-1.0,25.8,96.7,84.0,642.8,low,28.0
Fusarium Wilt,0,0,0.0,25.8,96.7,84.0,642.8,moderate,62.0
Bacterial Spot,0,0,0.0,25.8,96.7,84.0,642.8,moderate,62.0
Early Blight,1,0,-0.6,20.9,68.0,81.1,995.8,moderate,40.0
Late Blight,0,0,0.0,20.9,68.0,81.1,995.8,moderate,46.0
Fusarium Wilt,0,0,0.0,20.9,68.0,81.1,995.8,moderate,46.0
Bacterial Spot,0,0,0.0,20.9,68.0,81.1,995.8,low,34.0
Early Blight,1,0,-0.6,33.5,82.9,29.6,996.4,moderate,40.0
Late Blight,1,0,-1.0,33.5,82.9,29.6,996.4,low,28.0
Fusarium Wilt,1,0,-1.0,33.5,82.9,29.6,996.4,moderate,44.0
Bacterial Spot,1,0,-0.6,33.5,82.9,29.6,996.4,low,28.0
Early Blight,0,0,0.0,28.6,84.5,30.6,1006.5,moderate,62.0
Late Blight,1,0,-0.6,28.6,84.5,30.6,1006.5,moderate,40.0
Fusarium Wilt,1,0,-1.0,28.6,84.5,30.6,1006.5,moderate,44.0
Bacterial Spot,2,0,-1.6,28.6,84.5,30.6,1006.5,low,28.0
Early Blight,1,0,-0.6,27.5,54.7,69.4,561.2,moderate,40.0
Late Blight,2,0,-1.6,27.5,54.7,69.4,561.2,low,16.0
Fusarium Wilt,1,0,-1.0,27.5,54.7,69.4,561.2,moderate,44.0
Bacterial Spot,2,0,-1.6,27.5,54.7,69.4,561.2,low,28.0
Early Blight,1,0,-0.6,35.5,59.6,75.2,269.5,low,28.0
Late Blight,1,0,-1.0,35.5,59.6,75.2,269.5,low,16.0
Fusarium Wilt,2,0,-2.0,35.5,59.6,75.2,269.5,low,28.0
Bacterial Spot,1,0,-0.6,35.5,59.6,75.2,269.5,low,28.0
Early Blight,1,0,-0.6,37.0,70.0,42.4,1034.4,moderate,40.0
Late Blight,1,0,-0.6,37.0,70.0,42.4,1034.4,low,28.0
Fusarium Wilt,2,0,-2.0,37.0,70.0,42.4,1034.4,low,28.0
Bacterial Spot,2,0,-1.6,37.0,70.0,42.4,1034.4,low,16.0
Early Blight,1,0,-0.6,16.9,84.1,10.7,694.4,moderate,40.0
Late Blight,1,0,-1.0,16.9,84.1,10.7,694.4,moderate,44.0
Fusarium Wilt,0,0,0.0,16.9,84.1,10.7,694.4,moderate,46.0
Bacterial Spot,1,0,-0.6,16.9,84.1,10.7,694.4,low,28.0
Early Blight,0,0,0.0,19.1,39.1,88.7,503.4,low,34.0
Late Blight,1,0,-0.6,19.1,39.1,88.7,503.4,moderate,40.0
Fusarium Wilt,1,0,-1.0,19.1,39.1,88.7,503.4,low,16.0
Bacterial Spot,1,0,-0.6,19.1,39.1,88.7,503.4,low,28.0
Early Blight,0,0,0.0,15.9,69.6,89.1,775.8,low,34.0
Late Blight,2,0,-1.6,15.9,69.6,89.1,775.8,low,28.0
Fusarium Wilt,1,0,-1.0,15.9,69.6,89.1,775.8,low,28.0
Bacterial Spot,1,0,-1.0,15.9,69.6,89.1,775.8,low,16.0
Early Blight,1,0,-0.6,29.2,65.8,76.5,412.9,moderate,40.0
Late Blight,1,0,-0.6,29.2,65.8,76.5,412.9,low,28.0
Fusarium Wilt,0,0,0.0,29.2,65.8,76.5,412.9,moderate,62.0
Bacterial Spot,1,0,-1.0,29.2,65.8,76.5,412.9,low,28.0
Early Blight,0,0,0.0,30.8,32.2,78.2,831.5,low,34.0
Late Blight,1,0,-0.6,30.8,32.2,78.2,831.5,low,28.0
Fusarium Wilt,1,0,-1.0,30.8,32.2,78.2,831.5,low,28.0
Bacterial Spot,1,0,-0.6,30.8,32.2,78.2,831.5,low,28.0
Early Blight,1,0,-0.6,33.6,46.0,88.8,440.3,low,28.0
Late Blight,2,0,-1.6,33.6,46.0,88.8,440.3,low,16.0
Fusarium Wilt,2,0,-2.0,33.6,46.0,88.8,440.3,moderate,44.0
Bacterial Spot,1,0,-0.6,33.6,46.0,88.8,440.3,low,28.0
Early Blight,0,0,0.0,17.5,60.5,21.9,180.8,low,34.0
Late Blight,0,0,0.0,17.5,60.5,21.9,180.8,moderate,46.0
Fusarium Wilt,1,0,-1.0,17.5,60.5,21.9,180.8,low,28.0
Bacterial Spot,1,0,-1.0,17.5,60.5,21.9,180.8,low,16.0
Early Blight,1,0,-0.6,36.7,67.5,57.0,1131.2,low,28.0
Late Blight,2,0,-1.6,36.7,67.5,57.0,1131.2,low,16.0
Fusarium Wilt,2,0,-2.0,36.7,67.5,57.0,1131.2,low,28.0
Bacterial Spot,2,0,-1.6,36.7,67.5,57.0,1131.2,low,16.0
Early Blight,0,0,0.0,34.6,47.1,24.9,647.4,low,34.0
Late Blight,1,0,-1.0,34.6,47.1,24.9,647.4,low,16.0
Fusarium Wilt,2,0,-2.0,34.6,47.1,24.9,647.4,moderate,44.0
Bacterial Spot,1,0,-1.0,34.6,47.1,24.9,647.4,low,16.0
Early Blight,0,0,0.0,24.7,51.4,83.2,723.2,moderate,46.0
Late Blight,1,0,-1.0,24.7,51.4,83.2,723.2,low,16.0
Fusarium Wilt,1,0,-1.0,24.7,51.4,83.2,723.2,low,28.0
Bacterial Spot,1,0,-1.0,24.7,51.4,83.2,723.2,low,28.0
Early Blight,0,0,0.0,18.4,90.1,29.2,764.3,moderate,46.0
Late Blight,0,0,0.0,18.4,90.1,29.2,764.3,moderate,62.0
Fusarium Wilt,1,0,-1.0,18.4,90.1,29.2,764.3,low,28.0
Bacterial Spot,0,0,0.0,18.4,90.1,29.2,764.3,moderate,46.0
Early Blight,0,0,0.0,33.4,55.4,10.2,631.1,low,34.0
Late Blight,1,0,-0.6,33.4,55.4,10.2,631.1,low,28.0
Fusarium Wilt,1,0,-1.0,33.4,55.4,10.2,631.1,moderate,44.0
Bacterial Spot,0,0,0.0,33.4,55.4,10.2,631.1,low,34.0
Early Blight,0,0,0.0,27.2,90.5,89.5,773.7,moderate,62.0
Late Blight,1,0,-1.0,27.2,90.5,89.5,773.7,low,28.0
Fusarium Wilt,1,0,-1.0,27.2,90.5,89.5,773.7,moderate,44.0
Bacterial Spot,0,0,0.0,27.2,90.5,89.5,773.7,moderate,62.0
Early Blight,1,0,-0.6,27.4,81.4,13.6,465.9,moderate,56.0
Late Blight,0,0,0.0,27.4,81.4,13.6,465.9,moderate,46.0
Fusarium Wilt,1,0,-1.0,27.4,81.4,13.6,465.9,moderate,44.0
Bacterial Spot,0,0,0.0,27.4,81.4,13.6,465.9,moderate,46.0
Early Blight,1,0,-0.6,29.0,45.7,35.2,750.0,moderate,40.0
Late Blight,1,0,-1.0,29.0,45.7,35.2,750.0,low,16.0
Fusarium Wilt,2,0,-2.0,29.0,45.7,35.2,750.0,moderate,44.0
Bacterial Spot,1,0,-0.6,29.0,45.7,35.2,750.0,moderate,40.0
Early Blight,1,0,-0.6,21.1,66.1,13.2,1147.2,moderate,40.0
Late Blight,2,0,-1.6,21.1,66.1,13.2,1147.2,low,28.0
Fusarium Wilt,0,0,0.0,21.1,66.1,13.2,1147.2,moderate,46.0
Bacterial Spot,1,0,-1.0,21.1,66.1,13.2,1147.2,low,16.0
Early Blight,0,0,0.0,27.6,58.3,50.1,1147.9,moderate,46.0
Late Blight,1,0,-0.6,27.6,58.3,50.1,1147.9,low,28.0
Fusarium Wilt,1,0,-1.0,27.6,58.3,50.1,1147.9,moderate,44.0
Bacterial Spot,1,0,-0.6,27.6,58.3,50.1,1147.9,moderate,40.0
Early Blight,0,0,0.0,30.2,49.6,19.3,358.3,low,34.0
Late Blight,1,0,-0.6,30.2,49.6,19.3,358.3,low,28.0
Fusarium Wilt,1,0,-1.0,30.2,49.6,19.3,358.3,moderate,44.0
Bacterial Spot,1,0,-0.6,30.2,49.6,19.3,358.3,low,28.0
Early Blight,0,0,0.0,29.9,94.4,11.7,242.9,moderate,62.0
Late Blight,1,0,-1.0,29.9,94.4,11.7,242.9,low,28.0
Fusarium Wilt,1,0,-1.0,29.9,94.4,11.7,242.9,moderate,44.0
Bacterial Spot,1,0,-0.6,29.9,94.4,11.7,242.9,moderate,56.0
Early Blight,0,0,0.0,18.8,36.6,84.5,440.4,low,34.0
Late Blight,1,0,-0.6,18.8,36.6,84.5,440.4,moderate,40.0
Fusarium Wilt,0,0,0.0,18.8,36.6,84.5,440.4,low,34.0
Bacterial Spot,1,0,-0.6,18.8,36.6,84.5,440.4,low,28.0
Early Blight,0,0,0.0,20.5,82.9,73.6,1138.8,moderate,62.0
Late Blight,2,0,-1.6,20.5,82.9,73.6,1138.8,moderate,44.0
Fusarium Wilt,1,0,-1.0,20.5,82.9,73.6,1138.8,low,28.0
Bacterial Spot,1,0,-0.6,20.5,82.9,73.6,1138.8,low,28.0
Early Blight,0,0,0.0,17.8,75.4,32.3,191.6,moderate,46.0
Late Blight,2,0,-1.6,17.8,75.4,32.3,191.6,moderate,44.0
Fusarium Wilt,1,0,-1.0,17.8,75.4,32.3,191.6,low,28.0
Bacterial Spot,0,0,0.0,17.8,75.4,32.3,191.6,low,34.0
Early Blight,1,0,-0.6,29.3,95.9,71.3,1191.3,moderate,56.0
Late Blight,1,0,-1.0,29.3,95.9,71.3,1191.3,low,28.0
Fusarium Wilt,1,0,-1.0,29.3,95.9,71.3,1191.3,moderate,44.0
Bacterial Spot,0,0,0.0,29.3,95.9,71.3,1191.3,moderate,62.0
Early Blight,1,0,-0.6,23.1,53.1,41.1,932.4,moderate,40.0
Late Blight,0,0,0.0,23.1,53.1,41.1,932.4,moderate,46.0
Fusarium Wilt,2,0,-2.0,23.1,53.1,41.1,932.4,low,28.0
Bacterial Spot,0,0,0.0,23.1,53.1,41.1,932.4,low,34.0
Early Blight,0,0,0.0,32.2,34.5,89.4,349.4,low,34.0
Late Blight,1,0,-0.6,32.2,34.5,89.4,349.4,low,28.0
Fusarium Wilt,1,0,-1.0,32.2,34.5,89.4,349.4,low,28.0
Bacterial Spot,1,0,-0.6,32.2,34.5,89.4,349.4,low,28.0
Early Blight,0,0,0.0,16.0,60.8,10.3,491.0,low,34.0
Late Blight,0,0,0.0,16.0,60.8,10.3,491.0,moderate,46.0
Fusarium Wilt,1,0,-1.0,16.0,60.8,10.3,491.0,low,28.0
Bacterial Spot,0,0,0.0,16.0,60.8,10.3,491.0,low,34.0
Early Blight,1,0,-0.6,17.0,87.3,57.6,717.6,moderate,40.0
Late Blight,2,0,-1.6,17.0,87.3,57.6,717.6,moderate,44.0
Fusarium Wilt,0,0,0.0,17.0,87.3,57.6,717.6,moderate,46.0
Bacterial Spot,1,0,-1.0,17.0,87.3,57.6,717.6,low,28.0
Early Blight,0,0,0.0,15.7,86.8,35.4,443.3,moderate,46.0
Late Blight,1,0,-1.0,15.7,86.8,35.4,443.3,moderate,44.0
Fusarium Wilt,2,0,-2.0,15.7,86.8,35.4,443.3,low,28.0
Bacterial Spot,1,0,-0.6,15.7,86.8,35.4,443.3,moderate,40.0
Early Blight,1,0,-0.6,20.9,55.8,22.2,473.9,moderate,40.0
Late Blight,1,0,-1.0,20.9,55.8,22.2,473.9,low,28.0
Fusarium Wilt,2,0,-2.0,20.9,55.8,22.2,473.9,low,28.0
Bacterial Spot,2,0,-1.6,20.9,55.8,22.2,473.9,low,16.0
Early Blight,0,0,0.0,37.6,52.3,66.9,1056.5,low,34.0
Late Blight,0,0,0.0,37.6,52.3,66.9,1056.5,low,34.0
Fusarium Wilt,2,0,-2.0,37.6,52.3,66.9,1056.5,low,28.0
Bacterial Spot,2,0,-1.6,37.6,52.3,66.9,1056.5,low,16.0
Early Blight,1,0,-0.6,35.4,42.4,27.0,980.4,low,28.0
Late Blight,1,0,-1.0,35.4,42.4,27.0,980.4,low,16.0
Fusarium Wilt,0,0,0.0,35.4,42.4,27.0,980.4,moderate,46.0
Bacterial Spot,0,0,0.0,35.4,42.4,27.0,980.4,low,34.0
Early Blight,0,0,0.0,27.6,69.3,65.2,426.9,moderate,46.0
Late Blight,1,0,-1.0,27.6,69.3,65.2,426.9,low,16.0
Fusarium Wilt,1,0,-1.0,27.6,69.3,65.2,426.9,moderate,44.0
Bacterial Spot,1,0,-0.6,27.6,69.3,65.2,426.9,moderate,40.0
Early Blight,0,0,0.0,30.1,48.3,14.2,175.6,low,34.0
Late Blight,1,0,-0.6,30.1,48.3,14.2,175.6,low,28.0
Fusarium Wilt,2,0,-2.0,30.1,48.3,14.2,175.6,moderate,44.0
Bacterial Spot,1,0,-1.0,30.1,48.3,14.2,175.6,low,16.0
Early Blight,1,0,-0.6,21.1,70.2,54.9,973.5,moderate,56.0
Late Blight,1,0,-1.0,21.1,70.2,54.9,973.5,low,28.0
Fusarium Wilt,0,0,0.0,21.1,70.2,54.9,973.5,moderate,46.0
Bacterial Spot,1,0,-0.6,21.1,70.2,54.9,973.5,low,28.0
Early Blight,0,0,0.0,20.0,78.2,23.5,1153.0,moderate,62.0
Late Blight,0,0,0.0,20.0,78.2,23.5,1153.0,moderate,62.0
Fusarium Wilt,1,0,-1.0,20.0,78.2,23.5,1153.0,low,28.0
Bacterial Spot,1,0,-1.0,20.0,78.2,23.5,1153.0,low,16.0
Early Blight,1,0,-0.6,32.9,42.8,53.8,165.3,low,28.0
Late Blight,1,0,-0.6,32.9,42.8,53.8,165.3,low,28.0
Fusarium Wilt,1,0,-1.0,32.9,42.8,53.8,165.3,moderate,44.0
Bacterial Spot,1,0,-1.0,32.9,42.8,53.8,165.3,low,16.0
Early Blight,1,0,-0.6,35.9,49.6,29.9,1041.8,low,28.0
Late Blight,1,0,-1.0,35.9,49.6,29.9,1041.8,low,16.0
Fusarium Wilt,1,0,-1.0,35.9,49.6,29.9,1041.8,low,28.0
Bacterial Spot,2,0,-1.6,35.9,49.6,29.9,1041.8,low,16.0
Early Blight,1,0,-0.6,20.8,38.7,24.7,804.9,moderate,40.0
Late Blight,1,0,-0.6,20.8,38.7,24.7,804.9,moderate,40.0
Fusarium Wilt,1,0,-1.0,20.8,38.7,24.7,804.9,low,16.0
Bacterial Spot,0,0,0.0,20.8,38.7,24.7,804.9,low,34.0
Early Blight,0,0,0.0,30.7,39.0,27.5,1155.3,low,34.0
Late Blight,0,0,0.0,30.7,39.0,27.5,1155.3,low,34.0
Fusarium Wilt,1,0,-1.0,30.7,39.0,27.5,1155.3,low,28.0
Bacterial Spot,2,0,-1.6,30.7,39.0,27.5,1155.3,low,16.0
Early Blight,1,0,-0.6,18.3,79.3,72.8,1055.7,moderate,40.0
Late Blight,1,0,-1.0,18.3,79.3,72.8,1055.7,moderate,44.0
Fusarium Wilt,1,0,-1.0,18.3,79.3,72.8,1055.7,low,28.0
Bacterial Spot,1,0,-1.0,18.3,79.3,72.8,1055.7,low,16.0
Early Blight,0,0,0.0,19.8,54.0,79.6,1043.9,low,34.0
Late Blight,1,0,-1.0,19.8,54.0,79.6,1043.9,low,28.0
Fusarium Wilt,2,0,-2.0,19.8,54.0,79.6,1043.9,low,28.0
Bacterial Spot,2,0,-1.6,19.8,54.0,79.6,1043.9,low,16.0
Early Blight,1,0,-0.6,33.0,86.7,69.9,676.7,moderate,40.0
Late Blight,2,0,-1.6,33.0,86.7,69.9,676.7,low,28.0
Fusarium Wilt,2,0,-2.0,33.0,86.7,69.9,676.7,moderate,44.0
Bacterial Spot,1,0,-0.6,33.0,86.7,69.9,676.7,moderate,40.0
Early Blight,1,0,-0.6,32.5,34.4,46.4,433.5,low,28.0
Late Blight,1,0,-1.0,32.5,34.4,46.4,433.5,low,16.0
Fusarium Wilt,0,0,0.0,32.5,34.4,46.4,433.5,moderate,46.0
Bacterial Spot,2,0,-1.6,32.5,34.4,46.4,433.5,low,16.0
Early Blight,1,0,-0.6,25.1,39.1,72.5,809.7,moderate,40.0
Late Blight,0,0,0.0,25.1,39.1,72.5,809.7,low,34.0
Fusarium Wilt,1,0,-1.0,25.1,39.1,72.5,809.7,low,28.0
Bacterial Spot,2,0,-1.6,25.1,39.1,72.5,809.7,low,28.0
Early Blight,1,0,-0.6,20.9,36.7,79.0,668.1,moderate,40.0
Late Blight,2,0,-1.6,20.9,36.7,79.0,668.1,low,28.0
Fusarium Wilt,1,0,-1.0,20.9,36.7,79.0,668.1,low,16.0
Bacterial Spot,1,0,-0.6,20.9,36.7,79.0,668.1,low,28.0
Early Blight,0,0,0.0,20.6,95.1,84.5,1041.4,moderate,62.0
Late Blight,0,0,0.0,20.6,95.1,84.5,1041.4,moderate,62.0
Fusarium Wilt,0,0,0.0,20.6,95.1,84.5,1041.4,moderate,46.0
Bacterial Spot,1,0,-1.0,20.6,95.1,84.5,1041.4,low,28.0
Early Blight,1,0,-0.6,22.5,76.9,54.3,724.7,moderate,56.0
Late Blight,2,0,-1.6,22.5,76.9,54.3,724.7,moderate,44.0
Fusarium Wilt,1,0,-1.0,22.5,76.9,54.3,724.7,low,28.0
Bacterial Spot,1,0,-1.0,22.5,76.9,54.3,724.7,low,16.0
Early Blight,0,0,0.0,28.5,72.8,63.6,1156.7,moderate,62.0
Late Blight,2,0,-1.6,28.5,72.8,63.6,1156.7,low,16.0
Fusarium Wilt,0,0,0.0,28.5,72.8,63.6,1156.7,moderate,62.0
Bacterial Spot,1,0,-1.0,28.5,72.8,63.6,1156.7,low,28.0
Early Blight,1,0,-0.6,23.2,81.6,52.6,642.5,moderate,56.0
Late Blight,0,0,0.0,23.2,81.6,52.6,642.5,moderate,62.0
Fusarium Wilt,1,0,-1.0,23.2,81.6,52.6,642.5,low,28.0
Bacterial Spot,1,0,-1.0,23.2,81.6,52.6,642.5,low,16.0
Early Blight,0,0,0.0,19.7,58.0,89.7,179.9,low,34.0
Late Blight,1,0,-0.6,19.7,58.0,89.7,179.9,moderate,40.0
Fusarium Wilt,1,0,-1.0,19.7,58.0,89.7,179.9,low,28.0
Bacterial Spot,2,0,-1.6,19.7,58.0,89.7,179.9,low,16.0
Early Blight,0,0,0.0,20.9,92.4,42.7,1190.4,moderate,62.0
Late Blight,0,0,0.0,20.9,92.4,42.7,1190.4,moderate,62.0
Fusarium Wilt,1,0,-1.0,20.9,92.4,42.7,1190.4,low,28.0
Bacterial Spot,1,0,-0.6,20.9,92.4,42.7,1190.4,moderate,40.0
Early Blight,1,0,-0.6,20.8,70.7,69.7,1132.1,moderate,56.0
Late Blight,2,0,-1.6,20.8,70.7,69.7,1132.1,low,28.0
Fusarium Wilt,1,0,-1.0,20.8,70.7,69.7,1132.1,low,28.0
Bacterial Spot,0,0,0.0,20.8,70.7,69.7,1132.1,low,34.0
Early Blight,1,0,-0.6,26.3,97.5,73.7,1076.2,moderate,56.0
Late Blight,1,0,-0.6,26.3,97.5,73.7,1076.2,moderate,40.0
Fusarium Wilt,1,0,-1.0,26.3,97.5,73.7,1076.2,moderate,44.0
Bacterial Spot,0,0,0.0,26.3,97.5,73.7,1076.2,moderate,62.0
Early Blight,0,0,0.0,32.3,67.8,23.1,912.8,low,34.0
Late Blight,0,0,0.0,32.3,67.8,23.1,912.8,low,34.0
Fusarium Wilt,1,0,-1.0,32.3,67.8,23.1,912.8,moderate,44.0
Bacterial Spot,2,0,-1.6,32.3,67.8,23.1,912.8,low,16.0
Early Blight,1,0,-0.6,19.1,86.3,25.8,424.5,moderate,40.0
Late Blight,1,0,-1.0,19.1,86.3,25.8,424.5,moderate,44.0
Fusarium Wilt,1,0,-1.0,19.1,86.3,25.8,424.5,low,28.0
Bacterial Spot,1,0,-0.6,19.1,86.3,25.8,424.5,moderate,40.0
Early Blight,0,0,0.0,32.4,81.8,76.8,575.0,moderate,46.0
Late Blight,1,0,-0.6,32.4,81.8,76.8,575.0,moderate,40.0
Fusarium Wilt,2,0,-2.0,32.4,81.8,76.8,575.0,moderate,44.0
Bacterial Spot,2,0,-1.6,32.4,81.8,76.8,575.0,low,16.0
Early Blight,1,0,-0.6,34.4,58.6,16.8,273.3,low,28.0
Late Blight,2,0,-1.6,34.4,58.6,16.8,273.3,low,16.0
Fusarium Wilt,1,0,-1.0,34.4,58.6,16.8,273.3,moderate,44.0
Bacterial Spot,0,0,0.0,34.4,58.6,16.8,273.3,low,34.0
Early Blight,0,0,0.0,35.3,66.1,82.1,750.9,low,34.0
Late Blight,1,0,-0.6,35.3,66.1,82.1,750.9,low,28.0
Fusarium Wilt,1,0,-1.0,35.3,66.1,82.1,750.9,low,28.0
Bacterial Spot,0,0,0.0,35.3,66.1,82.1,750.9,low,34.0
Early Blight,1,0,-0.6,20.0,60.5,23.8,1020.4,moderate,40.0
Late Blight,1,0,-1.0,20.0,60.5,23.8,1020.4,low,28.0
Fusarium Wilt,0,0,0.0,20.0,60.5,23.8,1020.4,moderate,46.0
Bacterial Spot,1,0,-0.6,20.0,60.5,23.8,1020.4,low,28.0
Early Blight,0,0,0.0,21.8,82.5,47.2,200.1,moderate,62.0
Late Blight,1,0,-0.6,21.8,82.5,47.2,200.1,moderate,56.0
Fusarium Wilt,1,0,-1.0,21.8,82.5,47.2,200.1,low,28.0
Bacterial Spot,0,0,0.0,21.8,82.5,47.2,200.1,low,34.0
Early Blight,0,0,0.0,27.9,56.8,62.0,883.7,moderate,46.0
Late Blight,2,0,-1.6,27.9,56.8,62.0,883.7,low,16.0
Fusarium Wilt,0,0,0.0,27.9,56.8,62.0,883.7,moderate,62.0
Bacterial Spot,2,0,-1.6,27.9,56.8,62.0,883.7,low,28.0
Early Blight,1,0,-0.6,34.7,67.0,15.9,692.9,low,28.0
Late Blight,1,0,-0.6,34.7,67.0,15.9,692.9,low,28.0
Fusarium Wilt,1,0,-1.0,34.7,67.0,15.9,692.9,moderate,44.0
Bacterial Spot,1,0,-0.6,34.7,67.0,15.9,692.9,low,28.0
Early Blight,0,0,0.0,26.3,87.0,21.2,969.0,moderate,62.0
Late Blight,2,0,-1.6,26.3,87.0,21.2,969.0,low,28.0
Fusarium Wilt,2,0,-2.0,26.3,87.0,21.2,969.0,moderate,44.0
Bacterial Spot,1,0,-0.6,26.3,87.0,21.2,969.0,moderate,56.0
Early Blight,1,0,-0.6,32.5,61.3,64.5,1192.0,low,28.0
Late Blight,2,0,-1.6,32.5,61.3,64.5,1192.0,low,16.0
Fusarium Wilt,1,0,-1.0,32.5,61.3,64.5,1192.0,moderate,44.0
Bacterial Spot,1,0,-1.0,32.5,61.3,64.5,1192.0,low,16.0
Early Blight,0,0,0.0,15.7,51.9,70.6,988.8,low,34.0
Late Blight,2,0,-1.6,15.7,51.9,70.6,988.8,low,28.0
Fusarium Wilt,1,0,-1.0,15.7,51.9,70.6,988.8,low,28.0
Bacterial Spot,0,0,0.0,15.7,51.9,70.6,988.8,low,34.0
Early Blight,0,0,0.0,23.5,83.5,69.9,765.4,moderate,62.0
Late Blight,1,0,-0.6,23.5,83.5,69.9,765.4,moderate,56.0
Fusarium Wilt,0,0,0.0,23.5,83.5,69.9,765.4,moderate,46.0
Bacterial Spot,1,0,-0.6,23.5,83.5,69.9,765.4,low,28.0
Early Blight,0,0,0.0,21.7,40.8,53.7,262.7,moderate,46.0
Late Blight,1,0,-0.6,21.7,40.8,53.7,262.7,moderate,40.0
Fusarium Wilt,0,0,0.0,21.7,40.8,53.7,262.7,moderate,46.0
Bacterial Spot,1,0,-1.0,21.7,40.8,53.7,262.7,low,16.0
Early Blight,1,0,-0.6,21.6,72.3,13.4,517.4,moderate,56.0
Late Blight,2,0,-1.6,21.6,72.3,13.4,517.4,low,28.0
Fusarium Wilt,1,0,-1.0,21.6,72.3,13.4,517.4,low,28.0
Bacterial Spot,2,0,-1.6,21.6,72.3,13.4,517.4,low,16.0
Early Blight,0,0,0.0,22.9,53.2,38.9,667.5,moderate,46.0
Late Blight,1,0,-1.0,22.9,53.2,38.9,667.5,low,28.0
Fusarium Wilt,2,0,-2.0,22.9,53.2,38.9,667.5,low,28.0
Bacterial Spot,2,0,-1.6,22.9,53.2,38.9,667.5,low,16.0
Early Blight,0,0,0.0,22.4,75.0,39.3,1003.7,moderate,62.0
Late Blight,2,0,-1.6,22.4,75.0,39.3,1003.7,moderate,44.0
Fusarium Wilt,0,0,0.0,22.4,75.0,39.3,1003.7,moderate,46.0
Bacterial Spot,2,0,-1.6,22.4,75.0,39.3,1003.7,low,16.0
Early Blight,0,0,0.0,24.4,88.2,54.7,779.9,moderate,62.0
Late Blight,1,0,-1.0,24.4,88.2,54.7,779.9,low,28.0
Fusarium Wilt,0,0,0.0,24.4,88.2,54.7,779.9,moderate,46.0
Bacterial Spot,1,0,-0.6,24.4,88.2,54.7,779.9,moderate,56.0
Early Blight,1,0,-0.6,16.5,48.2,13.8,234.7,low,28.0
Late Blight,1,0,-0.6,16.5,48.2,13.8,234.7,moderate,40.0
Fusarium Wilt,0,0,0.0,16.5,48.2,13.8,234.7,moderate,46.0
Bacterial Spot,1,0,-1.0,16.5,48.2,13.8,234.7,low,16.0
Early Blight,1,0,-0.6,20.9,88.3,24.2,1143.3,moderate,56.0
Late Blight,0,0,0.0,20.9,88.3,24.2,1143.3,moderate,62.0
Fusarium Wilt,1,0,-1.0,20.9,88.3,24.2,1143.3,low,28.0
Bacterial Spot,1,0,-0.6,20.9,88.3,24.2,1143.3,moderate,40.0
Early Blight,0,0,0.0,21.2,40.5,15.2,866.3,moderate,46.0
Late Blight,2,0,-1.6,21.2,40.5,15.2,866.3,low,28.0
Fusarium Wilt,0,0,0.0,21.2,40.5,15.2,866.3,moderate,46.0
Bacterial Spot,1,0,-0.6,21.2,40.5,15.2,866.3,low,28.0
Early Blight,1,0,-0.6,18.6,46.5,43.6,888.7,low,28.0
Late Blight,0,0,0.0,18.6,46.5,43.6,888.7,moderate,46.0
Fusarium Wilt,2,0,-2.0,18.6,46.5,43.6,888.7,low,28.0
Bacterial Spot,1,0,-0.6,18.6,46.5,43.6,888.7,low,28.0
Early Blight,1,0,-0.6,35.1,85.9,33.3,1180.4,moderate,40.0
Late Blight,1,0,-1.0,35.1,85.9,33.3,1180.4,low,28.0
Fusarium Wilt,0,0,0.0,35.1,85.9,33.3,1180.4,moderate,46.0
Bacterial Spot,2,0,-1.6,35.1,85.9,33.3,1180.4,low,28.0
Early Blight,1,0,-0.6,20.3,76.0,37.2,851.5,moderate,56.0
Late Blight,0,0,0.0,20.3,76.0,37.2,851.5,moderate,62.0
Fusarium Wilt,2,0,-2.0,20.3,76.0,37.2,851.5,low,28.0
Bacterial Spot,2,0,-1.6,20.3,76.0,37.2,851.5,low,16.0
Early Blight,0,0,0.0,21.4,49.8,56.1,996.2,moderate,46.0
Late Blight,0,0,0.0,21.4,49.8,56.1,996.2,moderate,46.0
Fusarium Wilt,1,0,-1.0,21.4,49.8,56.1,996.2,low,28.0
Bacterial Spot,0,0,0.0,21.4,49.8,56.1,996.2,low,34.0
Early Blight,1,0,-0.6,19.1,96.8,36.5,1169.7,moderate,40.0
Late Blight,1,0,-0.6,19.1,96.8,36.5,1169.7,moderate,56.0
Fusarium Wilt,1,0,-1.0,19.1,96.8,36.5,1169.7,low,28.0
Bacterial Spot,1,0,-0.6,19.1,96.8,36.5,1169.7,moderate,40.0
Early Blight,0,0,0.0,34.6,46.2,83.3,329.8,low,34.0
Late Blight,1,0,-1.0,34.6,46.2,83.3,329.8,low,16.0
Fusarium Wilt,2,0,-2.0,34.6,46.2,83.3,329.8,moderate,44.0
Bacterial Spot,1,0,-0.6,34.6,46.2,83.3,329.8,low,28.0
Early Blight,0,0,0.0,20.1,39.6,18.2,204.0,moderate,46.0
Late Blight,0,0,0.0,20.1,39.6,18.2,204.0,moderate,46.0
Fusarium Wilt,0,0,0.0,20.1,39.6,18.2,204.0,low,34.0
Bacterial Spot,1,0,-0.6,20.1,39.6,18.2,204.0,low,28.0
Early Blight,1,0,-0.6,28.6,72.9,25.8,338.5,moderate,56.0
Late Blight,2,0,-1.6,28.6,72.9,25.8,338.5,low,16.0
Fusarium Wilt,0,0,0.0,28.6,72.9,25.8,338.5,moderate,62.0
Bacterial Spot,0,0,0.0,28.6,72.9,25.8,338.5,moderate,46.0
Early Blight,1,0,-0.6,36.1,71.6,50.4,934.2,moderate,40.0
Late Blight,2,0,-1.6,36.1,71.6,50.4,934.2,low,16.0
Fusarium Wilt,1,0,-1.0,36.1,71.6,50.4,934.2,low,28.0
Bacterial Spot,0,0,0.0,36.1,71.6,50.4,934.2,low,34.0
Early Blight,0,0,0.0,35.5,30.7,24.8,1002.4,low,34.0
Late Blight,2,0,-1.6,35.5,30.7,24.8,1002.4,low,16.0
Fusarium Wilt,1,0,-1.0,35.5,30.7,24.8,1002.4,low,16.0
Bacterial Spot,1,0,-1.0,35.5,30.7,24.8,1002.4,low,16.0
Early Blight,0,0,0.0,36.3,46.6,40.2,619.5,low,34.0
Late Blight,2,0,-1.6,36.3,46.6,40.2,619.5,low,16.0
Fusarium Wilt,1,0,-1.0,36.3,46.6,40.2,619.5,low,28.0
Bacterial Spot,1,0,-0.6,36.3,46.6,40.2,619.5,low,28.0
Early Blight,0,0,0.0,15.1,72.2,27.1,504.7,moderate,46.0
Late Blight,2,0,-1.6,15.1,72.2,27.1,504.7,low,28.0
Fusarium Wilt,2,0,-2.0,15.1,72.2,27.1,504.7,low,28.0
Bacterial Spot,1,0,-1.0,15.1,72.2,27.1,504.7,low,16.0
Early Blight,1,0,-0.6,32.8,49.5,53.1,348.4,low,28.0
Late Blight,1,0,-1.0,32.8,49.5,53.1,348.4,low,16.0
Fusarium Wilt,0,0,0.0,32.8,49.5,53.1,348.4,moderate,62.0
Bacterial Spot,2,0,-1.6,32.8,49.5,53.1,348.4,low,16.0
Early Blight,1,0,-0.6,31.6,94.0,58.5,656.4,moderate,40.0
Late Blight,2,0,-1.6,31.6,94.0,58.5,656.4,low,28.0
Fusarium Wilt,2,0,-2.0,31.6,94.0,58.5,656.4,moderate,44.0
Bacterial Spot,0,0,0.0,31.6,94.0,58.5,656.4,moderate,46.0
Early Blight,0,0,0.0,34.7,50.0,51.6,548.0,low,34.0
Late Blight,0,0,0.0,34.7,50.0,51.6,548.0,low,34.0
Fusarium Wilt,1,0,-1.0,34.7,50.0,51.6,548.0,moderate,44.0
Bacterial Spot,2,0,-1.6,34.7,50.0,51.6,548.0,low,16.0
Early Blight,1,0,-0.6,25.0,83.8,13.7,863.1,moderate,56.0
Late Blight,1,0,-1.0,25.0,83.8,13.7,863.1,low,28.0
Fusarium Wilt,2,0,-2.0,25.0,83.8,13.7,863.1,moderate,44.0
Bacterial Spot,1,0,-1.0,25.0,83.8,13.7,863.1,low,28.0
Early Blight,1,0,-0.6,27.0,43.8,41.2,1073.0,moderate,40.0
Late Blight,1,0,-0.6,27.0,43.8,41.2,1073.0,low,28.0
Fusarium Wilt,2,0,-2.0,27.0,43.8,41.2,1073.0,moderate,44.0
Bacterial Spot,1,0,-1.0,27.0,43.8,41.2,1073.0,low,28.0
Early Blight,1,0,-0.6,17.3,41.9,27.5,1087.2,low,28.0
Late Blight,0,0,0.0,17.3,41.9,27.5,1087.2,moderate,46.0
Fusarium Wilt,1,0,-1.0,17.3,41.9,27.5,1087.2,low,28.0
Bacterial Spot,1,0,-1.0,17.3,41.9,27.5,1087.2,low,16.0
Early Blight,0,0,0.0,24.8,68.2,82.2,783.3,moderate,46.0
Late Blight,1,0,-0.6,24.8,68.2,82.2,783.3,low,28.0
Fusarium Wilt,1,0,-1.0,24.8,68.2,82.2,783.3,low,28.0
Bacterial Spot,1,0,-1.0,24.8,68.2,82.2,783.3,low,28.0
Early Blight,1,0,-0.6,33.3,97.0,72.4,476.9,moderate,40.0
Late Blight,0,0,0.0,33.3,97.0,72.4,476.9,moderate,46.0
Fusarium Wilt,0,0,0.0,33.3,97.0,72.4,476.9,moderate,62.0
Bacterial Spot,2,0,-1.6,33.3,97.0,72.4,476.9,low,28.0
Early Blight,1,0,-0.6,29.8,71.8,19.9,212.7,moderate,56.0
Late Blight,1,0,-0.6,29.8,71.8,19.9,212.7,low,28.0
Fusarium Wilt,0,0,0.0,29.8,71.8,19.9,212.7,moderate,62.0
Bacterial Spot,0,0,0.0,29.8,71.8,19.9,212.7,moderate,46.0
Early Blight,0,0,0.0,16.5,49.7,55.9,1128.5,low,34.0
Late Blight,2,0,-1.6,16.5,49.7,55.9,1128.5,low,28.0
Fusarium Wilt,1,0,-1.0,16.5,49.7,55.9,1128.5,low,28.0
Bacterial Spot,0,0,0.0,16.5,49.7,55.9,1128.5,low,34.0
Early Blight,0,0,0.0,36.7,58.6,60.0,988.9,low,34.0
Late Blight,0,0,0.0,36.7,58.6,60.0,988.9,low,34.0
Fusarium Wilt,0,0,0.0,36.7,58.6,60.0,988.9,moderate,46.0
Bacterial Spot,0,0,0.0,36.7,58.6,60.0,988.9,low,34.0
Early Blight,1,0,-0.6,32.5,88.1,17.2,674.4,moderate,40.0
Late Blight,0,0,0.0,32.5,88.1,17.2,674.4,moderate,46.0
Fusarium Wilt,0,0,0.0,32.5,88.1,17.2,674.4,moderate,62.0
Bacterial Spot,1,0,-1.0,32.5,88.1,17.2,674.4,low,28.0
Early Blight,0,0,0.0,21.8,82.5,81.0,726.4,moderate,62.0
Late Blight,0,0,0.0,21.8,82.5,81.0,726.4,moderate,62.0
Fusarium Wilt,1,0,-1.0,21.8,82.5,81.0,726.4,low,28.0
Bacterial Spot,0,0,0.0,21.8,82.5,81.0,726.4,low,34.0
Early Blight,0,0,0.0,20.1,83.1,72.1,572.9,moderate,62.0
Late Blight,1,0,-0.6,20.1,83.1,72.1,572.9,moderate,56.0
Fusarium Wilt,1,0,-1.0,20.1,83.1,72.1,572.9,low,28.0
Bacterial Spot,1,0,-0.6,20.1,83.1,72.1,572.9,low,28.0
Early Blight,0,0,0.0,29.7,61.1,43.4,1080.8,moderate,46.0
Late Blight,2,0,-1.6,29.7,61.1,43.4,1080.8,low,16.0
Fusarium Wilt,0,0,0.0,29.7,61.1,43.4,1080.8,moderate,62.0
Bacterial Spot,1,0,-1.0,29.7,61.1,43.4,1080.8,low,28.0
Early Blight,0,0,0.0,22.5,75.1,82.6,815.2,moderate,62.0
Late Blight,0,0,0.0,22.5,75.1,82.6,815.2,moderate,62.0
Fusarium Wilt,1,0,-1.0,22.5,75.1,82.6,815.2,low,28.0
Bacterial Spot,1,0,-0.6,22.5,75.1,82.6,815.2,low,28.0
Early Blight,0,0,0.0,15.1,53.4,42.6,829.9,low,34.0
Late Blight,0,0,0.0,15.1,53.4,42.6,829.9,moderate,46.0
Fusarium Wilt,2,0,-2.0,15.1,53.4,42.6,829.9,low,28.0
Bacterial Spot,0,0,0.0,15.1,53.4,42.6,829.9,low,34.0
Early Blight,0,0,0.0,24.3,81.9,53.6,261.3,moderate,62.0
Late Blight,1,0,-1.0,24.3,81.9,53.6,261.3,low,28.0
Fusarium Wilt,1,0,-1.0,24.3,81.9,53.6,261.3,low,28.0
Bacterial Spot,0,0,0.0,24.3,81.9,53.6,261.3,moderate,46.0
Early Blight,0,0,0.0,20.0,68.2,74.7,208.1,moderate,46.0
Late Blight,0,0,0.0,20.0,68.2,74.7,208.1,moderate,46.0
Fusarium Wilt,1,0,-1.0,20.0,68.2,74.7,208.1,low,28.0
Bacterial Spot,1,0,-1.0,20.0,68.2,74.7,208.1,low,16.0
Early Blight,1,0,-0.6,17.8,87.3,72.2,538.5,moderate,40.0
Late Blight,0,0,0.0,17.8,87.3,72.2,538.5,moderate,62.0
Fusarium Wilt,1,0,-1.0,17.8,87.3,72.2,538.5,low,28.0
Bacterial Spot,0,0,0.0,17.8,87.3,72.2,538.5,moderate,46.0
Early Blight,0,0,0.0,34.1,41.2,70.2,101.1,low,34.0
Late Blight,0,0,0.0,34.1,41.2,70.2,101.1,low,34.0
Fusarium Wilt,1,0,-1.0,34.1,41.2,70.2,101.1,moderate,44.0
Bacterial Spot,1,0,-0.6,34.1,41.2,70.2,101.1,low,28.0
Early Blight,1,0,-0.6,37.5,56.3,26.2,189.3,low,28.0
Late Blight,0,0,0.0,37.5,56.3,26.2,189.3,low,34.0
Fusarium Wilt,1,0,-1.0,37.5,56.3,26.2,189.3,low,28.0
Bacterial Spot,1,0,-0.6,37.5,56.3,26.2,189.3,low,28.0
Early Blight,1,0,-0.6,16.3,74.1,16.4,792.8,moderate,40.0
Late Blight,1,0,-0.6,16.3,74.1,16.4,792.8,moderate,40.0
Fusarium Wilt,2,0,-2.0,16.3,74.1,16.4,792.8,low,28.0
Bacterial Spot,1,0,-0.6,16.3,74.1,16.4,792.8,low,28.0
Early Blight,0,0,0.0,28.4,60.1,42.9,258.0,moderate,46.0
Late Blight,2,0,-1.6,28.4,60.1,42.9,258.0,low,16.0
Fusarium Wilt,2,0,-2.0,28.4,60.1,42.9,258.0,moderate,44.0
Bacterial Spot,2,0,-1.6,28.4,60.1,42.9,258.0,low,28.0
Early Blight,1,0,-0.6,18.7,78.6,45.9,253.7,moderate,40.0
Late Blight,0,0,0.0,18.7,78.6,45.9,253.7,moderate,62.0
Fusarium Wilt,1,0,-1.0,18.7,78.6,45.9,253.7,low,28.0
Bacterial Spot,1,0,-0.6,18.7,78.6,45.9,253.7,low,28.0
Early Blight,0,0,0.0,35.1,79.3,76.1,1115.1,moderate,46.0
Late Blight,0,0,0.0,35.1,79.3,76.1,1115.1,moderate,46.0
Fusarium Wilt,1,0,-1.0,35.1,79.3,76.1,1115.1,low,28.0
Bacterial Spot,1,0,-0.6,35.1,79.3,76.1,1115.1,low,28.0
Early Blight,1,0,-0.6,36.5,75.9,31.0,1167.3,moderate,40.0
Late Blight,2,0,-1.6,36.5,75.9,31.0,1167.3,low,28.0
Fusarium Wilt,1,0,-1.0,36.5,75.9,31.0,1167.3,low,28.0
Bacterial Spot,1,0,-1.0,36.5,75.9,31.0,1167.3,low,16.0
Early Blight,0,0,0.0,19.7,92.3,42.1,613.9,moderate,46.0
Late Blight,2,0,-1.6,19.7,92.3,42.1,613.9,moderate,44.0
Fusarium Wilt,0,0,0.0,19.7,92.3,42.1,613.9,moderate,46.0
Bacterial Spot,1,0,-0.6,19.7,92.3,42.1,613.9,moderate,40.0
Early Blight,0,0,0.0,18.8,55.8,27.5,564.1,low,34.0
Late Blight,1,0,-0.6,18.8,55.8,27.5,564.1,moderate,40.0
Fusarium Wilt,1,0,-1.0,18.8,55.8,27.5,564.1,low,28.0
Bacterial Spot,1,0,-0.6,18.8,55.8,27.5,564.1,low,28.0
Early Blight,1,0,-0.6,19.4,60.4,81.3,699.7,low,28.0
Late Blight,0,0,0.0,19.4,60.4,81.3,699.7,moderate,46.0
Fusarium Wilt,1,0,-1.0,19.4,60.4,81.3,699.7,low,28.0
Bacterial Spot,1,0,-1.0,19.4,60.4,81.3,699.7,low,16.0
Early Blight,1,0,-0.6,21.8,32.9,75.4,574.3,moderate,40.0
Late Blight,2,0,-1.6,21.8,32.9,75.4,574.3,low,28.0
Fusarium Wilt,0,0,0.0,21.8,32.9,75.4,574.3,low,34.0
Bacterial Spot,1,0,-1.0,21.8,32.9,75.4,574.3,low,16.0
Early Blight,0,0,0.0,36.3,91.5,69.3,649.6,moderate,46.0
Late Blight,1,0,-0.6,36.3,91.5,69.3,649.6,moderate,40.0
Fusarium Wilt,0,0,0.0,36.3,91.5,69.3,649.6,moderate,46.0
Bacterial Spot,0,0,0.0,36.3,91.5,69.3,649.6,moderate,46.0
Early Blight,0,0,0.0,28.5,86.3,18.2,312.7,moderate,62.0
Late Blight,1,0,-0.6,28.5,86.3,18.2,312.7,moderate,40.0
Fusarium Wilt,0,0,0.0,28.5,86.3,18.2,312.7,moderate,62.0
Bacterial Spot,1,0,-1.0,28.5,86.3,18.2,312.7,moderate,44.0
Early Blight,0,0,0.0,28.9,45.9,44.1,1009.0,moderate,46.0
Late Blight,0,0,0.0,28.9,45.9,44.1,1009.0,low,34.0
Fusarium Wilt,1,0,-1.0,28.9,45.9,44.1,1009.0,moderate,44.0
Bacterial Spot,1,0,-0.6,28.9,45.9,44.1,1009.0,moderate,40.0
Early Blight,1,0,-0.6,15.7,45.6,70.0,1155.7,low,28.0
Late Blight,0,0,0.0,15.7,45.6,70.0,1155.7,moderate,46.0
Fusarium Wilt,1,0,-1.0,15.7,45.6,70.0,1155.7,low,28.0
Bacterial Spot,0,0,0.0,15.7,45.6,70.0,1155.7,low,34.0
Early Blight,1,0,-0.6,25.4,77.6,42.2,1132.0,moderate,56.0
Late Blight,1,0,-1.0,25.4,77.6,42.2,1132.0,low,28.0
Fusarium Wilt,1,0,-1.0,25.4,77.6,42.2,1132.0,moderate,44.0
Bacterial Spot,2,0,-1.6,25.4,77.6,42.2,1132.0,low,28.0
Early Blight,0,0,0.0,27.4,35.7,77.3,298.5,moderate,46.0
Late Blight,2,0,-1.6,27.4,35.7,77.3,298.5,low,16.0
Fusarium Wilt,0,0,0.0,27.4,35.7,77.3,298.5,moderate,46.0
Bacterial Spot,1,0,-0.6,27.4,35.7,77.3,298.5,moderate,40.0
Early Blight,1,0,-0.6,22.7,97.2,85.0,855.4,moderate,56.0
Late Blight,2,0,-1.6,22.7,97.2,85.0,855.4,moderate,44.0
Fusarium Wilt,0,0,0.0,22.7,97.2,85.0,855.4,moderate,46.0
Bacterial Spot,1,0,-1.0,22.7,97.2,85.0,855.4,low,28.0
Early Blight,1,0,-0.6,22.5,57.1,46.5,753.6,moderate,40.0
Late Blight,0,0,0.0,22.5,57.1,46.5,753.6,moderate,46.0
Fusarium Wilt,2,0,-2.0,22.5,57.1,46.5,753.6,low,28.0
Bacterial Spot,1,0,-0.6,22.5,57.1,46.5,753.6,low,28.0
Early Blight,1,0,-0.6,27.6,31.1,22.7,1081.4,moderate,40.0
Late Blight,2,0,-1.6,27.6,31.1,22.7,1081.4,low,16.0
Fusarium Wilt,0,0,0.0,27.6,31.1,22.7,1081.4,moderate,46.0
Bacterial Spot,0,0,0.0,27.6,31.1,22.7,1081.4,moderate,46.0
Early Blight,1,0,-0.6,37.4,70.7,65.3,658.1,moderate,40.0
Late Blight,1,0,-1.0,37.4,70.7,65.3,658.1,low,16.0
Fusarium Wilt,1,0,-1.0,37.4,70.7,65.3,658.1,low,28.0
Bacterial Spot,0,0,0.0,37.4,70.7,65.3,658.1,low,34.0
Early Blight,1,0,-0.6,29.9,49.3,46.1,700.3,moderate,40.0
Late Blight,0,0,0.0,29.9,49.3,46.1,700.3,low,34.0
Fusarium Wilt,1,0,-1.0,29.9,49.3,46.1,700.3,moderate,44.0
Bacterial Spot,2,0,-1.6,29.9,49.3,46.1,700.3,low,28.0
Early Blight,0,0,0.0,35.6,57.3,41.2,315.6,low,34.0
Late Blight,1,0,-0.6,35.6,57.3,41.2,315.6,low,28.0
Fusarium Wilt,1,0,-1.0,35.6,57.3,41.2,315.6,low,28.0
Bacterial Spot,0,0,0.0,35.6,57.3,41.2,315.6,low,34.0
Early Blight,0,0,0.0,16.5,72.7,87.9,644.4,moderate,46.0
Late Blight,2,0,-1.6,16.5,72.7,87.9,644.4,low,28.0
Fusarium Wilt,0,0,0.0,16.5,72.7,87.9,644.4,moderate,46.0
Bacterial Spot,0,0,0.0,16.5,72.7,87.9,644.4,low,34.0
Early Blight,1,0,-0.6,18.5,86.7,35.6,734.5,moderate,40.0
Late Blight,0,0,0.0,18.5,86.7,35.6,734.5,moderate,62.0
Fusarium Wilt,0,0,0.0,18.5,86.7,35.6,734.5,moderate,46.0
Bacterial Spot,1,0,-1.0,18.5,86.7,35.6,734.5,low,28.0
Early Blight,0,0,0.0,30.7,83.9,39.5,865.1,moderate,46.0
Late Blight,0,0,0.0,30.7,83.9,39.5,865.1,moderate,46.0
Fusarium Wilt,1,0,-1.0,30.7,83.9,39.5,865.1,moderate,44.0
Bacterial Spot,1,0,-0.6,30.7,83.9,39.5,865.1,low,28.0
Early Blight,0,0,0.0,25.5,32.6,63.8,284.7,moderate,46.0
Late Blight,1,0,-1.0,25.5,32.6,63.8,284.7,low,16.0
Fusarium Wilt,1,0,-1.0,25.5,32.6,63.8,284.7,low,28.0
Bacterial Spot,1,0,-1.0,25.5,32.6,63.8,284.7,low,28.0
Early Blight,0,0,0.0,25.6,56.8,21.2,1009.1,moderate,46.0
Late Blight,2,0,-1.6,25.6,56.8,21.2,1009.1,low,16.0
Fusarium Wilt,0,0,0.0,25.6,56.8,21.2,1009.1,moderate,62.0
Bacterial Spot,0,0,0.0,25.6,56.8,21.2,1009.1,moderate,46.0
Early Blight,0,0,0.0,33.2,86.5,27.8,1134.7,moderate,46.0
Late Blight,0,0,0.0,33.2,86.5,27.8,1134.7,moderate,46.0
Fusarium Wilt,2,0,-2.0,33.2,86.5,27.8,1134.7,moderate,44.0
Bacterial Spot,1,0,-1.0,33.2,86.5,27.8,1134.7,low,28.0
Early Blight,0,0,0.0,36.1,42.7,70.9,894.7,low,34.0
Late Blight,1,0,-1.0,36.1,42.7,70.9,894.7,low,16.0
Fusarium Wilt,1,0,-1.0,36.1,42.7,70.9,894.7,low,28.0
Bacterial Spot,1,0,-1.0,36.1,42.7,70.9,894.7,low,16.0
Early Blight,0,0,0.0,20.1,77.2,37.5,768.7,moderate,62.0
Late Blight,1,0,-1.0,20.1,77.2,37.5,768.7,moderate,44.0
Fusarium Wilt,1,0,-1.0,20.1,77.2,37.5,768.7,low,28.0
Bacterial Spot,1,0,-0.6,20.1,77.2,37.5,768.7,low,28.0
Early Blight,0,0,0.0,15.6,73.9,51.5,1151.9,moderate,46.0
Late Blight,1,0,-0.6,15.6,73.9,51.5,1151.9,moderate,40.0
Fusarium Wilt,2,0,-2.0,15.6,73.9,51.5,1151.9,low,28.0
Bacterial Spot,0,0,0.0,15.6,73.9,51.5,1151.9,low,34.0
Early Blight,0,0,0.0,20.2,43.2,60.3,232.0,moderate,46.0
Late Blight,0,0,0.0,20.2,43.2,60.3,232.0,moderate,46.0
Fusarium Wilt,1,0,-1.0,20.2,43.2,60.3,232.0,low,28.0
Bacterial Spot,2,0,-1.6,20.2,43.2,60.3,232.0,low,16.0
Early Blight,1,0,-0.6,16.1,65.5,66.4,740.2,low,28.0
Late Blight,1,0,-1.0,16.1,65.5,66.4,740.2,low,28.0
Fusarium Wilt,2,0,-2.0,16.1,65.5,66.4,740.2,low,28.0
Bacterial Spot,2,0,-1.6,16.1,65.5,66.4,740.2,low,16.0
Early Blight,1,0,-0.6,22.5,52.3,18.6,901.8,moderate,40.0
Late Blight,0,0,0.0,22.5,52.3,18.6,901.8,moderate,46.0
Fusarium Wilt,1,0,-1.0,22.5,52.3,18.6,901.8,low,28.0
Bacterial Spot,1,0,-0.6,22.5,52.3,18.6,901.8,low,28.0
Early Blight,1,0,-0.6,24.8,87.9,13.7,1155.8,moderate,56.0
Late Blight,0,0,0.0,24.8,87.9,13.7,1155.8,moderate,46.0
Fusarium Wilt,1,0,-1.0,24.8,87.9,13.7,1155.8,low,28.0
Bacterial Spot,0,0,0.0,24.8,87.9,13.7,1155.8,moderate,62.0
Early Blight,0,0,0.0,15.8,54.1,46.5,777.3,low,34.0
Late Blight,1,0,-1.0,15.8,54.1,46.5,777.3,low,28.0
Fusarium Wilt,2,0,-2.0,15.8,54.1,46.5,777.3,low,28.0
Bacterial Spot,1,0,-0.6,15.8,54.1,46.5,777.3,low,28.0
Early Blight,0,0,0.0,26.0,48.5,20.4,1029.2,moderate,46.0
Late Blight,1,0,-0.6,26.0,48.5,20.4,1029.2,low,28.0
Fusarium Wilt,2,0,-2.0,26.0,48.5,20.4,1029.2,moderate,44.0
Bacterial Spot,1,0,-1.0,26.0,48.5,20.4,1029.2,low,28.0
Early Blight,0,0,0.0,33.6,59.1,14.7,456.9,low,34.0
Late Blight,0,0,0.0,33.6,59.1,14.7,456.9,low,34.0
Fusarium Wilt,2,0,-2.0,33.6,59.1,14.7,456.9,moderate,44.0
Bacterial Spot,2,0,-1.6,33.6,59.1,14.7,456.9,low,16.0
Early Blight,0,0,0.0,26.3,53.0,37.0,914.9,moderate,46.0
Late Blight,1,0,-0.6,26.3,53.0,37.0,914.9,low,28.0
Fusarium Wilt,0,0,0.0,26.3,53.0,37.0,914.9,moderate,62.0
Bacterial Spot,1,0,-0.6,26.3,53.0,37.0,914.9,moderate,40.0
Early Blight,0,0,0.0,31.4,71.7,24.2,241.8,moderate,46.0
Late Blight,0,0,0.0,31.4,71.7,24.2,241.8,low,34.0
Fusarium Wilt,1,0,-1.0,31.4,71.7,24.2,241.8,moderate,44.0
Bacterial Spot,2,0,-1.6,31.4,71.7,24.2,241.8,low,16.0
Early Blight,1,0,-0.6,34.6,90.0,13.4,981.8,moderate,40.0
Late Blight,1,0,-1.0,34.6,90.0,13.4,981.8,low,28.0
Fusarium Wilt,1,0,-1.0,34.6,90.0,13.4,981.8,moderate,44.0
Bacterial Spot,1,0,-1.0,34.6,90.0,13.4,981.8,low,28.0
Early Blight,1,0,-0.6,35.3,86.2,73.9,1055.3,moderate,40.0
Late Blight,2,0,-1.6,35.3,86.2,73.9,1055.3,low,28.0
Fusarium Wilt,2,0,-2.0,35.3,86.2,73.9,1055.3,low,28.0
Bacterial Spot,0,0,0.0,35.3,86.2,73.9,1055.3,moderate,46.0
Early Blight,0,0,0.0,19.2,36.8,34.3,1036.2,low,34.0
Late Blight,1,0,-1.0,19.2,36.8,34.3,1036.2,low,28.0
Fusarium Wilt,1,0,-1.0,19.2,36.8,34.3,1036.2,low,16.0
Bacterial Spot,1,0,-1.0,19.2,36.8,34.3,1036.2,low,16.0
Early Blight,1,0,-0.6,37.8,45.1,45.9,801.1,low,28.0
Late Blight,0,0,0.0,37.8,45.1,45.9,801.1,low,34.0
Fusarium Wilt,2,0,-2.0,37.8,45.1,45.9,801.1,low,28.0
Bacterial Spot,1,0,-1.0,37.8,45.1,45.9,801.1,low,16.0
Early Blight,0,0,0.0,32.0,41.4,39.5,330.1,low,34.0
Late Blight,0,0,0.0,32.0,41.4,39.5,330.1,low,34.0
Fusarium Wilt,1,0,-1.0,32.0,41.4,39.5,330.1,moderate,44.0
Bacterial Spot,0,0,0.0,32.0,41.4,39.5,330.1,low,34.0
Early Blight,0,0,0.0,19.4,34.3,26.0,257.5,low,34.0
Late Blight,2,0,-1.6,19.4,34.3,26.0,257.5,low,28.0
Fusarium Wilt,2,0,-2.0,19.4,34.3,26.0,257.5,low,16.0
Bacterial Spot,2,0,-1.6,19.4,34.3,26.0,257.5,low,16.0
Early Blight,1,0,-0.6,20.6,47.8,22.8,889.3,moderate,40.0
Late Blight,2,0,-1.6,20.6,47.8,22.8,889.3,low,28.0
Fusarium Wilt,1,0,-1.0,20.6,47.8,22.8,889.3,low,28.0
Bacterial Spot,2,0,-1.6,20.6,47.8,22.8,889.3,low,16.0
Early Blight,0,0,0.0,33.1,91.2,48.4,452.9,moderate,46.0
Late Blight,1,0,-1.0,33.1,91.2,48.4,452.9,low,28.0
Fusarium Wilt,2,0,-2.0,33.1,91.2,48.4,452.9,moderate,44.0
Bacterial Spot,0,0,0.0,33.1,91.2,48.4,452.9,moderate,46.0
Early Blight,0,0,0.0,22.5,72.1,50.9,953.1,moderate,62.0
Late Blight,1,0,-1.0,22.5,72.1,50.9,953.1,low,28.0
Fusarium Wilt,0,0,0.0,22.5,72.1,50.9,953.1,moderate,46.0
Bacterial Spot,1,0,-1.0,22.5,72.1,50.9,953.1,low,16.0
Early Blight,1,0,-0.6,19.2,59.9,19.7,615.6,low,28.0
Late Blight,1,0,-0.6,19.2,59.9,19.7,615.6,moderate,40.0
Fusarium Wilt,0,0,0.0,19.2,59.9,19.7,615.6,moderate,46.0
Bacterial Spot,0,0,0.0,19.2,59.9,19.7,615.6,low,34.0
Early Blight,1,0,-0.6,37.2,95.1,84.1,458.4,moderate,40.0
Late Blight,0,0,0.0,37.2,95.1,84.1,458.4,moderate,46.0
Fusarium Wilt,0,0,0.0,37.2,95.1,84.1,458.4,moderate,46.0
Bacterial Spot,0,0,0.0,37.2,95.1,84.1,458.4,moderate,46.0
Early Blight,0,0,0.0,31.9,84.4,62.6,743.7,moderate,46.0
Late Blight,1,0,-1.0,31.9,84.4,62.6,743.7,low,28.0
Fusarium Wilt,2,0,-2.0,31.9,84.4,62.6,743.7,moderate,44.0
Bacterial Spot,0,0,0.0,31.9,84.4,62.6,743.7,low,34.0
Early Blight,0,0,0.0,20.6,69.3,81.6,323.5,moderate,46.0
Late Blight,2,0,-1.6,20.6,69.3,81.6,323.5,low,28.0
Fusarium Wilt,1,0,-1.0,20.6,69.3,81.6,323.5,low,28.0
Bacterial Spot,0,0,0.0,20.6,69.3,81.6,323.5,low,34.0
Early Blight,0,0,0.0,20.0,85.0,33.2,1136.1,moderate,62.0
Late Blight,2,0,-1.6,20.0,85.0,33.2,1136.1,moderate,44.0
Fusarium Wilt,0,0,0.0,20.0,85.0,33.2,1136.1,moderate,46.0
Bacterial Spot,0,0,0.0,20.0,85.0,33.2,1136.1,moderate,46.0
Early Blight,1,0,-0.6,19.2,60.4,76.0,1046.7,low,28.0
Late Blight,2,0,-1.6,19.2,60.4,76.0,1046.7,low,28.0
Fusarium Wilt,2,0,-2.0,19.2,60.4,76.0,1046.7,low,28.0
Bacterial Spot,1,0,-1.0,19.2,60.4,76.0,1046.7,low,16.0
Early Blight,1,0,-0.6,25.8,65.8,49.8,223.8,moderate,40.0
Late Blight,1,0,-0.6,25.8,65.8,49.8,223.8,low,28.0
Fusarium Wilt,0,0,0.0,25.8,65.8,49.8,223.8,moderate,62.0
Bacterial Spot,1,0,-0.6,25.8,65.8,49.8,223.8,moderate,40.0
Early Blight,0,0,0.0,18.4,85.2,70.2,208.4,moderate,46.0
Late Blight,1,0,-1.0,18.4,85.2,70.2,208.4,moderate,44.0
Fusarium Wilt,0,0,0.0,18.4,85.2,70.2,208.4,moderate,46.0
Bacterial Spot,1,0,-1.0,18.4,85.2,70.2,208.4,low,28.0
Early Blight,0,0,0.0,21.1,67.7,58.5,1133.7,moderate,46.0
Late Blight,0,0,0.0,21.1,67.7,58.5,1133.7,moderate,46.0
Fusarium Wilt,1,0,-1.0,21.1,67.7,58.5,1133.7,low,28.0
Bacterial Spot,1,0,-1.0,21.1,67.7,58.5,1133.7,low,16.0
Early Blight,0,0,0.0,31.2,55.3,51.1,303.1,low,34.0
Late Blight,2,0,-1.6,31.2,55.3,51.1,303.1,low,16.0
Fusarium Wilt,0,0,0.0,31.2,55.3,51.1,303.1,moderate,62.0
Bacterial Spot,0,0,0.0,31.2,55.3,51.1,303.1,low,34.0
Early Blight,0,0,0.0,19.6,48.9,34.2,1114.8,low,34.0
Late Blight,0,0,0.0,19.6,48.9,34.2,1114.8,moderate,46.0
Fusarium Wilt,1,0,-1.0,19.6,48.9,34.2,1114.8,low,28.0
Bacterial Spot,1,0,-1.0,19.6,48.9,34.2,1114.8,low,16.0
Early Blight,0,0,0.0,18.7,44.3,68.2,1088.4,low,34.0
Late Blight,2,0,-1.6,18.7,44.3,68.2,1088.4,low,28.0
Fusarium Wilt,0,0,0.0,18.7,44.3,68.2,1088.4,moderate,46.0
Bacterial Spot,0,0,0.0,18.7,44.3,68.2,1088.4,low,34.0
Early Blight,0,0,0.0,23.0,31.6,34.2,625.8,moderate,46.0
Late Blight,1,0,-0.6,23.0,31.6,34.2,625.8,moderate,40.0
Fusarium Wilt,1,0,-1.0,23.0,31.6,34.2,625.8,low,16.0
Bacterial Spot,2,0,-1.6,23.0,31.6,34.2,625.8,low,16.0
Early Blight,0,0,0.0,25.8,44.3,57.5,202.2,moderate,46.0
Late Blight,2,0,-1.6,25.8,44.3,57.5,202.2,low,16.0
Fusarium Wilt,2,0,-2.0,25.8,44.3,57.5,202.2,moderate,44.0
Bacterial Spot,2,0,-1.6,25.8,44.3,57.5,202.2,low,28.0
Early Blight,0,0,0.0,30.8,77.6,46.8,613.2,moderate,46.0
Late Blight,1,0,-1.0,30.8,77.6,46.8,613.2,low,28.0
Fusarium Wilt,1,0,-1.0,30.8,77.6,46.8,613.2,moderate,44.0
Bacterial Spot,2,0,-1.6,30.8,77.6,46.8,613.2,low,16.0
Early Blight,1,0,-0.6,18.0,42.3,19.7,893.8,low,28.0
Late Blight,0,0,0.0,18.0,42.3,19.7,893.8,moderate,46.0
Fusarium Wilt,0,0,0.0,18.0,42.3,19.7,893.8,moderate,46.0
Bacterial Spot,1,0,-0.6,18.0,42.3,19.7,893.8,low,28.0
Early Blight,1,0,-0.6,29.3,79.6,13.0,729.1,moderate,56.0
Late Blight,1,0,-1.0,29.3,79.6,13.0,729.1,low,28.0
Fusarium Wilt,1,0,-1.0,29.3,79.6,13.0,729.1,moderate,44.0
Bacterial Spot,0,0,0.0,29.3,79.6,13.0,729.1,moderate,46.0
Early Blight,1,0,-0.6,32.9,37.0,71.1,410.2,low,28.0
Late Blight,1,0,-1.0,32.9,37.0,71.1,410.2,low,16.0
Fusarium Wilt,0,0,0.0,32.9,37.0,71.1,410.2,moderate,46.0
Bacterial Spot,2,0,-1.6,32.9,37.0,71.1,410.2,low,16.0
Early Blight,1,0,-0.6,15.2,75.2,88.6,265.1,moderate,40.0
Late Blight,1,0,-1.0,15.2,75.2,88.6,265.1,moderate,44.0
Fusarium Wilt,0,0,0.0,15.2,75.2,88.6,265.1,moderate,46.0
Bacterial Spot,1,0,-1.0,15.2,75.2,88.6,265.1,low,16.0
Early Blight,0,0,0.0,31.6,87.1,15.3,916.3,moderate,46.0
Late Blight,1,0,-0.6,31.6,87.1,15.3,916.3,moderate,40.0
Fusarium Wilt,0,0,0.0,31.6,87.1,15.3,916.3,moderate,62.0
Bacterial Spot,1,0,-1.0,31.6,87.1,15.3,916.3,low,28.0
Early Blight,1,0,-0.6,26.4,31.2,17.8,1165.8,moderate,40.0
Late Blight,2,0,-1.6,26.4,31.2,17.8,1165.8,low,16.0
Fusarium Wilt,2,0,-2.0,26.4,31.2,17.8,1165.8,low,28.0
Bacterial Spot,2,0,-1.6,26.4,31.2,17.8,1165.8,low,28.0
Early Blight,0,0,0.0,36.3,44.4,12.2,1135.7,low,34.0
Late Blight,1,0,-0.6,36.3,44.4,12.2,1135.7,low,28.0
Fusarium Wilt,0,0,0.0,36.3,44.4,12.2,1135.7,moderate,46.0
Bacterial Spot,2,0,-1.6,36.3,44.4,12.2,1135.7,low,16.0
Early Blight,0,0,0.0,18.7,45.7,49.6,166.3,low,34.0
Late Blight,1,0,-1.0,18.7,45.7,49.6,166.3,low,28.0
Fusarium Wilt,1,0,-1.0,18.7,45.7,49.6,166.3,low,28.0
Bacterial Spot,1,0,-0.6,18.7,45.7,49.6,166.3,low,28.0
Early Blight,0,0,0.0,20.2,38.6,32.5,815.1,moderate,46.0
Late Blight,2,0,-1.6,20.2,38.6,32.5,815.1,low,28.0
Fusarium Wilt,0,0,0.0,20.2,38.6,32.5,815.1,low,34.0
Bacterial Spot,0,0,0.0,20.2,38.6,32.5,815.1,low,34.0
Early Blight,1,0,-0.6,20.1,78.3,32.8,374.7,moderate,56.0
Late Blight,0,0,0.0,20.1,78.3,32.8,374.7,moderate,62.0
Fusarium Wilt,2,0,-2.0,20.1,78.3,32.8,374.7,low,28.0
Bacterial Spot,0,0,0.0,20.1,78.3,32.8,374.7,low,34.0
Early Blight,1,0,-0.6,23.5,90.7,34.7,171.4,moderate,56.0
Late Blight,0,0,0.0,23.5,90.7,34.7,171.4,moderate,62.0
Fusarium Wilt,2,0,-2.0,23.5,90.7,34.7,171.4,low,28.0
Bacterial Spot,2,0,-1.6,23.5,90.7,34.7,171.4,low,28.0
Early Blight,1,0,-0.6,26.0,37.2,76.9,376.2,moderate,40.0
Late Blight,1,0,-1.0,26.0,37.2,76.9,376.2,low,16.0
Fusarium Wilt,0,0,0.0,26.0,37.2,76.9,376.2,moderate,46.0
Bacterial Spot,1,0,-0.6,26.0,37.2,76.9,376.2,moderate,40.0
Early Blight,1,0,-0.6,15.6,92.0,73.4,709.2,moderate,40.0
Late Blight,1,0,-1.0,15.6,92.0,73.4,709.2,moderate,44.0
Fusarium Wilt,2,0,-2.0,15.6,92.0,73.4,709.2,low,28.0
Bacterial Spot,0,0,0.0,15.6,92.0,73.4,709.2,moderate,46.0
Early Blight,1,0,-0.6,26.9,85.2,63.6,592.5,moderate,56.0
Late Blight,1,0,-1.0,26.9,85.2,63.6,592.5,low,28.0
Fusarium Wilt,0,0,0.0,26.9,85.2,63.6,592.5,moderate,62.0
Bacterial Spot,2,0,-1.6,26.9,85.2,63.6,592.5,moderate,44.0
Early Blight,1,0,-0.6,16.0,60.8,29.7,608.1,low,28.0
Late Blight,2,0,-1.6,16.0,60.8,29.7,608.1,low,28.0
Fusarium Wilt,1,0,-1.0,16.0,60.8,29.7,608.1,low,28.0
Bacterial Spot,1,0,-0.6,16.0,60.8,29.7,608.1,low,28.0
Early Blight,1,0,-0.6,21.9,84.5,24.0,874.5,moderate,56.0
Late Blight,1,0,-0.6,21.9,84.5,24.0,874.5,moderate,56.0
Fusarium Wilt,0,0,0.0,21.9,84.5,24.0,874.5,moderate,46.0
Bacterial Spot,2,0,-1.6,21.9,84.5,24.0,874.5,low,16.0
Early Blight,1,0,-0.6,24.9,47.3,12.4,232.5,moderate,40.0
Late Blight,1,0,-1.0,24.9,47.3,12.4,232.5,low,16.0
Fusarium Wilt,1,0,-1.0,24.9,47.3,12.4,232.5,low,28.0
Bacterial Spot,1,0,-1.0,24.9,47.3,12.4,232.5,low,28.0
Early Blight,1,0,-0.6,36.1,59.9,30.3,581.2,low,28.0
Late Blight,1,0,-0.6,36.1,59.9,30.3,581.2,low,28.0
Fusarium Wilt,0,0,0.0,36.1,59.9,30.3,581.2,moderate,46.0
Bacterial Spot,0,0,0.0,36.1,59.9,30.3,581.2,low,34.0
Early Blight,1,0,-0.6,25.9,32.2,88.4,543.3,moderate,40.0
Late Blight,2,0,-1.6,25.9,32.2,88.4,543.3,low,16.0
Fusarium Wilt,0,0,0.0,25.9,32.2,88.4,543.3,moderate,46.0
Bacterial Spot,1,0,-0.6,25.9,32.2,88.4,543.3,moderate,40.0
Early Blight,1,0,-0.6,28.5,75.3,19.9,377.5,moderate,56.0
Late Blight,0,0,0.0,28.5,75.3,19.9,377.5,moderate,46.0
Fusarium Wilt,0,0,0.0,28.5,75.3,19.9,377.5,moderate,62.0
Bacterial Spot,1,0,-1.0,28.5,75.3,19.9,377.5,low,28.0
Early Blight,1,0,-0.6,32.4,88.3,60.5,396.5,moderate,40.0
Late Blight,1,0,-1.0,32.4,88.3,60.5,396.5,low,28.0
Fusarium Wilt,1,0,-1.0,32.4,88.3,60.5,396.5,moderate,44.0
Bacterial Spot,1,0,-1.0,32.4,88.3,60.5,396.5,low,28.0
Early Blight,0,0,0.0,26.5,84.9,33.8,1013.1,moderate,62.0
Late Blight,1,0,-0.6,26.5,84.9,33.8,1013.1,moderate,40.0
Fusarium Wilt,0,0,0.0,26.5,84.9,33.8,1013.1,moderate,62.0
Bacterial Spot,0,0,0.0,26.5,84.9,33.8,1013.1,moderate,46.0
Early Blight,1,0,-0.6,19.6,70.1,64.8,995.0,moderate,40.0
Late Blight,1,0,-0.6,19.6,70.1,64.8,995.0,moderate,40.0
Fusarium Wilt,2,0,-2.0,19.6,70.1,64.8,995.0,low,28.0
Bacterial Spot,2,0,-1.6,19.6,70.1,64.8,995.0,low,16.0
Early Blight,1,0,-0.6,21.6,33.3,48.4,392.8,moderate,40.0
Late Blight,2,0,-1.6,21.6,33.3,48.4,392.8,low,28.0
Fusarium Wilt,1,0,-1.0,21.6,33.3,48.4,392.8,low,16.0
Bacterial Spot,0,0,0.0,21.6,33.3,48.4,392.8,low,34.0
Early Blight,1,0,-0.6,28.7,69.6,83.0,1195.2,moderate,40.0
Late Blight,1,0,-1.0,28.7,69.6,83.0,1195.2,low,16.0
Fusarium Wilt,1,0,-1.0,28.7,69.6,83.0,1195.2,moderate,44.0
Bacterial Spot,1,0,-1.0,28.7,69.6,83.0,1195.2,low,28.0
Early Blight,0,0,0.0,30.2,31.8,47.4,667.1,low,34.0
Late Blight,1,0,-0.6,30.2,31.8,47.4,667.1,low,28.0
Fusarium Wilt,2,0,-2.0,30.2,31.8,47.4,667.1,low,28.0
Bacterial Spot,1,0,-1.0,30.2,31.8,47.4,667.1,low,16.0
Early Blight,0,0,0.0,15.6,84.6,60.2,204.6,moderate,46.0
Late Blight,0,0,0.0,15.6,84.6,60.2,204.6,moderate,62.0
Fusarium Wilt,1,0,-1.0,15.6,84.6,60.2,204.6,low,28.0
Bacterial Spot,0,0,0.0,15.6,84.6,60.2,204.6,low,34.0
Early Blight,1,0,-0.6,28.1,70.5,80.8,958.0,moderate,56.0
Late Blight,2,0,-1.6,28.1,70.5,80.8,958.0,low,16.0
Fusarium Wilt,0,0,0.0,28.1,70.5,80.8,958.0,moderate,62.0
Bacterial Spot,0,0,0.0,28.1,70.5,80.8,958.0,moderate,46.0
Early Blight,0,0,0.0,29.4,95.6,84.2,659.0,moderate,62.0
Late Blight,0,0,0.0,29.4,95.6,84.2,659.0,moderate,46.0
Fusarium Wilt,0,0,0.0,29.4,95.6,84.2,659.0,moderate,62.0
Bacterial Spot,2,0,-1.6,29.4,95.6,84.2,659.0,moderate,44.0
Early Blight,0,0,0.0,32.4,60.7,80.4,491.7,low,34.0
Late Blight,0,0,0.0,32.4,60.7,80.4,491.7,low,34.0
Fusarium Wilt,1,0,-1.0,32.4,60.7,80.4,491.7,moderate,44.0
Bacterial Spot,2,0,-1.6,32.4,60.7,80.4,491.7,low,16.0
Early Blight,1,0,-0.6,19.0,85.2,30.8,151.5,moderate,40.0
Late Blight,2,0,-1.6,19.0,85.2,30.8,151.5,moderate,44.0
Fusarium Wilt,0,0,0.0,19.0,85.2,30.8,151.5,moderate,46.0
Bacterial Spot,2,0,-1.6,19.0,85.2,30.8,151.5,low,28.0
Early Blight,1,0,-0.6,28.7,36.2,61.8,192.4,moderate,40.0
Late Blight,0,0,0.0,28.7,36.2,61.8,192.4,low,34.0
Fusarium Wilt,0,0,0.0,28.7,36.2,61.8,192.4,moderate,46.0
Bacterial Spot,1,0,-0.6,28.7,36.2,61.8,192.4,moderate,40.0
Early Blight,0,0,0.0,35.8,40.2,68.1,531.3,low,34.0
Late Blight,0,0,0.0,35.8,40.2,68.1,531.3,low,34.0
Fusarium Wilt,1,0,-1.0,35.8,40.2,68.1,531.3,low,28.0
Bacterial Spot,2,0,-1.6,35.8,40.2,68.1,531.3,low,16.0
Early Blight,1,0,-0.6,31.4,47.6,73.2,969.1,low,28.0
Late Blight,2,0,-1.6,31.4,47.6,73.2,969.1,low,16.0
Fusarium Wilt,0,0,0.0,31.4,47.6,73.2,969.1,moderate,62.0
Bacterial Spot,2,0,-1.6,31.4,47.6,73.2,969.1,low,16.0
Early Blight,1,0,-0.6,35.6,77.0,54.7,466.6,moderate,40.0
Late Blight,1,0,-1.0,35.6,77.0,54.7,466.6,low,28.0
Fusarium Wilt,0,0,0.0,35.6,77.0,54.7,466.6,moderate,46.0
Bacterial Spot,0,0,0.0,35.6,77.0,54.7,466.6,low,34.0
Early Blight,0,0,0.0,19.2,73.5,80.8,1118.8,moderate,46.0
Late Blight,1,0,-1.0,19.2,73.5,80.8,1118.8,low,28.0
Fusarium Wilt,2,0,-2.0,19.2,73.5,80.8,1118.8,low,28.0
Bacterial Spot,1,0,-1.0,19.2,73.5,80.8,1118.8,low,16.0
Early Blight,1,0,-0.6,15.6,60.8,35.0,171.2,low,28.0
Late Blight,1,0,-0.6,15.6,60.8,35.0,171.2,moderate,40.0
Fusarium Wilt,1,0,-1.0,15.6,60.8,35.0,171.2,low,28.0
Bacterial Spot,1,0,-1.0,15.6,60.8,35.0,171.2,low,16.0
Early Blight,0,0,0.0,34.0,57.7,53.4,237.6,low,34.0
Late Blight,0,0,0.0,34.0,57.7,53.4,237.6,low,34.0
Fusarium Wilt,1,0,-1.0,34.0,57.7,53.4,237.6,moderate,44.0
Bacterial Spot,0,0,0.0,34.0,57.7,53.4,237.6,low,34.0
Early Blight,1,0,-0.6,29.1,89.9,21.0,384.4,moderate,56.0
Late Blight,0,0,0.0,29.1,89.9,21.0,384.4,moderate,46.0
Fusarium Wilt,1,0,-1.0,29.1,89.9,21.0,384.4,moderate,44.0
Bacterial Spot,1,0,-1.0,29.1,89.9,21.0,384.4,moderate,44.0
Early Blight,0,0,0.0,16.5,50.4,27.2,1012.7,low,34.0
Late Blight,0,0,0.0,16.5,50.4,27.2,1012.7,moderate,46.0
Fusarium Wilt,1,0,-1.0,16.5,50.4,27.2,1012.7,low,28.0
Bacterial Spot,0,0,0.0,16.5,50.4,27.2,1012.7,low,34.0
Early Blight,1,0,-0.6,38.0,89.4,67.2,218.8,moderate,40.0
Late Blight,0,0,0.0,38.0,89.4,67.2,218.8,moderate,46.0
Fusarium Wilt,1,0,-1.0,38.0,89.4,67.2,218.8,low,28.0
Bacterial Spot,2,0,-1.6,38.0,89.4,67.2,218.8,low,28.0
Early Blight,1,0,-0.6,27.8,36.4,36.6,1013.1,moderate,40.0
Late Blight,1,0,-1.0,27.8,36.4,36.6,1013.1,low,16.0
Fusarium Wilt,2,0,-2.0,27.8,36.4,36.6,1013.1,low,28.0
Bacterial Spot,2,0,-1.6,27.8,36.4,36.6,1013.1,low,28.0
Early Blight,1,0,-0.6,17.2,51.6,12.5,312.6,low,28.0
Late Blight,1,0,-1.0,17.2,51.6,12.5,312.6,low,28.0
Fusarium Wilt,2,0,-2.0,17.2,51.6,12.5,312.6,low,28.0
Bacterial Spot,1,0,-0.6,17.2,51.6,12.5,312.6,low,28.0
Early Blight,1,0,-0.6,36.0,80.8,71.8,239.5,moderate,40.0
Late Blight,0,0,0.0,36.0,80.8,71.8,239.5,moderate,46.0
Fusarium Wilt,0,0,0.0,36.0,80.8,71.8,239.5,moderate,46.0
Bacterial Spot,0,0,0.0,36.0,80.8,71.8,239.5,low,34.0
Early Blight,1,0,-0.6,34.9,61.4,54.1,206.6,low,28.0
Late Blight,1,0,-1.0,34.9,61.4,54.1,206.6,low,16.0
Fusarium Wilt,0,0,0.0,34.9,61.4,54.1,206.6,moderate,62.0
Bacterial Spot,0,0,0.0,34.9,61.4,54.1,206.6,low,34.0
Early Blight,0,0,0.0,36.1,72.6,85.8,700.5,moderate,46.0
Late Blight,0,0,0.0,36.1,72.6,85.8,700.5,low,34.0
Fusarium Wilt,1,0,-1.0,36.1,72.6,85.8,700.5,low,28.0
Bacterial Spot,1,0,-1.0,36.1,72.6,85.8,700.5,low,16.0
Early Blight,0,0,0.0,25.1,93.3,40.5,443.6,moderate,62.0
Late Blight,2,0,-1.6,25.1,93.3,40.5,443.6,low,28.0
Fusarium Wilt,2,0,-2.0,25.1,93.3,40.5,443.6,moderate,44.0
Bacterial Spot,1,0,-0.6,25.1,93.3,40.5,443.6,moderate,56.0
Early Blight,0,0,0.0,29.1,79.1,64.4,164.4,moderate,62.0
Late Blight,2,0,-1.6,29.1,79.1,64.4,164.4,low,28.0
Fusarium Wilt,1,0,-1.0,29.1,79.1,64.4,164.4,moderate,44.0
Bacterial Spot,1,0,-0.6,29.1,79.1,64.4,164.4,moderate,40.0
Early Blight,0,0,0.0,16.6,35.3,64.6,168.1,low,34.0
Late Blight,0,0,0.0,16.6,35.3,64.6,168.1,moderate,46.0
Fusarium Wilt,1,0,-1.0,16.6,35.3,64.6,168.1,low,16.0
Bacterial Spot,2,0,-1.6,16.6,35.3,64.6,168.1,low,16.0
Early Blight,1,0,-0.6,31.3,38.6,51.2,385.9,low,28.0
Late Blight,2,0,-1.6,31.3,38.6,51.2,385.9,low,16.0
Fusarium Wilt,1,0,-1.0,31.3,38.6,51.2,385.9,low,28.0
Bacterial Spot,1,0,-0.6,31.3,38.6,51.2,385.9,low,28.0
Early Blight,1,0,-0.6,18.1,66.1,56.4,296.8,low,28.0
Late Blight,2,0,-1.6,18.1,66.1,56.4,296.8,low,28.0
Fusarium Wilt,0,0,0.0,18.1,66.1,56.4,296.8,moderate,46.0
Bacterial Spot,0,0,0.0,18.1,66.1,56.4,296.8,low,34.0
Early Blight,1,0,-0.6,25.0,63.8,14.0,968.1,moderate,40.0
Late Blight,1,0,-1.0,25.0,63.8,14.0,968.1,low,16.0
Fusarium Wilt,2,0,-2.0,25.0,63.8,14.0,968.1,moderate,44.0
Bacterial Spot,1,0,-1.0,25.0,63.8,14.0,968.1,low,28.0
Early Blight,1,0,-0.6,22.8,90.7,55.7,960.8,moderate,56.0
Late Blight,2,0,-1.6,22.8,90.7,55.7,960.8,moderate,44.0
Fusarium Wilt,0,0,0.0,22.8,90.7,55.7,960.8,moderate,46.0
Bacterial Spot,2,0,-1.6,22.8,90.7,55.7,960.8,low,28.0
Early Blight,0,0,0.0,34.7,55.1,73.9,1063.5,low,34.0
Late Blight,1,0,-0.6,34.7,55.1,73.9,1063.5,low,28.0
Fusarium Wilt,1,0,-1.0,34.7,55.1,73.9,1063.5,moderate,44.0
Bacterial Spot,2,0,-1.6,34.7,55.1,73.9,1063.5,low,16.0
Early Blight,0,0,0.0,22.7,71.4,28.3,159.1,moderate,62.0
Late Blight,1,0,-0.6,22.7,71.4,28.3,159.1,moderate,40.0
Fusarium Wilt,2,0,-2.0,22.7,71.4,28.3,159.1,low,28.0
Bacterial Spot,1,0,-1.0,22.7,71.4,28.3,159.1,low,16.0
Early Blight,1,0,-0.6,33.4,59.1,80.5,863.3,low,28.0
Late Blight,1,0,-1.0,33.4,59.1,80.5,863.3,low,16.0
Fusarium Wilt,1,0,-1.0,33.4,59.1,80.5,863.3,moderate,44.0
Bacterial Spot,2,0,-1.6,33.4,59.1,80.5,863.3,low,16.0
Early Blight,0,0,0.0,31.3,36.8,39.8,1169.7,low,34.0
Late Blight,0,0,0.0,31.3,36.8,39.8,1169.7,low,34.0
Fusarium Wilt,1,0,-1.0,31.3,36.8,39.8,1169.7,low,28.0
Bacterial Spot,1,0,-1.0,31.3,36.8,39.8,1169.7,low,16.0
Early Blight,1,0,-0.6,37.5,31.0,48.0,667.9,low,28.0
Late Blight,0,0,0.0,37.5,31.0,48.0,667.9,low,34.0
Fusarium Wilt,1,0,-1.0,37.5,31.0,48.0,667.9,low,16.0
Bacterial Spot,1,0,-1.0,37.5,31.0,48.0,667.9,low,16.0
Early Blight,0,0,0.0,36.7,60.2,72.8,115.0,low,34.0
Late Blight,1,0,-1.0,36.7,60.2,72.8,115.0,low,16.0
Fusarium Wilt,2,0,-2.0,36.7,60.2,72.8,115.0,low,28.0
Bacterial Spot,1,0,-1.0,36.7,60.2,72.8,115.0,low,16.0
Early Blight,0,0,0.0,16.8,79.7,83.6,158.8,moderate,46.0
Late Blight,1,0,-1.0,16.8,79.7,83.6,158.8,moderate,44.0
Fusarium Wilt,2,0,-2.0,16.8,79.7,83.6,158.8,low,28.0
Bacterial Spot,1,0,-1.0,16.8,79.7,83.6,158.8,low,16.0
Early Blight,0,0,0.0,23.9,81.2,13.8,709.5,moderate,62.0
Late Blight,1,0,-0.6,23.9,81.2,13.8,709.5,moderate,56.0
Fusarium Wilt,1,0,-1.0,23.9,81.2,13.8,709.5,low,28.0
Bacterial Spot,2,0,-1.6,23.9,81.2,13.8,709.5,low,16.0
Early Blight,1,0,-0.6,27.8,81.1,50.3,1066.5,moderate,56.0
Late Blight,0,0,0.0,27.8,81.1,50.3,1066.5,moderate,46.0
Fusarium Wilt,1,0,-1.0,27.8,81.1,50.3,1066.5,moderate,44.0
Bacterial Spot,2,0,-1.6,27.8,81.1,50.3,1066.5,low,28.0
Early Blight,1,0,-0.6,23.5,74.4,37.1,260.2,moderate,56.0
Late Blight,1,0,-0.6,23.5,74.4,37.1,260.2,moderate,40.0
Fusarium Wilt,1,0,-1.0,23.5,74.4,37.1,260.2,low,28.0
Bacterial Spot,1,0,-0.6,23.5,74.4,37.1,260.2,low,28.0
Early Blight,0,0,0.0,32.7,71.8,68.9,1174.9,moderate,46.0
Late Blight,0,0,0.0,32.7,71.8,68.9,1174.9,low,34.0
Fusarium Wilt,2,0,-2.0,32.7,71.8,68.9,1174.9,moderate,44.0
Bacterial Spot,0,0,0.0,32.7,71.8,68.9,1174.9,low,34.0
Early Blight,1,0,-0.6,20.6,50.0,61.3,916.5,moderate,40.0
Late Blight,1,0,-1.0,20.6,50.0,61.3,916.5,low,28.0
Fusarium Wilt,1,0,-1.0,20.6,50.0,61.3,916.5,low,28.0
Bacterial Spot,2,0,-1.6,20.6,50.0,61.3,916.5,low,16.0
Early Blight,0,0,0.0,25.9,78.6,62.4,166.9,moderate,62.0
Late Blight,1,0,-0.6,25.9,78.6,62.4,166.9,moderate,40.0
Fusarium Wilt,2,0,-2.0,25.9,78.6,62.4,166.9,moderate,44.0
Bacterial Spot,1,0,-1.0,25.9,78.6,62.4,166.9,low,28.0
Early Blight,0,0,0.0,15.8,71.4,73.4,352.5,moderate,46.0
Late Blight,1,0,-0.6,15.8,71.4,73.4,352.5,moderate,40.0
Fusarium Wilt,1,0,-1.0,15.8,71.4,73.4,352.5,low,28.0
Bacterial Spot,0,0,0.0,15.8,71.4,73.4,352.5,low,34.0
Early Blight,0,0,0.0,15.3,88.3,79.1,966.6,moderate,46.0
Late Blight,0,0,0.0,15.3,88.3,79.1,966.6,moderate,62.0
Fusarium Wilt,2,0,-2.0,15.3,88.3,79.1,966.6,low,28.0
Bacterial Spot,1,0,-1.0,15.3,88.3,79.1,966.6,low,28.0
Early Blight,0,0,0.0,34.4,53.5,23.8,379.5,low,34.0
Late Blight,1,0,-0.6,34.4,53.5,23.8,379.5,low,28.0
Fusarium Wilt,1,0,-1.0,34.4,53.5,23.8,379.5,moderate,44.0
Bacterial Spot,1,0,-1.0,34.4,53.5,23.8,379.5,low,16.0
Early Blight,0,0,0.0,23.3,34.5,58.2,339.2,moderate,46.0
Late Blight,1,0,-0.6,23.3,34.5,58.2,339.2,moderate,40.0
Fusarium Wilt,0,0,0.0,23.3,34.5,58.2,339.2,low,34.0
Bacterial Spot,0,0,0.0,23.3,34.5,58.2,339.2,low,34.0
Early Blight,0,0,0.0,20.5,70.5,21.8,602.1,moderate,62.0
Late Blight,0,0,0.0,20.5,70.5,21.8,602.1,moderate,46.0
Fusarium Wilt,0,0,0.0,20.5,70.5,21.8,602.1,moderate,46.0
Bacterial Spot,1,0,-0.6,20.5,70.5,21.8,602.1,low,28.0
Early Blight,0,0,0.0,28.5,65.0,22.4,1075.4,moderate,46.0
Late Blight,1,0,-1.0,28.5,65.0,22.4,1075.4,low,16.0
Fusarium Wilt,1,0,-1.0,28.5,65.0,22.4,1075.4,moderate,44.0
Bacterial Spot,2,0,-1.6,28.5,65.0,22.4,1075.4,low,28.0
Early Blight,1,0,-0.6,21.3,60.6,21.0,514.5,moderate,40.0
Late Blight,1,0,-1.0,21.3,60.6,21.0,514.5,low,28.0
Fusarium Wilt,0,0,0.0,21.3,60.6,21.0,514.5,moderate,46.0
Bacterial Spot,2,0,-1.6,21.3,60.6,21.0,514.5,low,16.0
Early Blight,0,0,0.0,21.2,91.5,76.5,813.6,moderate,62.0
Late Blight,2,0,-1.6,21.2,91.5,76.5,813.6,moderate,44.0
Fusarium Wilt,1,0,-1.0,21.2,91.5,76.5,813.6,low,28.0
Bacterial Spot,0,0,0.0,21.2,91.5,76.5,813.6,moderate,46.0
Early Blight,0,0,0.0,30.2,64.0,41.4,998.6,low,34.0
Late Blight,0,0,0.0,30.2,64.0,41.4,998.6,low,34.0
Fusarium Wilt,0,0,0.0,30.2,64.0,41.4,998.6,moderate,62.0
Bacterial Spot,1,0,-1.0,30.2,64.0,41.4,998.6,low,16.0
Early Blight,1,0,-0.6,36.3,41.4,19.7,997.8,low,28.0
Late Blight,1,0,-1.0,36.3,41.4,19.7,997.8,low,16.0
Fusarium Wilt,1,0,-1.0,36.3,41.4,19.7,997.8,low,28.0
Bacterial Spot,2,0,-1.6,36.3,41.4,19.7,997.8,low,16.0
Early Blight,0,0,0.0,17.6,91.9,50.6,794.5,moderate,46.0
Late Blight,0,0,0.0,17.6,91.9,50.6,794.5,moderate,62.0
Fusarium Wilt,2,0,-2.0,17.6,91.9,50.6,794.5,low,28.0
Bacterial Spot,2,0,-1.6,17.6,91.9,50.6,794.5,low,28.0
Early Blight,0,0,0.0,21.8,55.3,73.7,417.6,moderate,46.0
Late Blight,1,0,-1.0,21.8,55.3,73.7,417.6,low,28.0
Fusarium Wilt,0,0,0.0,21.8,55.3,73.7,417.6,moderate,46.0
Bacterial Spot,1,0,-0.6,21.8,55.3,73.7,417.6,low,28.0
Early Blight,0,0,0.0,26.7,33.2,48.6,563.3,moderate,46.0
Late Blight,0,0,0.0,26.7,33.2,48.6,563.3,low,34.0
Fusarium Wilt,2,0,-2.0,26.7,33.2,48.6,563.3,low,28.0
Bacterial Spot,0,0,0.0,26.7,33.2,48.6,563.3,moderate,46.0
Early Blight,0,0,0.0,34.1,83.7,12.8,318.4,moderate,46.0
Late Blight,1,0,-1.0,34.1,83.7,12.8,318.4,low,28.0
Fusarium Wilt,2,0,-2.0,34.1,83.7,12.8,318.4,moderate,44.0
Bacterial Spot,1,0,-1.0,34.1,83.7,12.8,318.4,low,16.0
Early Blight,1,0,-0.6,36.7,94.8,57.1,581.3,moderate,40.0
Late Blight,1,0,-1.0,36.7,94.8,57.1,581.3,low,28.0
Fusarium Wilt,1,0,-1.0,36.7,94.8,57.1,581.3,low,28.0
Bacterial Spot,1,0,-0.6,36.7,94.8,57.1,581.3,moderate,40.0
Early Blight,1,0,-0.6,17.1,30.9,61.8,1107.8,low,28.0
Late Blight,2,0,-1.6,17.1,30.9,61.8,1107.8,low,28.0
Fusarium Wilt,0,0,0.0,17.1,30.9,61.8,1107.8,low,34.0
Bacterial Spot,2,0,-1.6,17.1,30.9,61.8,1107.8,low,16.0
Early Blight,0,0,0.0,33.6,66.8,18.0,775.5,low,34.0
Late Blight,0,0,0.0,33.6,66.8,18.0,775.5,low,34.0
Fusarium Wilt,1,0,-1.0,33.6,66.8,18.0,775.5,moderate,44.0
Bacterial Spot,1,0,-1.0,33.6,66.8,18.0,775.5,low,16.0
Early Blight,1,0,-0.6,32.5,59.2,53.9,423.6,low,28.0
Late Blight,0,0,0.0,32.5,59.2,53.9,423.6,low,34.0
Fusarium Wilt,1,0,-1.0,32.5,59.2,53.9,423.6,moderate,44.0
Bacterial Spot,0,0,0.0,32.5,59.2,53.9,423.6,low,34.0
Early Blight,0,0,0.0,27.1,66.7,54.6,672.0,moderate,46.0
Late Blight,1,0,-1.0,27.1,66.7,54.6,672.0,low,16.0
Fusarium Wilt,0,0,0.0,27.1,66.7,54.6,672.0,moderate,62.0
Bacterial Spot,1,0,-0.6,27.1,66.7,54.6,672.0,moderate,40.0
Early Blight,0,0,0.0,15.7,84.6,44.3,499.3,moderate,46.0
Late Blight,0,0,0.0,15.7,84.6,44.3,499.3,moderate,62.0
Fusarium Wilt,1,0,-1.0,15.7,84.6,44.3,499.3,low,28.0
Bacterial Spot,1,0,-1.0,15.7,84.6,44.3,499.3,low,16.0
Early Blight,0,0,0.0,18.1,89.9,71.1,494.4,moderate,46.0
Late Blight,0,0,0.0,18.1,89.9,71.1,494.4,moderate,62.0
Fusarium Wilt,1,0,-1.0,18.1,89.9,71.1,494.4,low,28.0
Bacterial Spot,1,0,-1.0,18.1,89.9,71.1,494.4,low,28.0
Early Blight,1,0,-0.6,27.7,30.4,85.5,1087.1,moderate,40.0
Late Blight,2,0,-1.6,27.7,30.4,85.5,1087.1,low,16.0
Fusarium Wilt,2,0,-2.0,27.7,30.4,85.5,1087.1,low,28.0
Bacterial Spot,1,0,-1.0,27.7,30.4,85.5,1087.1,low,28.0
Early Blight,1,0,-0.6,25.6,61.1,66.5,838.1,moderate,40.0
Late Blight,1,0,-1.0,25.6,61.1,66.5,838.1,low,16.0
Fusarium Wilt,1,0,-1.0,25.6,61.1,66.5,838.1,moderate,44.0
Bacterial Spot,0,0,0.0,25.6,61.1,66.5,838.1,moderate,46.0
Early Blight,0,0,0.0,27.7,49.1,58.7,751.4,moderate,46.0
Late Blight,2,0,-1.6,27.7,49.1,58.7,751.4,low,16.0
Fusarium Wilt,1,0,-1.0,27.7,49.1,58.7,751.4,moderate,44.0
Bacterial Spot,1,0,-1.0,27.7,49.1,58.7,751.4,low,28.0
Early Blight,1,0,-0.6,25.3,85.2,80.5,1104.8,moderate,56.0
Late Blight,1,0,-0.6,25.3,85.2,80.5,1104.8,moderate,40.0
Fusarium Wilt,1,0,-1.0,25.3,85.2,80.5,1104.8,moderate,44.0
Bacterial Spot,2,0,-1.6,25.3,85.2,80.5,1104.8,moderate,44.0
Early Blight,1,0,-0.6,26.2,86.8,35.5,957.5,moderate,56.0
Late Blight,1,0,-0.6,26.2,86.8,35.5,957.5,moderate,40.0
Fusarium Wilt,1,0,-1.0,26.2,86.8,35.5,957.5,moderate,44.0
Bacterial Spot,0,0,0.0,26.2,86.8,35.5,957.5,moderate,62.0
Early Blight,0,0,0.0,15.4,79.9,15.1,539.2,moderate,46.0
Late Blight,1,0,-0.6,15.4,79.9,15.1,539.2,moderate,56.0
Fusarium Wilt,1,0,-1.0,15.4,79.9,15.1,539.2,low,28.0
Bacterial Spot,2,0,-1.6,15.4,79.9,15.1,539.2,low,16.0
Early Blight,0,0,0.0,34.5,62.0,24.2,279.3,low,34.0
Late Blight,1,0,-1.0,34.5,62.0,24.2,279.3,low,16.0
Fusarium Wilt,1,0,-1.0,34.5,62.0,24.2,279.3,moderate,44.0
Bacterial Spot,1,0,-1.0,34.5,62.0,24.2,279.3,low,16.0
Early Blight,0,0,0.0,36.7,85.5,24.6,857.7,moderate,46.0
Late Blight,2,0,-1.6,36.7,85.5,24.6,857.7,low,28.0
Fusarium Wilt,2,0,-2.0,36.7,85.5,24.6,857.7,low,28.0
Bacterial Spot,0,0,0.0,36.7,85.5,24.6,857.7,moderate,46.0
Early Blight,1,0,-0.6,33.3,55.4,48.5,164.8,low,28.0
Late Blight,0,0,0.0,33.3,55.4,48.5,164.8,low,34.0
Fusarium Wilt,1,0,-1.0,33.3,55.4,48.5,164.8,moderate,44.0
Bacterial Spot,0,0,0.0,33.3,55.4,48.5,164.8,low,34.0
Early Blight,0,0,0.0,29.0,87.4,80.9,220.1,moderate,62.0
Late Blight,2,0,-1.6,29.0,87.4,80.9,220.1,low,28.0
Fusarium Wilt,1,0,-1.0,29.0,87.4,80.9,220.1,moderate,44.0
Bacterial Spot,1,0,-0.6,29.0,87.4,80.9,220.1,moderate,56.0
Early Blight,1,0,-0.6,33.8,84.0,14.3,726.5,moderate,40.0
Late Blight,2,0,-1.6,33.8,84.0,14.3,726.5,low,28.0
Fusarium Wilt,2,0,-2.0,33.8,84.0,14.3,726.5,moderate,44.0
Bacterial Spot,1,0,-1.0,33.8,84.0,14.3,726.5,low,16.0
Early Blight,0,0,0.0,20.9,77.6,89.0,195.3,moderate,62.0
Late Blight,0,0,0.0,20.9,77.6,89.0,195.3,moderate,62.0
Fusarium Wilt,2,0,-2.0,20.9,77.6,89.0,195.3,low,28.0
Bacterial Spot,1,0,-0.6,20.9,77.6,89.0,195.3,low,28.0
Early Blight,0,0,0.0,28.1,61.8,57.4,730.4,moderate,46.0
Late Blight,2,0,-1.6,28.1,61.8,57.4,730.4,low,16.0
Fusarium Wilt,1,0,-1.0,28.1,61.8,57.4,730.4,moderate,44.0
Bacterial Spot,1,0,-0.6,28.1,61.8,57.4,730.4,moderate,40.0
Early Blight,1,0,-0.6,31.9,95.2,73.4,666.1,moderate,40.0
Late Blight,1,0,-1.0,31.9,95.2,73.4,666.1,low,28.0
Fusarium Wilt,1,0,-1.0,31.9,95.2,73.4,666.1,moderate,44.0
Bacterial Spot,0,0,0.0,31.9,95.2,73.4,666.1,moderate,46.0
Early Blight,0,0,0.0,16.6,47.5,13.6,487.0,low,34.0
Late Blight,1,0,-0.6,16.6,47.5,13.6,487.0,moderate,40.0
Fusarium Wilt,2,0,-2.0,16.6,47.5,13.6,487.0,low,28.0
Bacterial Spot,1,0,-1.0,16.6,47.5,13.6,487.0,low,16.0
Early Blight,0,0,0.0,33.0,79.5,45.0,676.4,moderate,46.0
Late Blight,1,0,-1.0,33.0,79.5,45.0,676.4,low,28.0
Fusarium Wilt,1,0,-1.0,33.0,79.5,45.0,676.4,moderate,44.0
Bacterial Spot,2,0,-1.6,33.0,79.5,45.0,676.4,low,16.0
Early Blight,0,0,0.0,27.6,32.6,44.3,313.1,moderate,46.0
Late Blight,0,0,0.0,27.6,32.6,44.3,313.1,low,34.0
Fusarium Wilt,0,0,0.0,27.6,32.6,44.3,313.1,moderate,46.0
Bacterial Spot,0,0,0.0,27.6,32.6,44.3,313.1,moderate,46.0
Early Blight,0,0,0.0,37.3,51.6,28.2,1113.3,low,34.0
Late Blight,0,0,0.0,37.3,51.6,28.2,1113.3,low,34.0
Fusarium Wilt,2,0,-2.0,37.3,51.6,28.2,1113.3,low,28.0
Bacterial Spot,2,0,-1.6,37.3,51.6,28.2,1113.3,low,16.0
Early Blight,1,0,-0.6,25.2,60.2,32.1,155.1,moderate,40.0
Late Blight,1,0,-0.6,25.2,60.2,32.1,155.1,low,28.0
Fusarium Wilt,2,0,-2.0,25.2,60.2,32.1,155.1,moderate,44.0
Bacterial Spot,2,0,-1.6,25.2,60.2,32.1,155.1,low,28.0
Early Blight,0,0,0.0,34.0,70.4,53.3,466.6,moderate,46.0
Late Blight,2,0,-1.6,34.0,70.4,53.3,466.6,low,16.0
Fusarium Wilt,0,0,0.0,34.0,70.4,53.3,466.6,moderate,62.0
Bacterial Spot,0,0,0.0,34.0,70.4,53.3,466.6,low,34.0
Early Blight,0,0,0.0,35.5,36.8,16.7,210.1,low,34.0
Late Blight,1,0,-0.6,35.5,36.8,16.7,210.1,low,28.0
Fusarium Wilt,1,0,-1.0,35.5,36.8,16.7,210.1,low,16.0
Bacterial Spot,2,0,-1.6,35.5,36.8,16.7,210.1,low,16.0
Early Blight,1,0,-0.6,36.7,76.4,14.3,873.0,moderate,40.0
Late Blight,1,0,-1.0,36.7,76.4,14.3,873.0,low,28.0
Fusarium Wilt,2,0,-2.0,36.7,76.4,14.3,873.0,low,28.0
Bacterial Spot,0,0,0.0,36.7,76.4,14.3,873.0,low,34.0
Early Blight,1,0,-0.6,31.1,35.7,24.2,100.7,low,28.0
Late Blight,2,0,-1.6,31.1,35.7,24.2,100.7,low,16.0
Fusarium Wilt,1,0,-1.0,31.1,35.7,24.2,100.7,low,28.0
Bacterial Spot,0,0,0.0,31.1,35.7,24.2,100.7,low,34.0
Early Blight,0,0,0.0,16.4,40.7,43.4,993.7,low,34.0
Late Blight,2,0,-1.6,16.4,40.7,43.4,993.7,low,28.0
Fusarium Wilt,1,0,-1.0,16.4,40.7,43.4,993.7,low,28.0
Bacterial Spot,1,0,-1.0,16.4,40.7,43.4,993.7,low,16.0
Early Blight,0,0,0.0,37.2,74.5,64.9,385.6,moderate,46.0
Late Blight,1,0,-0.6,37.2,74.5,64.9,385.6,low,28.0
Fusarium Wilt,1,0,-1.0,37.2,74.5,64.9,385.6,low,28.0
Bacterial Spot,1,0,-1.0,37.2,74.5,64.9,385.6,low,16.0
Early Blight,0,0,0.0,31.2,87.4,47.1,705.8,moderate,46.0
Late Blight,0,0,0.0,31.2,87.4,47.1,705.8,moderate,46.0
Fusarium Wilt,2,0,-2.0,31.2,87.4,47.1,705.8,moderate,44.0
Bacterial Spot,1,0,-1.0,31.2,87.4,47.1,705.8,low,28.0
Early Blight,0,0,0.0,16.5,30.7,41.4,1153.1,low,34.0
Late Blight,0,0,0.0,16.5,30.7,41.4,1153.1,moderate,46.0
Fusarium Wilt,1,0,-1.0,16.5,30.7,41.4,1153.1,low,16.0
Bacterial Spot,1,0,-0.6,16.5,30.7,41.4,1153.1,low,28.0
Early Blight,0,0,0.0,23.0,93.8,80.3,571.2,moderate,62.0
Late Blight,0,0,0.0,23.0,93.8,80.3,571.2,moderate,62.0
Fusarium Wilt,1,0,-1.0,23.0,93.8,80.3,571.2,low,28.0
Bacterial Spot,0,0,0.0,23.0,93.8,80.3,571.2,moderate,46.0
Early Blight,0,0,0.0,37.0,97.4,36.9,776.9,moderate,46.0
Late Blight,1,0,-0.6,37.0,97.4,36.9,776.9,moderate,40.0
Fusarium Wilt,1,0,-1.0,37.0,97.4,36.9,776.9,low,28.0
Bacterial Spot,1,0,-1.0,37.0,97.4,36.9,776.9,low,28.0
Early Blight,0,0,0.0,18.4,54.6,15.7,165.3,low,34.0
Late Blight,0,0,0.0,18.4,54.6,15.7,165.3,moderate,46.0
Fusarium Wilt,1,0,-1.0,18.4,54.6,15.7,165.3,low,28.0
Bacterial Spot,1,0,-1.0,18.4,54.6,15.7,165.3,low,16.0
Early Blight,1,0,-0.6,34.0,34.0,53.7,888.8,low,28.0
Late Blight,1,0,-1.0,34.0,34.0,53.7,888.8,low,16.0
Fusarium Wilt,2,0,-2.0,34.0,34.0,53.7,888.8,low,28.0
Bacterial Spot,1,0,-1.0,34.0,34.0,53.7,888.8,low,16.0
Early Blight,1,0,-0.6,31.5,95.0,63.0,727.3,moderate,40.0
Late Blight,0,0,0.0,31.5,95.0,63.0,727.3,moderate,46.0
Fusarium Wilt,2,0,-2.0,31.5,95.0,63.0,727.3,moderate,44.0
Bacterial Spot,2,0,-1.6,31.5,95.0,63.0,727.3,low,28.0
Early Blight,1,0,-0.6,23.7,87.7,22.6,460.9,moderate,56.0
Late Blight,0,0,0.0,23.7,87.7,22.6,460.9,moderate,62.0
Fusarium Wilt,2,0,-2.0,23.7,87.7,22.6,460.9,low,28.0
Bacterial Spot,2,0,-1.6,23.7,87.7,22.6,460.9,low,28.0
Early Blight,1,0,-0.6,35.7,42.5,18.5,691.0,low,28.0
Late Blight,2,0,-1.6,35.7,42.5,18.5,691.0,low,16.0
Fusarium Wilt,0,0,0.0,35.7,42.5,18.5,691.0,moderate,46.0
Bacterial Spot,1,0,-1.0,35.7,42.5,18.5,691.0,low,16.0
Early Blight,1,0,-0.6,22.1,88.2,15.6,911.0,moderate,56.0
Late Blight,1,0,-1.0,22.1,88.2,15.6,911.0,moderate,44.0
Fusarium Wilt,1,0,-1.0,22.1,88.2,15.6,911.0,low,28.0
Bacterial Spot,2,0,-1.6,22.1,88.2,15.6,911.0,low,28.0
Early Blight,1,0,-0.6,32.6,66.8,83.1,661.5,low,28.0
Late Blight,1,0,-1.0,32.6,66.8,83.1,661.5,low,16.0
Fusarium Wilt,2,0,-2.0,32.6,66.8,83.1,661.5,moderate,44.0
Bacterial Spot,2,0,-1.6,32.6,66.8,83.1,661.5,low,16.0
Early Blight,0,0,0.0,36.3,49.1,64.3,1153.5,low,34.0
Late Blight,1,0,-1.0,36.3,49.1,64.3,1153.5,low,16.0
Fusarium Wilt,0,0,0.0,36.3,49.1,64.3,1153.5,moderate,46.0
Bacterial Spot,1,0,-0.6,36.3,49.1,64.3,1153.5,low,28.0
Early Blight,0,0,0.0,34.7,88.5,17.0,752.8,moderate,46.0
Late Blight,2,0,-1.6,34.7,88.5,17.0,752.8,low,28.0
Fusarium Wilt,1,0,-1.0,34.7,88.5,17.0,752.8,moderate,44.0
Bacterial Spot,1,0,-1.0,34.7,88.5,17.0,752.8,low,28.0
Early Blight,1,0,-0.6,35.3,84.2,80.8,255.6,moderate,40.0
Late Blight,1,0,-0.6,35.3,84.2,80.8,255.6,moderate,40.0
Fusarium Wilt,2,0,-2.0,35.3,84.2,80.8,255.6,low,28.0
Bacterial Spot,1,0,-1.0,35.3,84.2,80.8,255.6,low,16.0
Early Blight,1,0,-0.6,15.0,60.3,17.3,478.7,low,28.0
Late Blight,0,0,0.0,15.0,60.3,17.3,478.7,moderate,46.0
Fusarium Wilt,2,0,-2.0,15.0,60.3,17.3,478.7,low,28.0
Bacterial Spot,1,0,-0.6,15.0,60.3,17.3,478.7,low,28.0
Early Blight,0,0,0.0,33.3,79.3,23.7,487.8,moderate,46.0
Late Blight,0,0,0.0,33.3,79.3,23.7,487.8,moderate,46.0
Fusarium Wilt,0,0,0.0,33.3,79.3,23.7,487.8,moderate,62.0
Bacterial Spot,0,0,0.0,33.3,79.3,23.7,487.8,low,34.0
Early Blight,1,0,-0.6,25.0,82.6,50.3,332.6,moderate,56.0
Late Blight,1,0,-0.6,25.0,82.6,50.3,332.6,moderate,40.0
Fusarium Wilt,1,0,-1.0,25.0,82.6,50.3,332.6,moderate,44.0
Bacterial Spot,0,0,0.0,25.0,82.6,50.3,332.6,moderate,46.0
Early Blight,1,0,-0.6,25.8,77.9,17.5,711.6,moderate,56.0
Late Blight,1,0,-1.0,25.8,77.9,17.5,711.6,low,28.0
Fusarium Wilt,2,0,-2.0,25.8,77.9,17.5,711.6,moderate,44.0
Bacterial Spot,0,0,0.0,25.8,77.9,17.5,711.6,moderate,46.0
Early Blight,0,0,0.0,28.9,44.7,53.8,513.0,moderate,46.0
Late Blight,0,0,0.0,28.9,44.7,53.8,513.0,low,34.0
Fusarium Wilt,0,0,0.0,28.9,44.7,53.8,513.0,moderate,62.0
Bacterial Spot,1,0,-1.0,28.9,44.7,53.8,513.0,low,28.0
Early Blight,1,0,-0.6,22.2,33.6,17.7,665.3,moderate,40.0
Late Blight,1,0,-0.6,22.2,33.6,17.7,665.3,moderate,40.0
Fusarium Wilt,1,0,-1.0,22.2,33.6,17.7,665.3,low,16.0
Bacterial Spot,0,0,0.0,22.2,33.6,17.7,665.3,low,34.0
Early Blight,1,0,-0.6,29.4,87.0,28.3,828.7,moderate,56.0
Late Blight,2,0,-1.6,29.4,87.0,28.3,828.7,low,28.0
Fusarium Wilt,2,0,-2.0,29.4,87.0,28.3,828.7,moderate,44.0
Bacterial Spot,2,0,-1.6,29.4,87.0,28.3,828.7,moderate,44.0
Early Blight,0,0,0.0,32.2,65.7,18.8,563.6,low,34.0
Late Blight,1,0,-1.0,32.2,65.7,18.8,563.6,low,16.0
Fusarium Wilt,2,0,-2.0,32.2,65.7,18.8,563.6,moderate,44.0
Bacterial Spot,1,0,-1.0,32.2,65.7,18.8,563.6,low,16.0
Early Blight,0,0,0.0,15.3,32.5,26.6,155.8,low,34.0
Late Blight,1,0,-0.6,15.3,32.5,26.6,155.8,moderate,40.0
Fusarium Wilt,1,0,-1.0,15.3,32.5,26.6,155.8,low,16.0
Bacterial Spot,1,0,-1.0,15.3,32.5,26.6,155.8,low,16.0
Early Blight,1,0,-0.6,17.9,89.6,29.5,889.6,moderate,40.0
Late Blight,1,0,-0.6,17.9,89.6,29.5,889.6,moderate,56.0
Fusarium Wilt,2,0,-2.0,17.9,89.6,29.5,889.6,low,28.0
Bacterial Spot,2,0,-1.6,17.9,89.6,29.5,889.6,low,28.0
Early Blight,0,0,0.0,19.5,76.4,76.0,478.9,moderate,46.0
Late Blight,1,0,-1.0,19.5,76.4,76.0,478.9,moderate,44.0
Fusarium Wilt,2,0,-2.0,19.5,76.4,76.0,478.9,low,28.0
Bacterial Spot,1,0,-0.6,19.5,76.4,76.0,478.9,low,28.0
Early Blight,1,0,-0.6,27.4,39.0,15.7,125.2,moderate,40.0
Late Blight,1,0,-0.6,27.4,39.0,15.7,125.2,low,28.0
Fusarium Wilt,0,0,0.0,27.4,39.0,15.7,125.2,moderate,46.0
Bacterial Spot,1,0,-0.6,27.4,39.0,15.7,125.2,moderate,40.0
Early Blight,0,0,0.0,23.7,71.4,78.8,275.0,moderate,62.0
Late Blight,1,0,-0.6,23.7,71.4,78.8,275.0,moderate,40.0
Fusarium Wilt,1,0,-1.0,23.7,71.4,78.8,275.0,low,28.0
Bacterial Spot,0,0,0.0,23.7,71.4,78.8,275.0,low,34.0
Early Blight,0,0,0.0,33.9,34.5,41.0,278.4,low,34.0
Late Blight,1,0,-0.6,33.9,34.5,41.0,278.4,low,28.0
Fusarium Wilt,2,0,-2.0,33.9,34.5,41.0,278.4,low,28.0
Bacterial Spot,1,0,-0.6,33.9,34.5,41.0,278.4,low,28.0
Early Blight,0,0,0.0,27.8,55.1,77.3,1025.6,moderate,46.0
Late Blight,1,0,-1.0,27.8,55.1,77.3,1025.6,low,16.0
Fusarium Wilt,1,0,-1.0,27.8,55.1,77.3,1025.6,moderate,44.0
Bacterial Spot,0,0,0.0,27.8,55.1,77.3,1025.6,moderate,46.0
Early Blight,1,0,-0.6,16.9,64.8,41.5,497.8,low,28.0
Late Blight,1,0,-1.0,16.9,64.8,41.5,497.8,low,28.0
Fusarium Wilt,1,0,-1.0,16.9,64.8,41.5,497.8,low,28.0
Bacterial Spot,2,0,-1.6,16.9,64.8,41.5,497.8,low,16.0
Early Blight,1,0,-0.6,37.5,76.6,58.4,307.4,moderate,40.0
Late Blight,2,0,-1.6,37.5,76.6,58.4,307.4,low,28.0
Fusarium Wilt,1,0,-1.0,37.5,76.6,58.4,307.4,low,28.0
Bacterial Spot,2,0,-1.6,37.5,76.6,58.4,307.4,low,16.0
Early Blight,1,0,-0.6,18.9,39.2,80.6,229.2,low,28.0
Late Blight,2,0,-1.6,18.9,39.2,80.6,229.2,low,28.0
Fusarium Wilt,2,0,-2.0,18.9,39.2,80.6,229.2,low,16.0
Bacterial Spot,1,0,-0.6,18.9,39.2,80.6,229.2,low,28.0
Early Blight,0,0,0.0,30.1,77.3,31.3,266.4,moderate,46.0
Late Blight,0,0,0.0,30.1,77.3,31.3,266.4,moderate,46.0
Fusarium Wilt,0,0,0.0,30.1,77.3,31.3,266.4,moderate,62.0
Bacterial Spot,1,0,-1.0,30.1,77.3,31.3,266.4,low,16.0
Early Blight,1,0,-0.6,36.9,72.0,69.2,1123.3,moderate,40.0
Late Blight,2,0,-1.6,36.9,72.0,69.2,1123.3,low,16.0
Fusarium Wilt,1,0,-1.0,36.9,72.0,69.2,1123.3,low,28.0
Bacterial Spot,0,0,0.0,36.9,72.0,69.2,1123.3,low,34.0
Early Blight,1,0,-0.6,21.1,43.7,37.1,363.4,moderate,40.0
Late Blight,0,0,0.0,21.1,43.7,37.1,363.4,moderate,46.0
Fusarium Wilt,0,0,0.0,21.1,43.7,37.1,363.4,moderate,46.0
Bacterial Spot,2,0,-1.6,21.1,43.7,37.1,363.4,low,16.0
Early Blight,1,0,-0.6,16.3,66.2,28.0,386.8,low,28.0
Late Blight,0,0,0.0,16.3,66.2,28.0,386.8,moderate,46.0
Fusarium Wilt,2,0,-2.0,16.3,66.2,28.0,386.8,low,28.0
Bacterial Spot,0,0,0.0,16.3,66.2,28.0,386.8,low,34.0
Early Blight,1,0,-0.6,27.2,57.6,39.9,890.6,moderate,40.0
Late Blight,1,0,-1.0,27.2,57.6,39.9,890.6,low,16.0
Fusarium Wilt,0,0,0.0,27.2,57.6,39.9,890.6,moderate,62.0
Bacterial Spot,2,0,-1.6,27.2,57.6,39.9,890.6,low,28.0
Early Blight,1,0,-0.6,25.4,69.9,81.6,977.2,moderate,40.0
Late Blight,0,0,0.0,25.4,69.9,81.6,977.2,low,34.0
Fusarium Wilt,0,0,0.0,25.4,69.9,81.6,977.2,moderate,62.0
Bacterial Spot,2,0,-1.6,25.4,69.9,81.6,977.2,low,28.0
Early Blight,0,0,0.0,23.5,62.1,78.6,532.3,moderate,46.0
Late Blight,0,0,0.0,23.5,62.1,78.6,532.3,moderate,46.0
Fusarium Wilt,1,0,-1.0,23.5,62.1,78.6,532.3,low,28.0
Bacterial Spot,2,0,-1.6,23.5,62.1,78.6,532.3,low,16.0
Early Blight,0,0,0.0,16.8,53.3,39.6,689.0,low,34.0
Late Blight,0,0,0.0,16.8,53.3,39.6,689.0,moderate,46.0
Fusarium Wilt,0,0,0.0,16.8,53.3,39.6,689.0,moderate,46.0
Bacterial Spot,2,0,-1.6,16.8,53.3,39.6,689.0,low,16.0
Early Blight,0,0,0.0,22.9,81.7,57.7,455.4,moderate,62.0
Late Blight,1,0,-0.6,22.9,81.7,57.7,455.4,moderate,56.0
Fusarium Wilt,1,0,-1.0,22.9,81.7,57.7,455.4,low,28.0
Bacterial Spot,1,0,-0.6,22.9,81.7,57.7,455.4,low,28.0
Early Blight,0,0,0.0,25.4,96.7,20.9,504.7,moderate,62.0
Late Blight,1,0,-0.6,25.4,96.7,20.9,504.7,moderate,40.0
Fusarium Wilt,1,0,-1.0,25.4,96.7,20.9,504.7,moderate,44.0
Bacterial Spot,1,0,-1.0,25.4,96.7,20.9,504.7,moderate,44.0
Early Blight,0,0,0.0,36.9,74.2,56.7,372.6,moderate,46.0
Late Blight,0,0,0.0,36.9,74.2,56.7,372.6,low,34.0
Fusarium Wilt,2,0,-2.0,36.9,74.2,56.7,372.6,low,28.0
Bacterial Spot,1,0,-1.0,36.9,74.2,56.7,372.6,low,16.0
Early Blight,1,0,-0.6,16.3,68.5,27.6,947.4,low,28.0
Late Blight,0,0,0.0,16.3,68.5,27.6,947.4,moderate,46.0
Fusarium Wilt,1,0,-1.0,16.3,68.5,27.6,947.4,low,28.0
Bacterial Spot,1,0,-0.6,16.3,68.5,27.6,947.4,low,28.0
Early Blight,1,0,-0.6,36.6,85.9,83.6,256.3,moderate,40.0
Late Blight,1,0,-1.0,36.6,85.9,83.6,256.3,low,28.0
Fusarium Wilt,1,0,-1.0,36.6,85.9,83.6,256.3,low,28.0
Bacterial Spot,2,0,-1.6,36.6,85.9,83.6,256.3,low,28.0
Early Blight,1,0,-0.6,23.3,95.9,32.3,1085.9,moderate,56.0
Late Blight,0,0,0.0,23.3,95.9,32.3,1085.9,moderate,62.0
Fusarium Wilt,1,0,-1.0,23.3,95.9,32.3,1085.9,low,28.0
Bacterial Spot,0,0,0.0,23.3,95.9,32.3,1085.9,moderate,46.0
Early Blight,0,0,0.0,16.1,63.8,61.4,280.0,low,34.0
Late Blight,1,0,-0.6,16.1,63.8,61.4,280.0,moderate,40.0
Fusarium Wilt,0,0,0.0,16.1,63.8,61.4,280.0,moderate,46.0
Bacterial Spot,0,0,0.0,16.1,63.8,61.4,280.0,low,34.0
Early Blight,1,0,-0.6,20.1,60.2,46.2,735.0,moderate,40.0
Late Blight,2,0,-1.6,20.1,60.2,46.2,735.0,low,28.0
Fusarium Wilt,2,0,-2.0,20.1,60.2,46.2,735.0,low,28.0
Bacterial Spot,0,0,0.0,20.1,60.2,46.2,735.0,low,34.0
Early Blight,0,0,0.0,16.1,81.9,66.0,996.8,moderate,46.0
Late Blight,1,0,-0.6,16.1,81.9,66.0,996.8,moderate,56.0
Fusarium Wilt,1,0,-1.0,16.1,81.9,66.0,996.8,low,28.0
Bacterial Spot,0,0,0.0,16.1,81.9,66.0,996.8,low,34.0
Early Blight,1,0,-0.6,16.0,31.7,22.2,1042.0,low,28.0
Late Blight,2,0,-1.6,16.0,31.7,22.2,1042.0,low,28.0
Fusarium Wilt,1,0,-1.0,16.0,31.7,22.2,1042.0,low,16.0
Bacterial Spot,1,0,-0.6,16.0,31.7,22.2,1042.0,low,28.0
Early Blight,1,0,-0.6,15.6,50.5,87.4,861.5,low,28.0
Late Blight,0,0,0.0,15.6,50.5,87.4,861.5,moderate,46.0
Fusarium Wilt,0,0,0.0,15.6,50.5,87.4,861.5,moderate,46.0
Bacterial Spot,1,0,-1.0,15.6,50.5,87.4,861.5,low,16.0
Early Blight,1,0,-0.6,35.9,43.5,25.8,784.7,low,28.0
Late Blight,1,0,-1.0,35.9,43.5,25.8,784.7,low,16.0
Fusarium Wilt,1,0,-1.0,35.9,43.5,25.8,784.7,low,28.0
Bacterial Spot,1,0,-0.6,35.9,43.5,25.8,784.7,low,28.0
Early Blight,0,0,0.0,31.7,88.2,72.7,478.4,moderate,46.0
Late Blight,1,0,-0.6,31.7,88.2,72.7,478.4,moderate,40.0
Fusarium Wilt,0,0,0.0,31.7,88.2,72.7,478.4,moderate,62.0
Bacterial Spot,2,0,-1.6,31.7,88.2,72.7,478.4,low,28.0
Early Blight,0,0,0.0,18.9,73.5,71.7,587.0,moderate,46.0
Late Blight,1,0,-1.0,18.9,73.5,71.7,587.0,low,28.0
Fusarium Wilt,1,0,-1.0,18.9,73.5,71.7,587.0,low,28.0
Bacterial Spot,2,0,-1.6,18.9,73.5,71.7,587.0,low,16.0
Early Blight,1,0,-0.6,31.0,90.8,76.5,960.0,moderate,40.0
Late Blight,2,0,-1.6,31.0,90.8,76.5,960.0,low,28.0
Fusarium Wilt,0,0,0.0,31.0,90.8,76.5,960.0,moderate,62.0
Bacterial Spot,2,0,-1.6,31.0,90.8,76.5,960.0,low,28.0
Early Blight,0,0,0.0,16.1,96.4,13.6,306.2,moderate,46.0
Late Blight,1,0,-0.6,16.1,96.4,13.6,306.2,moderate,56.0
Fusarium Wilt,1,0,-1.0,16.1,96.4,13.6,306.2,low,28.0
Bacterial Spot,1,0,-0.6,16.1,96.4,13.6,306.2,moderate,40.0
Early Blight,0,0,0.0,17.3,63.4,22.5,209.8,low,34.0
Late Blight,0,0,0.0,17.3,63.4,22.5,209.8,moderate,46.0
Fusarium Wilt,1,0,-1.0,17.3,63.4,22.5,209.8,low,28.0
Bacterial Spot,0,0,0.0,17.3,63.4,22.5,209.8,low,34.0
Early Blight,0,0,0.0,19.2,36.1,78.7,832.8,low,34.0
Late Blight,1,0,-1.0,19.2,36.1,78.7,832.8,low,28.0
Fusarium Wilt,1,0,-1.0,19.2,36.1,78.7,832.8,low,16.0
Bacterial Spot,1,0,-0.6,19.2,36.1,78.7,832.8,low,28.0
Early Blight,0,0,0.0,22.5,81.3,20.5,330.8,moderate,62.0
Late Blight,1,0,-1.0,22.5,81.3,20.5,330.8,moderate,44.0
Fusarium Wilt,1,0,-1.0,22.5,81.3,20.5,330.8,low,28.0
Bacterial Spot,0,0,0.0,22.5,81.3,20.5,330.8,low,34.0
Early Blight,1,0,-0.6,29.6,81.3,33.4,1196.9,moderate,56.0
Late Blight,0,0,0.0,29.6,81.3,33.4,1196.9,moderate,46.0
Fusarium Wilt,0,0,0.0,29.6,81.3,33.4,1196.9,moderate,62.0
Bacterial Spot,0,0,0.0,29.6,81.3,33.4,1196.9,moderate,46.0
Early Blight,1,0,-0.6,34.8,42.1,86.7,545.5,low,28.0
Late Blight,0,0,0.0,34.8,42.1,86.7,545.5,low,34.0
Fusarium Wilt,1,0,-1.0,34.8,42.1,86.7,545.5,moderate,44.0
Bacterial Spot,0,0,0.0,34.8,42.1,86.7,545.5,low,34.0
Early Blight,0,0,0.0,20.6,91.0,73.2,626.7,moderate,62.0
Late Blight,1,0,-1.0,20.6,91.0,73.2,626.7,moderate,44.0
Fusarium Wilt,1,0,-1.0,20.6,91.0,73.2,626.7,low,28.0
Bacterial Spot,1,0,-0.6,20.6,91.0,73.2,626.7,moderate,40.0
Early Blight,0,0,0.0,17.4,46.1,48.8,446.8,low,34.0
Late Blight,0,0,0.0,17.4,46.1,48.8,446.8,moderate,46.0
Fusarium Wilt,1,0,-1.0,17.4,46.1,48.8,446.8,low,28.0
Bacterial Spot,1,0,-1.0,17.4,46.1,48.8,446.8,low,16.0
Early Blight,0,0,0.0,20.1,56.2,42.1,163.1,moderate,46.0
Late Blight,1,0,-0.6,20.1,56.2,42.1,163.1,moderate,40.0
Fusarium Wilt,1,0,-1.0,20.1,56.2,42.1,163.1,low,28.0
Bacterial Spot,2,0,-1.6,20.1,56.2,42.1,163.1,low,16.0
Early Blight,0,0,0.0,31.8,83.8,13.6,450.3,moderate,46.0
Late Blight,0,0,0.0,31.8,83.8,13.6,450.3,moderate,46.0
Fusarium Wilt,1,0,-1.0,31.8,83.8,13.6,450.3,moderate,44.0
Bacterial Spot,1,0,-1.0,31.8,83.8,13.6,450.3,low,16.0
Early Blight,1,0,-0.6,16.7,68.5,83.5,476.4,low,28.0
Late Blight,1,0,-1.0,16.7,68.5,83.5,476.4,low,28.0
Fusarium Wilt,1,0,-1.0,16.7,68.5,83.5,476.4,low,28.0
Bacterial Spot,1,0,-0.6,16.7,68.5,83.5,476.4,low,28.0
Early Blight,1,0,-0.6,22.4,67.2,38.6,303.3,moderate,40.0
Late Blight,2,0,-1.6,22.4,67.2,38.6,303.3,low,28.0
Fusarium Wilt,2,0,-2.0,22.4,67.2,38.6,303.3,low,28.0
Bacterial Spot,2,0,-1.6,22.4,67.2,38.6,303.3,low,16.0
Early Blight,1,0,-0.6,29.3,74.3,17.7,901.9,moderate,56.0
Late Blight,1,0,-1.0,29.3,74.3,17.7,901.9,low,16.0
Fusarium Wilt,0,0,0.0,29.3,74.3,17.7,901.9,moderate,62.0
Bacterial Spot,1,0,-1.0,29.3,74.3,17.7,901.9,low,28.0
Early Blight,0,0,0.0,24.3,66.2,61.8,546.6,moderate,46.0
Late Blight,1,0,-0.6,24.3,66.2,61.8,546.6,low,28.0
Fusarium Wilt,2,0,-2.0,24.3,66.2,61.8,546.6,low,28.0
Bacterial Spot,2,0,-1.6,24.3,66.2,61.8,546.6,low,28.0
Early Blight,0,0,0.0,28.8,82.4,20.5,817.2,moderate,62.0
Late Blight,1,0,-1.0,28.8,82.4,20.5,817.2,low,28.0
Fusarium Wilt,0,0,0.0,28.8,82.4,20.5,817.2,moderate,62.0
Bacterial Spot,1,0,-0.6,28.8,82.4,20.5,817.2,moderate,40.0
Early Blight,0,0,0.0,27.5,54.0,77.3,1129.6,moderate,46.0
Late Blight,0,0,0.0,27.5,54.0,77.3,1129.6,low,34.0
Fusarium Wilt,1,0,-1.0,27.5,54.0,77.3,1129.6,moderate,44.0
Bacterial Spot,2,0,-1.6,27.5,54.0,77.3,1129.6,low,28.0
Early Blight,0,0,0.0,32.7,52.4,25.1,1149.2,low,34.0
Late Blight,0,0,0.0,32.7,52.4,25.1,1149.2,low,34.0
Fusarium Wilt,2,0,-2.0,32.7,52.4,25.1,1149.2,moderate,44.0
Bacterial Spot,2,0,-1.6,32.7,52.4,25.1,1149.2,low,16.0
Early Blight,1,0,-0.6,16.6,87.3,72.0,634.9,moderate,40.0
Late Blight,0,0,0.0,16.6,87.3,72.0,634.9,moderate,62.0
Fusarium Wilt,1,0,-1.0,16.6,87.3,72.0,634.9,low,28.0
Bacterial Spot,1,0,-1.0,16.6,87.3,72.0,634.9,low,28.0
Early Blight,1,0,-0.6,15.0,58.6,54.9,535.2,low,28.0
Late Blight,1,0,-0.6,15.0,58.6,54.9,535.2,moderate,40.0
Fusarium Wilt,1,0,-1.0,15.0,58.6,54.9,535.2,low,28.0
Bacterial Spot,0,0,0.0,15.0,58.6,54.9,535.2,low,34.0
Early Blight,1,0,-0.6,35.4,36.1,75.3,524.2,low,28.0
Late Blight,1,0,-0.6,35.4,36.1,75.3,524.2,low,28.0
Fusarium Wilt,1,0,-1.0,35.4,36.1,75.3,524.2,low,16.0
Bacterial Spot,2,0,-1.6,35.4,36.1,75.3,524.2,low,16.0
Early Blight,0,0,0.0,31.1,62.0,13.0,913.0,low,34.0
Late Blight,0,0,0.0,31.1,62.0,13.0,913.0,low,34.0
Fusarium Wilt,1,0,-1.0,31.1,62.0,13.0,913.0,moderate,44.0
Bacterial Spot,1,0,-1.0,31.1,62.0,13.0,913.0,low,16.0
Early Blight,1,0,-0.6,30.0,39.3,65.7,345.0,moderate,40.0
Late Blight,0,0,0.0,30.0,39.3,65.7,345.0,low,34.0
Fusarium Wilt,1,0,-1.0,30.0,39.3,65.7,345.0,low,28.0
Bacterial Spot,2,0,-1.6,30.0,39.3,65.7,345.0,low,28.0
Early Blight,0,0,0.0,18.7,58.1,26.5,429.7,low,34.0
Late Blight,0,0,0.0,18.7,58.1,26.5,429.7,moderate,46.0
Fusarium Wilt,0,0,0.0,18.7,58.1,26.5,429.7,moderate,46.0
Bacterial Spot,0,0,0.0,18.7,58.1,26.5,429.7,low,34.0
Early Blight,1,0,-0.6,22.7,56.8,83.8,555.3,moderate,40.0
Late Blight,2,0,-1.6,22.7,56.8,83.8,555.3,low,28.0
Fusarium Wilt,1,0,-1.0,22.7,56.8,83.8,555.3,low,28.0
Bacterial Spot,0,0,0.0,22.7,56.8,83.8,555.3,low,34.0
Early Blight,0,0,0.0,22.1,47.5,15.8,1086.4,moderate,46.0
Late Blight,1,0,-1.0,22.1,47.5,15.8,1086.4,low,28.0
Fusarium Wilt,0,0,0.0,22.1,47.5,15.8,1086.4,moderate,46.0
Bacterial Spot,1,0,-1.0,22.1,47.5,15.8,1086.4,low,16.0
Early Blight,0,0,0.0,34.7,48.8,46.1,349.1,low,34.0
Late Blight,1,0,-0.6,34.7,48.8,46.1,349.1,low,28.0
Fusarium Wilt,0,0,0.0,34.7,48.8,46.1,349.1,moderate,62.0
Bacterial Spot,0,0,0.0,34.7,48.8,46.1,349.1,low,34.0
Early Blight,0,0,0.0,18.4,33.2,36.3,562.1,low,34.0
Late Blight,1,0,-1.0,18.4,33.2,36.3,562.1,low,28.0
Fusarium Wilt,0,0,0.0,18.4,33.2,36.3,562.1,low,34.0
Bacterial Spot,0,0,0.0,18.4,33.2,36.3,562.1,low,34.0
Early Blight,1,0,-0.6,27.0,88.4,31.6,374.1,moderate,56.0
Late Blight,1,0,-1.0,27.0,88.4,31.6,374.1,low,28.0
Fusarium Wilt,1,0,-1.0,27.0,88.4,31.6,374.1,moderate,44.0
Bacterial Spot,1,0,-0.6,27.0,88.4,31.6,374.1,moderate,56.0
Early Blight,0,0,0.0,26.0,32.9,36.1,1089.2,moderate,46.0
Late Blight,1,0,-1.0,26.0,32.9,36.1,1089.2,low,16.0
Fusarium Wilt,1,0,-1.0,26.0,32.9,36.1,1089.2,low,28.0
Bacterial Spot,1,0,-1.0,26.0,32.9,36.1,1089.2,low,28.0
Early Blight,1,0,-0.6,34.8,38.5,29.6,147.2,low,28.0
Late Blight,2,0,-1.6,34.8,38.5,29.6,147.2,low,16.0
Fusarium Wilt,1,0,-1.0,34.8,38.5,29.6,147.2,low,28.0
Bacterial Spot,0,0,0.0,34.8,38.5,29.6,147.2,low,34.0
Early Blight,1,0,-0.6,33.9,39.6,69.0,491.3,low,28.0
Late Blight,1,0,-1.0,33.9,39.6,69.0,491.3,low,16.0
Fusarium Wilt,1,0,-1.0,33.9,39.6,69.0,491.3,low,28.0
Bacterial Spot,0,0,0.0,33.9,39.6,69.0,491.3,low,34.0
Early Blight,0,0,0.0,28.7,42.9,56.6,790.8,moderate,46.0
Late Blight,0,0,0.0,28.7,42.9,56.6,790.8,low,34.0
Fusarium Wilt,1,0,-1.0,28.7,42.9,56.6,790.8,moderate,44.0
Bacterial Spot,0,0,0.0,28.7,42.9,56.6,790.8,moderate,46.0
Early Blight,1,0,-0.6,36.7,47.8,38.8,428.2,low,28.0
Late Blight,2,0,-1.6,36.7,47.8,38.8,428.2,low,16.0
Fusarium Wilt,2,0,-2.0,36.7,47.8,38.8,428.2,low,28.0
Bacterial Spot,1,0,-0.6,36.7,47.8,38.8,428.2,low,28.0
Early Blight,1,0,-0.6,35.4,50.2,24.7,1011.7,low,28.0
Late Blight,1,0,-0.6,35.4,50.2,24.7,1011.7,low,28.0
Fusarium Wilt,1,0,-1.0,35.4,50.2,24.7,1011.7,low,28.0
Bacterial Spot,2,0,-1.6,35.4,50.2,24.7,1011.7,low,16.0
Early Blight,1,0,-0.6,24.4,74.6,11.5,355.2,moderate,56.0
Late Blight,0,0,0.0,24.4,74.6,11.5,355.2,low,34.0
Fusarium Wilt,0,0,0.0,24.4,74.6,11.5,355.2,moderate,46.0
Bacterial Spot,1,0,-1.0,24.4,74.6,11.5,355.2,low,28.0
Early Blight,0,0,0.0,34.1,32.2,73.3,1187.4,low,34.0
Late Blight,0,0,0.0,34.1,32.2,73.3,1187.4,low,34.0
Fusarium Wilt,1,0,-1.0,34.1,32.2,73.3,1187.4,low,28.0
Bacterial Spot,0,0,0.0,34.1,32.2,73.3,1187.4,low,34.0
Early Blight,1,0,-0.6,18.5,84.7,17.2,828.9,moderate,40.0
Late Blight,1,0,-0.6,18.5,84.7,17.2,828.9,moderate,56.0
Fusarium Wilt,1,0,-1.0,18.5,84.7,17.2,828.9,low,28.0
Bacterial Spot,1,0,-1.0,18.5,84.7,17.2,828.9,low,16.0
Early Blight,0,0,0.0,16.3,45.5,73.5,1018.2,low,34.0
Late Blight,1,0,-1.0,16.3,45.5,73.5,1018.2,low,28.0
Fusarium Wilt,1,0,-1.0,16.3,45.5,73.5,1018.2,low,28.0
Bacterial Spot,2,0,-1.6,16.3,45.5,73.5,1018.2,low,16.0
Early Blight,1,0,-0.6,32.3,79.6,70.3,934.7,moderate,40.0
Late Blight,1,0,-1.0,32.3,79.6,70.3,934.7,low,28.0
Fusarium Wilt,1,0,-1.0,32.3,79.6,70.3,934.7,moderate,44.0
Bacterial Spot,2,0,-1.6,32.3,79.6,70.3,934.7,low,16.0
Early Blight,1,0,-0.6,24.2,97.4,27.2,1065.6,moderate,56.0
Late Blight,2,0,-1.6,24.2,97.4,27.2,1065.6,low,28.0
Fusarium Wilt,2,0,-2.0,24.2,97.4,27.2,1065.6,low,28.0
Bacterial Spot,0,0,0.0,24.2,97.4,27.2,1065.6,moderate,62.0
Early Blight,0,0,0.0,24.8,61.0,84.6,111.8,moderate,46.0
Late Blight,2,0,-1.6,24.8,61.0,84.6,111.8,low,16.0
Fusarium Wilt,0,0,0.0,24.8,61.0,84.6,111.8,moderate,46.0
Bacterial Spot,1,0,-1.0,24.8,61.0,84.6,111.8,low,28.0
Early Blight,0,0,0.0,16.3,48.9,39.6,161.7,low,34.0
Late Blight,2,0,-1.6,16.3,48.9,39.6,161.7,low,28.0
Fusarium Wilt,0,0,0.0,16.3,48.9,39.6,161.7,moderate,46.0
Bacterial Spot,1,0,-0.6,16.3,48.9,39.6,161.7,low,28.0
Early Blight,1,0,-0.6,15.7,48.4,83.4,971.6,low,28.0
Late Blight,1,0,-0.6,15.7,48.4,83.4,971.6,moderate,40.0
Fusarium Wilt,0,0,0.0,15.7,48.4,83.4,971.6,moderate,46.0
Bacterial Spot,0,0,0.0,15.7,48.4,83.4,971.6,low,34.0
Early Blight,1,0,-0.6,36.1,31.1,46.3,279.3,low,28.0
Late Blight,1,0,-0.6,36.1,31.1,46.3,279.3,low,28.0
Fusarium Wilt,1,0,-1.0,36.1,31.1,46.3,279.3,low,16.0
Bacterial Spot,0,0,0.0,36.1,31.1,46.3,279.3,low,34.0
Early Blight,0,0,0.0,36.1,47.6,80.6,608.8,low,34.0
Late Blight,1,0,-1.0,36.1,47.6,80.6,608.8,low,16.0
Fusarium Wilt,0,0,0.0,36.1,47.6,80.6,608.8,moderate,46.0
Bacterial Spot,2,0,-1.6,36.1,47.6,80.6,608.8,low,16.0
Early Blight,0,0,0.0,17.4,83.5,58.1,1048.5,moderate,46.0
Late Blight,2,0,-1.6,17.4,83.5,58.1,1048.5,moderate,44.0
Fusarium Wilt,0,0,0.0,17.4,83.5,58.1,1048.5,moderate,46.0
Bacterial Spot,1,0,-0.6,17.4,83.5,58.1,1048.5,low,28.0
Early Blight,1,0,-0.6,30.6,72.8,37.2,1059.4,moderate,40.0
Late Blight,1,0,-1.0,30.6,72.8,37.2,1059.4,low,16.0
Fusarium Wilt,0,0,0.0,30.6,72.8,37.2,1059.4,moderate,62.0
Bacterial Spot,1,0,-0.6,30.6,72.8,37.2,1059.4,low,28.0
Early Blight,0,0,0.0,32.4,49.2,30.4,657.8,low,34.0
Late Blight,1,0,-0.6,32.4,49.2,30.4,657.8,low,28.0
Fusarium Wilt,1,0,-1.0,32.4,49.2,30.4,657.8,moderate,44.0
Bacterial Spot,1,0,-0.6,32.4,49.2,30.4,657.8,low,28.0
Early Blight,0,0,0.0,19.3,38.8,16.9,151.9,low,34.0
Late Blight,1,0,-0.6,19.3,38.8,16.9,151.9,moderate,40.0
Fusarium Wilt,0,0,0.0,19.3,38.8,16.9,151.9,low,34.0
Bacterial Spot,0,0,0.0,19.3,38.8,16.9,151.9,low,34.0
Early Blight,1,0,-0.6,32.1,33.4,83.3,1173.6,low,28.0
Late Blight,0,0,0.0,32.1,33.4,83.3,1173.6,low,34.0
Fusarium Wilt,1,0,-1.0,32.1,33.4,83.3,1173.6,low,28.0
Bacterial Spot,0,0,0.0,32.1,33.4,83.3,1173.6,low,34.0
Early Blight,1,0,-0.6,28.8,54.0,57.0,781.4,moderate,40.0
Late Blight,1,0,-1.0,28.8,54.0,57.0,781.4,low,16.0
Fusarium Wilt,0,0,0.0,28.8,54.0,57.0,781.4,moderate,62.0
Bacterial Spot,2,0,-1.6,28.8,54.0,57.0,781.4,low,28.0
Early Blight,1,0,-0.6,19.0,91.6,85.6,923.3,moderate,40.0
Late Blight,1,0,-0.6,19.0,91.6,85.6,923.3,moderate,56.0
Fusarium Wilt,1,0,-1.0,19.0,91.6,85.6,923.3,low,28.0
Bacterial Spot,2,0,-1.6,19.0,91.6,85.6,923.3,low,28.0
Early Blight,0,0,0.0,19.1,76.2,64.8,386.7,moderate,46.0
Late Blight,1,0,-1.0,19.1,76.2,64.8,386.7,moderate,44.0
Fusarium Wilt,0,0,0.0,19.1,76.2,64.8,386.7,moderate,46.0
Bacterial Spot,1,0,-1.0,19.1,76.2,64.8,386.7,low,16.0
Early Blight,0,0,0.0,19.5,96.4,33.6,587.1,moderate,46.0
Late Blight,1,0,-1.0,19.5,96.4,33.6,587.1,moderate,44.0
Fusarium Wilt,0,0,0.0,19.5,96.4,33.6,587.1,moderate,46.0
Bacterial Spot,1,0,-0.6,19.5,96.4,33.6,587.1,moderate,40.0
Early Blight,0,0,0.0,21.2,31.4,23.3,1046.2,moderate,46.0
Late Blight,1,0,-1.0,21.2,31.4,23.3,1046.2,low,28.0
Fusarium Wilt,1,0,-1.0,21.2,31.4,23.3,1046.2,low,16.0
Bacterial Spot,1,0,-0.6,21.2,31.4,23.3,1046.2,low,28.0
Early Blight,1,0,-0.6,30.7,63.8,59.9,1094.2,low,28.0
Late Blight,1,0,-0.6,30.7,63.8,59.9,1094.2,low,28.0
Fusarium Wilt,0,0,0.0,30.7,63.8,59.9,1094.2,moderate,62.0
Bacterial Spot,2,0,-1.6,30.7,63.8,59.9,1094.2,low,16.0
Early Blight,1,0,-0.6,19.3,92.6,47.9,974.3,moderate,40.0
Late Blight,2,0,-1.6,19.3,92.6,47.9,974.3,moderate,44.0
Fusarium Wilt,1,0,-1.0,19.3,92.6,47.9,974.3,low,28.0
Bacterial Spot,2,0,-1.6,19.3,92.6,47.9,974.3,low,28.0
Early Blight,0,0,0.0,33.6,39.1,62.3,730.0,low,34.0
Late Blight,2,0,-1.6,33.6,39.1,62.3,730.0,low,16.0
Fusarium Wilt,1,0,-1.0,33.6,39.1,62.3,730.0,low,28.0
Bacterial Spot,0,0,0.0,33.6,39.1,62.3,730.0,low,34.0
Early Blight,0,0,0.0,20.0,40.3,35.4,933.2,moderate,46.0
Late Blight,2,0,-1.6,20.0,40.3,35.4,933.2,low,28.0
Fusarium Wilt,1,0,-1.0,20.0,40.3,35.4,933.2,low,28.0
Bacterial Spot,2,0,-1.6,20.0,40.3,35.4,933.2,low,16.0
Early Blight,1,0,-0.6,34.0,79.1,63.1,1149.4,moderate,40.0
Late Blight,2,0,-1.6,34.0,79.1,63.1,1149.4,low,28.0
Fusarium Wilt,1,0,-1.0,34.0,79.1,63.1,1149.4,moderate,44.0
Bacterial Spot,0,0,0.0,34.0,79.1,63.1,1149.4,low,34.0
Early Blight,0,0,0.0,17.2,43.9,18.6,820.2,low,34.0
Late Blight,2,0,-1.6,17.2,43.9,18.6,820.2,low,28.0
Fusarium Wilt,0,0,0.0,17.2,43.9,18.6,820.2,moderate,46.0
Bacterial Spot,1,0,-0.6,17.2,43.9,18.6,820.2,low,28.0
Early Blight,0,0,0.0,33.8,35.7,78.0,203.8,low,34.0
Late Blight,1,0,-0.6,33.8,35.7,78.0,203.8,low,28.0
Fusarium Wilt,1,0,-1.0,33.8,35.7,78.0,203.8,low,28.0
Bacterial Spot,0,0,0.0,33.8,35.7,78.0,203.8,low,34.0
Early Blight,0,0,0.0,27.4,89.1,53.5,689.4,moderate,62.0
Late Blight,2,0,-1.6,27.4,89.1,53.5,689.4,low,28.0
Fusarium Wilt,1,0,-1.0,27.4,89.1,53.5,689.4,moderate,44.0
Bacterial Spot,1,0,-1.0,27.4,89.1,53.5,689.4,moderate,44.0
Early Blight,0,0,0.0,16.3,51.0,34.4,246.9,low,34.0
Late Blight,1,0,-1.0,16.3,51.0,34.4,246.9,low,28.0
Fusarium Wilt,1,0,-1.0,16.3,51.0,34.4,246.9,low,28.0
Bacterial Spot,1,0,-0.6,16.3,51.0,34.4,246.9,low,28.0
Early Blight,0,0,0.0,29.7,62.7,76.6,672.9,moderate,46.0
Late Blight,0,0,0.0,29.7,62.7,76.6,672.9,low,34.0
Fusarium Wilt,1,0,-1.0,29.7,62.7,76.6,672.9,moderate,44.0
Bacterial Spot,0,0,0.0,29.7,62.7,76.6,672.9,moderate,46.0
Early Blight,1,0,-0.6,17.7,59.6,20.3,425.8,low,28.0
Late Blight,0,0,0.0,17.7,59.6,20.3,425.8,moderate,46.0
Fusarium Wilt,2,0,-2.0,17.7,59.6,20.3,425.8,low,28.0
Bacterial Spot,2,0,-1.6,17.7,59.6,20.3,425.8,low,16.0
Early Blight,0,0,0.0,22.0,34.3,32.7,772.9,moderate,46.0
Late Blight,1,0,-0.6,22.0,34.3,32.7,772.9,moderate,40.0
Fusarium Wilt,0,0,0.0,22.0,34.3,32.7,772.9,low,34.0
Bacterial Spot,0,0,0.0,22.0,34.3,32.7,772.9,low,34.0
Early Blight,1,0,-0.6,34.8,88.9,17.2,1049.0,moderate,40.0
Late Blight,1,0,-0.6,34.8,88.9,17.2,1049.0,moderate,40.0
Fusarium Wilt,0,0,0.0,34.8,88.9,17.2,1049.0,moderate,62.0
Bacterial Spot,1,0,-1.0,34.8,88.9,17.2,1049.0,low,28.0
Early Blight,0,0,0.0,17.2,40.9,65.9,222.0,low,34.0
Late Blight,1,0,-1.0,17.2,40.9,65.9,222.0,low,28.0
Fusarium Wilt,2,0,-2.0,17.2,40.9,65.9,222.0,low,28.0
Bacterial Spot,1,0,-0.6,17.2,40.9,65.9,222.0,low,28.0
Early Blight,0,0,0.0,15.0,30.4,84.9,922.8,low,34.0
Late Blight,2,0,-1.6,15.0,30.4,84.9,922.8,low,28.0
Fusarium Wilt,1,0,-1.0,15.0,30.4,84.9,922.8,low,16.0
Bacterial Spot,1,0,-0.6,15.0,30.4,84.9,922.8,low,28.0
Early Blight,0,0,0.0,19.1,46.6,52.4,358.4,low,34.0
Late Blight,0,0,0.0,19.1,46.6,52.4,358.4,moderate,46.0
Fusarium Wilt,2,0,-2.0,19.1,46.6,52.4,358.4,low,28.0
Bacterial Spot,1,0,-0.6,19.1,46.6,52.4,358.4,low,28.0
Early Blight,0,0,0.0,32.9,82.2,15.0,596.2,moderate,46.0
Late Blight,1,0,-1.0,32.9,82.2,15.0,596.2,low,28.0
Fusarium Wilt,0,0,0.0,32.9,82.2,15.0,596.2,moderate,62.0
Bacterial Spot,1,0,-0.6,32.9,82.2,15.0,596.2,low,28.0
Early Blight,0,0,0.0,27.8,90.5,80.6,651.8,moderate,62.0
Late Blight,0,0,0.0,27.8,90.5,80.6,651.8,moderate,46.0
Fusarium Wilt,1,0,-1.0,27.8,90.5,80.6,651.8,moderate,44.0
Bacterial Spot,1,0,-1.0,27.8,90.5,80.6,651.8,moderate,44.0
Early Blight,0,0,0.0,26.6,73.2,80.7,1159.8,moderate,62.0
Late Blight,0,0,0.0,26.6,73.2,80.7,1159.8,low,34.0
Fusarium Wilt,2,0,-2.0,26.6,73.2,80.7,1159.8,moderate,44.0
Bacterial Spot,1,0,-1.0,26.6,73.2,80.7,1159.8,low,28.0
Early Blight,0,0,0.0,37.2,37.4,87.9,308.9,low,34.0
Late Blight,1,0,-0.6,37.2,37.4,87.9,308.9,low,28.0
Fusarium Wilt,1,0,-1.0,37.2,37.4,87.9,308.9,low,16.0
Bacterial Spot,1,0,-1.0,37.2,37.4,87.9,308.9,low,16.0
Early Blight,0,0,0.0,26.7,96.0,37.9,305.5,moderate,62.0
Late Blight,1,0,-0.6,26.7,96.0,37.9,305.5,moderate,40.0
Fusarium Wilt,1,0,-1.0,26.7,96.0,37.9,305.5,moderate,44.0
Bacterial Spot,0,0,0.0,26.7,96.0,37.9,305.5,moderate,62.0
Early Blight,0,0,0.0,15.5,94.8,48.6,524.2,moderate,46.0
Late Blight,1,0,-1.0,15.5,94.8,48.6,524.2,moderate,44.0
Fusarium Wilt,1,0,-1.0,15.5,94.8,48.6,524.2,low,28.0
Bacterial Spot,1,0,-1.0,15.5,94.8,48.6,524.2,low,28.0
Early Blight,0,0,0.0,27.4,36.8,62.3,393.0,moderate,46.0
Late Blight,1,0,-0.6,27.4,36.8,62.3,393.0,low,28.0
Fusarium Wilt,2,0,-2.0,27.4,36.8,62.3,393.0,low,28.0
Bacterial Spot,1,0,-1.0,27.4,36.8,62.3,393.0,low,28.0
Early Blight,0,0,0.0,17.5,96.0,43.5,1038.6,moderate,46.0
Late Blight,1,0,-0.6,17.5,96.0,43.5,1038.6,moderate,56.0
Fusarium Wilt,1,0,-1.0,17.5,96.0,43.5,1038.6,low,28.0
Bacterial Spot,0,0,0.0,17.5,96.0,43.5,1038.6,moderate,46.0
Early Blight,0,0,0.0,33.9,40.2,41.3,505.5,low,34.0
Late Blight,2,0,-1.6,33.9,40.2,41.3,505.5,low,16.0
Fusarium Wilt,1,0,-1.0,33.9,40.2,41.3,505.5,moderate,44.0
Bacterial Spot,1,0,-0.6,33.9,40.2,41.3,505.5,low,28.0
Early Blight,0,0,0.0,22.4,43.9,59.3,752.5,moderate,46.0
Late Blight,2,0,-1.6,22.4,43.9,59.3,752.5,low,28.0
Fusarium Wilt,0,0,0.0,22.4,43.9,59.3,752.5,moderate,46.0
Bacterial Spot,1,0,-0.6,22.4,43.9,59.3,752.5,low,28.0
Early Blight,1,0,-0.6,25.2,50.3,20.9,1047.8,moderate,40.0
Late Blight,2,0,-1.6,25.2,50.3,20.9,1047.8,low,16.0
Fusarium Wilt,1,0,-1.0,25.2,50.3,20.9,1047.8,moderate,44.0
Bacterial Spot,0,0,0.0,25.2,50.3,20.9,1047.8,moderate,46.0
Early Blight,0,0,0.0,16.4,59.8,59.5,632.9,low,34.0
Late Blight,0,0,0.0,16.4,59.8,59.5,632.9,moderate,46.0
Fusarium Wilt,1,0,-1.0,16.4,59.8,59.5,632.9,low,28.0
Bacterial Spot,2,0,-1.6,16.4,59.8,59.5,632.9,low,16.0
Early Blight,0,0,0.0,29.2,68.8,42.5,182.8,moderate,46.0
Late Blight,0,0,0.0,29.2,68.8,42.5,182.8,low,34.0
Fusarium Wilt,1,0,-1.0,29.2,68.8,42.5,182.8,moderate,44.0
Bacterial Spot,2,0,-1.6,29.2,68.8,42.5,182.8,low,28.0
Early Blight,0,0,0.0,25.5,94.2,37.5,538.5,moderate,62.0
Late Blight,1,0,-0.6,25.5,94.2,37.5,538.5,moderate,40.0
Fusarium Wilt,1,0,-1.0,25.5,94.2,37.5,538.5,moderate,44.0
Bacterial Spot,1,0,-0.6,25.5,94.2,37.5,538.5,moderate,56.0
Early Blight,0,0,0.0,22.3,83.9,23.3,804.0,moderate,62.0
Late Blight,1,0,-0.6,22.3,83.9,23.3,804.0,moderate,56.0
Fusarium Wilt,1,0,-1.0,22.3,83.9,23.3,804.0,low,28.0
Bacterial Spot,1,0,-0.6,22.3,83.9,23.3,804.0,low,28.0
Early Blight,0,0,0.0,18.2,61.2,41.7,418.9,low,34.0
Late Blight,1,0,-1.0,18.2,61.2,41.7,418.9,low,28.0
Fusarium Wilt,1,0,-1.0,18.2,61.2,41.7,418.9,low,28.0
Bacterial Spot,1,0,-1.0,18.2,61.2,41.7,418.9,low,16.0
Early Blight,1,0,-0.6,32.7,30.0,80.2,730.4,low,28.0
Late Blight,1,0,-0.6,32.7,30.0,80.2,730.4,low,28.0
Fusarium Wilt,1,0,-1.0,32.7,30.0,80.2,730.4,low,28.0
Bacterial Spot,1,0,-0.6,32.7,30.0,80.2,730.4,low,28.0
Early Blight,1,0,-0.6,28.7,62.2,76.7,917.9,moderate,40.0
Late Blight,1,0,-1.0,28.7,62.2,76.7,917.9,low,16.0
Fusarium Wilt,2,0,-2.0,28.7,62.2,76.7,917.9,moderate,44.0
Bacterial Spot,0,0,0.0,28.7,62.2,76.7,917.9,moderate,46.0
Early Blight,0,0,0.0,36.0,33.2,27.0,847.6,low,34.0
Late Blight,1,0,-0.6,36.0,33.2,27.0,847.6,low,28.0
Fusarium Wilt,0,0,0.0,36.0,33.2,27.0,847.6,low,34.0
Bacterial Spot,0,0,0.0,36.0,33.2,27.0,847.6,low,34.0
Early Blight,0,0,0.0,15.4,95.8,38.6,422.1,moderate,46.0
Late Blight,1,0,-0.6,15.4,95.8,38.6,422.1,moderate,56.0
Fusarium Wilt,1,0,-1.0,15.4,95.8,38.6,422.1,low,28.0
Bacterial Spot,0,0,0.0,15.4,95.8,38.6,422.1,moderate,46.0
Early Blight,0,0,0.0,24.9,68.7,50.2,627.8,moderate,46.0
Late Blight,2,0,-1.6,24.9,68.7,50.2,627.8,low,16.0
Fusarium Wilt,2,0,-2.0,24.9,68.7,50.2,627.8,low,28.0
Bacterial Spot,1,0,-0.6,24.9,68.7,50.2,627.8,moderate,40.0
Early Blight,1,0,-0.6,17.6,81.0,44.2,1077.4,moderate,40.0
Late Blight,1,0,-1.0,17.6,81.0,44.2,1077.4,moderate,44.0
Fusarium Wilt,1,0,-1.0,17.6,81.0,44.2,1077.4,low,28.0
Bacterial Spot,1,0,-1.0,17.6,81.0,44.2,1077.4,low,16.0
Early Blight,0,0,0.0,16.0,62.9,63.2,1150.2,low,34.0
Late Blight,0,0,0.0,16.0,62.9,63.2,1150.2,moderate,46.0
Fusarium Wilt,2,0,-2.0,16.0,62.9,63.2,1150.2,low,28.0
Bacterial Spot,2,0,-1.6,16.0,62.9,63.2,1150.2,low,16.0
Early Blight,1,0,-0.6,32.9,37.9,82.8,772.4,low,28.0
Late Blight,2,0,-1.6,32.9,37.9,82.8,772.4,low,16.0
Fusarium Wilt,2,0,-2.0,32.9,37.9,82.8,772.4,low,28.0
Bacterial Spot,1,0,-0.6,32.9,37.9,82.8,772.4,low,28.0
Early Blight,0,0,0.0,29.0,52.6,27.2,798.7,moderate,46.0
Late Blight,2,0,-1.6,29.0,52.6,27.2,798.7,low,16.0
Fusarium Wilt,2,0,-2.0,29.0,52.6,27.2,798.7,moderate,44.0
Bacterial Spot,1,0,-1.0,29.0,52.6,27.2,798.7,low,28.0
Early Blight,1,0,-0.6,30.7,52.1,57.8,760.9,low,28.0
Late Blight,1,0,-1.0,30.7,52.1,57.8,760.9,low,16.0
Fusarium Wilt,2,0,-2.0,30.7,52.1,57.8,760.9,moderate,44.0
Bacterial Spot,1,0,-1.0,30.7,52.1,57.8,760.9,low,16.0
Early Blight,1,0,-0.6,37.3,49.5,68.3,340.0,low,28.0
Late Blight,0,0,0.0,37.3,49.5,68.3,340.0,low,34.0
Fusarium Wilt,1,0,-1.0,37.3,49.5,68.3,340.0,low,28.0
Bacterial Spot,1,0,-1.0,37.3,49.5,68.3,340.0,low,16.0
Early Blight,1,0,-0.6,36.8,93.3,15.4,888.8,moderate,40.0
Late Blight,0,0,0.0,36.8,93.3,15.4,888.8,moderate,46.0
Fusarium Wilt,1,0,-1.0,36.8,93.3,15.4,888.8,low,28.0
Bacterial Spot,1,0,-1.0,36.8,93.3,15.4,888.8,low,28.0
Early Blight,1,0,-0.6,27.3,67.1,29.7,481.2,moderate,40.0
Late Blight,0,0,0.0,27.3,67.1,29.7,481.2,low,34.0
Fusarium Wilt,1,0,-1.0,27.3,67.1,29.7,481.2,moderate,44.0
Bacterial Spot,1,0,-1.0,27.3,67.1,29.7,481.2,low,28.0
Early Blight,0,0,0.0,23.0,78.5,35.0,546.7,moderate,62.0
Late Blight,2,0,-1.6,23.0,78.5,35.0,546.7,moderate,44.0
Fusarium Wilt,2,0,-2.0,23.0,78.5,35.0,546.7,low,28.0
Bacterial Spot,2,0,-1.6,23.0,78.5,35.0,546.7,low,16.0
Early Blight,1,0,-0.6,34.6,33.2,34.7,202.0,low,28.0
Late Blight,2,0,-1.6,34.6,33.2,34.7,202.0,low,16.0
Fusarium Wilt,0,0,0.0,34.6,33.2,34.7,202.0,moderate,46.0
Bacterial Spot,2,0,-1.6,34.6,33.2,34.7,202.0,low,16.0
Early Blight,1,0,-0.6,25.1,66.0,69.5,905.5,moderate,40.0
Late Blight,1,0,-0.6,25.1,66.0,69.5,905.5,low,28.0
Fusarium Wilt,2,0,-2.0,25.1,66.0,69.5,905.5,moderate,44.0
Bacterial Spot,0,0,0.0,25.1,66.0,69.5,905.5,moderate,46.0
Early Blight,1,0,-0.6,19.6,49.7,82.1,323.5,low,28.0
Late Blight,1,0,-1.0,19.6,49.7,82.1,323.5,low,28.0
Fusarium Wilt,2,0,-2.0,19.6,49.7,82.1,323.5,low,28.0
Bacterial Spot,2,0,-1.6,19.6,49.7,82.1,323.5,low,16.0
Early Blight,0,0,0.0,33.1,76.8,29.2,808.7,moderate,46.0
Late Blight,1,0,-0.6,33.1,76.8,29.2,808.7,moderate,40.0
Fusarium Wilt,2,0,-2.0,33.1,76.8,29.2,808.7,moderate,44.0
Bacterial Spot,1,0,-0.6,33.1,76.8,29.2,808.7,low,28.0
Early Blight,1,0,-0.6,36.0,34.6,73.6,627.9,low,28.0
Late Blight,1,0,-1.0,36.0,34.6,73.6,627.9,low,16.0
Fusarium Wilt,2,0,-2.0,36.0,34.6,73.6,627.9,low,16.0
Bacterial Spot,2,0,-1.6,36.0,34.6,73.6,627.9,low,16.0
Early Blight,0,0,0.0,25.2,50.8,36.1,827.0,moderate,46.0
Late Blight,1,0,-0.6,25.2,50.8,36.1,827.0,low,28.0
Fusarium Wilt,0,0,0.0,25.2,50.8,36.1,827.0,moderate,62.0
Bacterial Spot,1,0,-1.0,25.2,50.8,36.1,827.0,low,28.0
Early Blight,0,0,0.0,17.5,58.9,48.3,421.8,low,34.0
Late Blight,1,0,-1.0,17.5,58.9,48.3,421.8,low,28.0
Fusarium Wilt,2,0,-2.0,17.5,58.9,48.3,421.8,low,28.0
Bacterial Spot,1,0,-1.0,17.5,58.9,48.3,421.8,low,16.0
Early Blight,1,0,-0.6,28.5,34.4,34.8,330.9,moderate,40.0
Late Blight,0,0,0.0,28.5,34.4,34.8,330.9,low,34.0
Fusarium Wilt,0,0,0.0,28.5,34.4,34.8,330.9,moderate,46.0
Bacterial Spot,1,0,-1.0,28.5,34.4,34.8,330.9,low,28.0
Early Blight,0,0,0.0,22.9,71.5,56.0,969.3,moderate,62.0
Late Blight,1,0,-1.0,22.9,71.5,56.0,969.3,low,28.0
Fusarium Wilt,1,0,-1.0,22.9,71.5,56.0,969.3,low,28.0
Bacterial Spot,0,0,0.0,22.9,71.5,56.0,969.3,low,34.0
Early Blight,0,0,0.0,20.4,93.3,66.7,280.1,moderate,62.0
Late Blight,1,0,-0.6,20.4,93.3,66.7,280.1,moderate,56.0
Fusarium Wilt,0,0,0.0,20.4,93.3,66.7,280.1,moderate,46.0
Bacterial Spot,2,0,-1.6,20.4,93.3,66.7,280.1,low,28.0
Early Blight,0,0,0.0,21.4,93.8,72.1,427.3,moderate,62.0
Late Blight,0,0,0.0,21.4,93.8,72.1,427.3,moderate,62.0
Fusarium Wilt,0,0,0.0,21.4,93.8,72.1,427.3,moderate,46.0
Bacterial Spot,1,0,-1.0,21.4,93.8,72.1,427.3,low,28.0
Early Blight,0,0,0.0,35.2,86.0,81.2,461.5,moderate,46.0
Late Blight,1,0,-1.0,35.2,86.0,81.2,461.5,low,28.0
Fusarium Wilt,0,0,0.0,35.2,86.0,81.2,461.5,moderate,46.0
Bacterial Spot,1,0,-0.6,35.2,86.0,81.2,461.5,moderate,40.0
Early Blight,0,0,0.0,18.3,60.0,56.7,904.2,low,34.0
Late Blight,0,0,0.0,18.3,60.0,56.7,904.2,moderate,46.0
Fusarium Wilt,0,0,0.0,18.3,60.0,56.7,904.2,moderate,46.0
Bacterial Spot,1,0,-1.0,18.3,60.0,56.7,904.2,low,16.0
Early Blight,1,0,-0.6,29.7,91.7,46.1,190.1,moderate,56.0
Late Blight,1,0,-1.0,29.7,91.7,46.1,190.1,low,28.0
Fusarium Wilt,1,0,-1.0,29.7,91.7,46.1,190.1,moderate,44.0
Bacterial Spot,0,0,0.0,29.7,91.7,46.1,190.1,moderate,62.0
Early Blight,0,0,0.0,33.2,84.0,26.5,646.0,moderate,46.0
Late Blight,1,0,-0.6,33.2,84.0,26.5,646.0,moderate,40.0
Fusarium Wilt,1,0,-1.0,33.2,84.0,26.5,646.0,moderate,44.0
Bacterial Spot,0,0,0.0,33.2,84.0,26.5,646.0,low,34.0
Early Blight,1,0,-0.6,19.8,64.2,70.2,1033.8,low,28.0
Late Blight,2,0,-1.6,19.8,64.2,70.2,1033.8,low,28.0
Fusarium Wilt,1,0,-1.0,19.8,64.2,70.2,1033.8,low,28.0
Bacterial Spot,1,0,-0.6,19.8,64.2,70.2,1033.8,low,28.0
Early Blight,0,0,0.0,36.1,69.2,81.0,124.9,low,34.0
Late Blight,0,0,0.0,36.1,69.2,81.0,124.9,low,34.0
Fusarium Wilt,0,0,0.0,36.1,69.2,81.0,124.9,moderate,46.0
Bacterial Spot,0,0,0.0,36.1,69.2,81.0,124.9,low,34.0
Early Blight,0,0,0.0,25.2,69.2,39.6,262.6,moderate,46.0
Late Blight,0,0,0.0,25.2,69.2,39.6,262.6,low,34.0
Fusarium Wilt,1,0,-1.0,25.2,69.2,39.6,262.6,moderate,44.0
Bacterial Spot,1,0,-1.0,25.2,69.2,39.6,262.6,low,28.0
Early Blight,1,0,-0.6,22.2,64.3,70.1,930.0,moderate,40.0
Late Blight,0,0,0.0,22.2,64.3,70.1,930.0,moderate,46.0
Fusarium Wilt,1,0,-1.0,22.2,64.3,70.1,930.0,low,28.0
Bacterial Spot,1,0,-0.6,22.2,64.3,70.1,930.0,low,28.0
Early Blight,1,0,-0.6,32.1,38.3,29.3,742.9,low,28.0
Late Blight,0,0,0.0,32.1,38.3,29.3,742.9,low,34.0
Fusarium Wilt,0,0,0.0,32.1,38.3,29.3,742.9,moderate,46.0
Bacterial Spot,1,0,-1.0,32.1,38.3,29.3,742.9,low,16.0
Early Blight,1,0,-0.6,22.2,38.2,67.9,146.5,moderate,40.0
Late Blight,0,0,0.0,22.2,38.2,67.9,146.5,moderate,46.0
Fusarium Wilt,0,0,0.0,22.2,38.2,67.9,146.5,low,34.0
Bacterial Spot,1,0,-0.6,22.2,38.2,67.9,146.5,low,28.0
Early Blight,1,0,-0.6,22.5,89.8,33.9,886.1,moderate,56.0
Late Blight,2,0,-1.6,22.5,89.8,33.9,886.1,moderate,44.0
Fusarium Wilt,0,0,0.0,22.5,89.8,33.9,886.1,moderate,46.0
Bacterial Spot,2,0,-1.6,22.5,89.8,33.9,886.1,low,28.0
Early Blight,0,0,0.0,24.2,92.2,16.3,859.2,moderate,62.0
Late Blight,0,0,0.0,24.2,92.2,16.3,859.2,moderate,46.0
Fusarium Wilt,2,0,-2.0,24.2,92.2,16.3,859.2,low,28.0
Bacterial Spot,0,0,0.0,24.2,92.2,16.3,859.2,moderate,62.0
Early Blight,0,0,0.0,29.4,67.0,88.0,1174.2,moderate,46.0
Late Blight,2,0,-1.6,29.4,67.0,88.0,1174.2,low,16.0
Fusarium Wilt,1,0,-1.0,29.4,67.0,88.0,1174.2,moderate,44.0
Bacterial Spot,1,0,-1.0,29.4,67.0,88.0,1174.2,low,28.0
Early Blight,1,0,-0.6,34.8,85.8,29.2,636.1,moderate,40.0
Late Blight,1,0,-1.0,34.8,85.8,29.2,636.1,low,28.0
Fusarium Wilt,2,0,-2.0,34.8,85.8,29.2,636.1,moderate,44.0
Bacterial Spot,1,0,-1.0,34.8,85.8,29.2,636.1,low,28.0
Early Blight,1,0,-0.6,16.0,39.1,50.6,364.0,low,28.0
Late Blight,1,0,-1.0,16.0,39.1,50.6,364.0,low,28.0
Fusarium Wilt,1,0,-1.0,16.0,39.1,50.6,364.0,low,16.0
Bacterial Spot,1,0,-0.6,16.0,39.1,50.6,364.0,low,28.0
Early Blight,1,0,-0.6,15.1,92.2,33.6,673.4,moderate,40.0
Late Blight,2,0,-1.6,15.1,92.2,33.6,673.4,moderate,44.0
Fusarium Wilt,1,0,-1.0,15.1,92.2,33.6,673.4,low,28.0
Bacterial Spot,2,0,-1.6,15.1,92.2,33.6,673.4,low,28.0
Early Blight,1,0,-0.6,38.0,61.4,85.9,798.1,low,28.0
Late Blight,0,0,0.0,38.0,61.4,85.9,798.1,low,34.0
Fusarium Wilt,1,0,-1.0,38.0,61.4,85.9,798.1,low,28.0
Bacterial Spot,1,0,-1.0,38.0,61.4,85.9,798.1,low,16.0
Early Blight,1,0,-0.6,37.2,32.5,63.5,701.5,low,28.0
Late Blight,1,0,-0.6,37.2,32.5,63.5,701.5,low,28.0
Fusarium Wilt,2,0,-2.0,37.2,32.5,63.5,701.5,low,16.0
Bacterial Spot,1,0,-1.0,37.2,32.5,63.5,701.5,low,16.0
Early Blight,1,0,-0.6,26.7,37.0,60.7,844.1,moderate,40.0
Late Blight,0,0,0.0,26.7,37.0,60.7,844.1,low,34.0
Fusarium Wilt,0,0,0.0,26.7,37.0,60.7,844.1,moderate,46.0
Bacterial Spot,0,0,0.0,26.7,37.0,60.7,844.1,moderate,46.0
Early Blight,0,0,0.0,28.2,33.1,49.6,386.1,moderate,46.0
Late Blight,0,0,0.0,28.2,33.1,49.6,386.1,low,34.0
Fusarium Wilt,0,0,0.0,28.2,33.1,49.6,386.1,moderate,46.0
Bacterial Spot,2,0,-1.6,28.2,33.1,49.6,386.1,low,28.0
Early Blight,1,0,-0.6,26.6,81.9,32.3,775.0,moderate,56.0
Late Blight,2,0,-1.6,26.6,81.9,32.3,775.0,low,28.0
Fusarium Wilt,1,0,-1.0,26.6,81.9,32.3,775.0,moderate,44.0
Bacterial Spot,0,0,0.0,26.6,81.9,32.3,775.0,moderate,46.0
Early Blight,1,0,-0.6,32.6,66.6,81.4,249.4,low,28.0
Late Blight,1,0,-1.0,32.6,66.6,81.4,249.4,low,16.0
Fusarium Wilt,1,0,-1.0,32.6,66.6,81.4,249.4,moderate,44.0
Bacterial Spot,0,0,0.0,32.6,66.6,81.4,249.4,low,34.0
Early Blight,0,0,0.0,37.7,83.6,70.6,1023.1,moderate,46.0
Late Blight,0,0,0.0,37.7,83.6,70.6,1023.1,moderate,46.0
Fusarium Wilt,2,0,-2.0,37.7,83.6,70.6,1023.1,low,28.0
Bacterial Spot,1,0,-1.0,37.7,83.6,70.6,1023.1,low,16.0
Early Blight,1,0,-0.6,27.0,34.4,49.5,703.2,moderate,40.0
Late Blight,0,0,0.0,27.0,34.4,49.5,703.2,low,34.0
Fusarium Wilt,2,0,-2.0,27.0,34.4,49.5,703.2,low,28.0
Bacterial Spot,1,0,-1.0,27.0,34.4,49.5,703.2,low,28.0
Early Blight,0,0,0.0,25.3,86.4,17.5,889.2,moderate,62.0
Late Blight,1,0,-0.6,25.3,86.4,17.5,889.2,moderate,40.0
Fusarium Wilt,1,0,-1.0,25.3,86.4,17.5,889.2,moderate,44.0
Bacterial Spot,0,0,0.0,25.3,86.4,17.5,889.2,moderate,62.0
Early Blight,1,0,-0.6,37.3,42.7,20.2,246.6,low,28.0
Late Blight,2,0,-1.6,37.3,42.7,20.2,246.6,low,16.0
Fusarium Wilt,1,0,-1.0,37.3,42.7,20.2,246.6,low,28.0
Bacterial Spot,1,0,-1.0,37.3,42.7,20.2,246.6,low,16.0
Early Blight,1,0,-0.6,35.6,71.6,67.9,491.7,moderate,40.0
Late Blight,1,0,-1.0,35.6,71.6,67.9,491.7,low,16.0
Fusarium Wilt,2,0,-2.0,35.6,71.6,67.9,491.7,low,28.0
Bacterial Spot,0,0,0.0,35.6,71.6,67.9,491.7,low,34.0
Early Blight,1,0,-0.6,34.3,48.5,55.2,275.5,low,28.0
Late Blight,0,0,0.0,34.3,48.5,55.2,275.5,low,34.0
Fusarium Wilt,1,0,-1.0,34.3,48.5,55.2,275.5,moderate,44.0
Bacterial Spot,1,0,-1.0,34.3,48.5,55.2,275.5,low,16.0
Early Blight,0,0,0.0,17.3,73.1,21.6,925.7,moderate,46.0
Late Blight,1,0,-1.0,17.3,73.1,21.6,925.7,low,28.0
Fusarium Wilt,1,0,-1.0,17.3,73.1,21.6,925.7,low,28.0
Bacterial Spot,0,0,0.0,17.3,73.1,21.6,925.7,low,34.0
Early Blight,1,0,-0.6,34.9,69.1,26.4,295.2,low,28.0
Late Blight,2,0,-1.6,34.9,69.1,26.4,295.2,low,16.0
Fusarium Wilt,2,0,-2.0,34.9,69.1,26.4,295.2,moderate,44.0
Bacterial Spot,1,0,-1.0,34.9,69.1,26.4,295.2,low,16.0
Early Blight,0,0,0.0,29.9,44.6,43.5,218.7,moderate,46.0
Late Blight,2,0,-1.6,29.9,44.6,43.5,218.7,low,16.0
Fusarium Wilt,2,0,-2.0,29.9,44.6,43.5,218.7,moderate,44.0
Bacterial Spot,1,0,-0.6,29.9,44.6,43.5,218.7,moderate,40.0
Early Blight,1,0,-0.6,25.9,40.2,41.9,863.9,moderate,40.0
Late Blight,1,0,-0.6,25.9,40.2,41.9,863.9,low,28.0
Fusarium Wilt,1,0,-1.0,25.9,40.2,41.9,863.9,moderate,44.0
Bacterial Spot,1,0,-0.6,25.9,40.2,41.9,863.9,moderate,40.0
Early Blight,1,0,-0.6,35.5,58.2,20.8,728.4,low,28.0
Late Blight,0,0,0.0,35.5,58.2,20.8,728.4,low,34.0
Fusarium Wilt,2,0,-2.0,35.5,58.2,20.8,728.4,low,28.0
Bacterial Spot,1,0,-0.6,35.5,58.2,20.8,728.4,low,28.0
Early Blight,0,0,0.0,17.2,46.6,36.7,977.7,low,34.0
Late Blight,2,0,-1.6,17.2,46.6,36.7,977.7,low,28.0
Fusarium Wilt,1,0,-1.0,17.2,46.6,36.7,977.7,low,28.0
Bacterial Spot,1,0,-0.6,17.2,46.6,36.7,977.7,low,28.0
Early Blight,1,0,-0.6,25.4,40.9,18.7,694.6,moderate,40.0
Late Blight,1,0,-1.0,25.4,40.9,18.7,694.6,low,16.0
Fusarium Wilt,0,0,0.0,25.4,40.9,18.7,694.6,moderate,62.0
Bacterial Spot,2,0,-1.6,25.4,40.9,18.7,694.6,low,28.0
Early Blight,0,0,0.0,15.6,86.0,35.3,1114.3,moderate,46.0
Late Blight,0,0,0.0,15.6,86.0,35.3,1114.3,moderate,62.0
Fusarium Wilt,1,0,-1.0,15.6,86.0,35.3,1114.3,low,28.0
Bacterial Spot,1,0,-1.0,15.6,86.0,35.3,1114.3,low,28.0
Early Blight,1,0,-0.6,37.2,62.2,10.5,382.5,low,28.0
Late Blight,1,0,-1.0,37.2,62.2,10.5,382.5,low,16.0
Fusarium Wilt,0,0,0.0,37.2,62.2,10.5,382.5,moderate,46.0
Bacterial Spot,1,0,-1.0,37.2,62.2,10.5,382.5,low,16.0
Early Blight,1,0,-0.6,35.8,42.5,21.5,812.7,low,28.0
Late Blight,2,0,-1.6,35.8,42.5,21.5,812.7,low,16.0
Fusarium Wilt,0,0,0.0,35.8,42.5,21.5,812.7,moderate,46.0
Bacterial Spot,1,0,-1.0,35.8,42.5,21.5,812.7,low,16.0
Early Blight,0,0,0.0,36.5,79.7,56.7,435.6,moderate,46.0
Late Blight,1,0,-0.6,36.5,79.7,56.7,435.6,moderate,40.0
Fusarium Wilt,1,0,-1.0,36.5,79.7,56.7,435.6,low,28.0
Bacterial Spot,2,0,-1.6,36.5,79.7,56.7,435.6,low,16.0
Early Blight,1,0,-0.6,29.8,54.0,17.5,1115.2,moderate,40.0
Late Blight,2,0,-1.6,29.8,54.0,17.5,1115.2,low,16.0
Fusarium Wilt,0,0,0.0,29.8,54.0,17.5,1115.2,moderate,62.0
Bacterial Spot,1,0,-1.0,29.8,54.0,17.5,1115.2,low,28.0
Early Blight,0,0,0.0,18.1,94.5,76.2,495.0,moderate,46.0
Late Blight,2,0,-1.6,18.1,94.5,76.2,495.0,moderate,44.0
Fusarium Wilt,1,0,-1.0,18.1,94.5,76.2,495.0,low,28.0
Bacterial Spot,1,0,-1.0,18.1,94.5,76.2,495.0,low,28.0
Early Blight,0,0,0.0,27.4,92.7,17.3,986.0,moderate,62.0
Late Blight,1,0,-1.0,27.4,92.7,17.3,986.0,low,28.0
Fusarium Wilt,1,0,-1.0,27.4,92.7,17.3,986.0,moderate,44.0
Bacterial Spot,1,0,-0.6,27.4,92.7,17.3,986.0,moderate,56.0
Early Blight,0,0,0.0,26.0,59.1,80.3,1178.7,moderate,46.0
Late Blight,2,0,-1.6,26.0,59.1,80.3,1178.7,low,16.0
Fusarium Wilt,0,0,0.0,26.0,59.1,80.3,1178.7,moderate,62.0
Bacterial Spot,1,0,-0.6,26.0,59.1,80.3,1178.7,moderate,40.0
Early Blight,0,0,0.0,25.5,31.6,69.9,582.2,moderate,46.0
Late Blight,0,0,0.0,25.5,31.6,69.9,582.2,low,34.0
Fusarium Wilt,2,0,-2.0,25.5,31.6,69.9,582.2,low,28.0
Bacterial Spot,1,0,-1.0,25.5,31.6,69.9,582.2,low,28.0
Early Blight,0,0,0.0,18.0,59.7,13.5,544.0,low,34.0
Late Blight,0,0,0.0,18.0,59.7,13.5,544.0,moderate,46.0
Fusarium Wilt,0,0,0.0,18.0,59.7,13.5,544.0,moderate,46.0
Bacterial Spot,1,0,-1.0,18.0,59.7,13.5,544.0,low,16.0
Early Blight,1,0,-0.6,31.8,38.7,25.8,458.6,low,28.0
Late Blight,0,0,0.0,31.8,38.7,25.8,458.6,low,34.0
Fusarium Wilt,1,0,-1.0,31.8,38.7,25.8,458.6,low,28.0
Bacterial Spot,2,0,-1.6,31.8,38.7,25.8,458.6,low,16.0
Early Blight,1,0,-0.6,20.2,95.7,42.8,401.8,moderate,56.0
Late Blight,1,0,-0.6,20.2,95.7,42.8,401.8,moderate,56.0
Fusarium Wilt,2,0,-2.0,20.2,95.7,42.8,401.8,low,28.0
Bacterial Spot,1,0,-0.6,20.2,95.7,42.8,401.8,moderate,40.0
Early Blight,1,0,-0.6,36.6,40.1,11.2,1092.9,low,28.0
Late Blight,2,0,-1.6,36.6,40.1,11.2,1092.9,low,16.0
Fusarium Wilt,2,0,-2.0,36.6,40.1,11.2,1092.9,low,28.0
Bacterial Spot,1,0,-0.6,36.6,40.1,11.2,1092.9,low,28.0
Early Blight,1,0,-0.6,21.7,78.6,42.3,363.2,moderate,56.0
Late Blight,1,0,-1.0,21.7,78.6,42.3,363.2,moderate,44.0
Fusarium Wilt,0,0,0.0,21.7,78.6,42.3,363.2,moderate,46.0
Bacterial Spot,1,0,-0.6,21.7,78.6,42.3,363.2,low,28.0
Early Blight,0,0,0.0,17.7,84.3,11.9,1150.4,moderate,46.0
Late Blight,1,0,-1.0,17.7,84.3,11.9,1150.4,moderate,44.0
Fusarium Wilt,0,0,0.0,17.7,84.3,11.9,1150.4,moderate,46.0
Bacterial Spot,2,0,-1.6,17.7,84.3,11.9,1150.4,low,16.0
Early Blight,0,0,0.0,36.5,80.5,56.6,685.1,moderate,46.0
Late Blight,0,0,0.0,36.5,80.5,56.6,685.1,moderate,46.0
Fusarium Wilt,1,0,-1.0,36.5,80.5,56.6,685.1,low,28.0
Bacterial Spot,0,0,0.0,36.5,80.5,56.6,685.1,low,34.0
Early Blight,0,0,0.0,21.9,97.3,86.1,1137.1,moderate,62.0
Late Blight,1,0,-0.6,21.9,97.3,86.1,1137.1,moderate,56.0
Fusarium Wilt,2,0,-2.0,21.9,97.3,86.1,1137.1,low,28.0
Bacterial Spot,1,0,-1.0,21.9,97.3,86.1,1137.1,low,28.0
Early Blight,1,0,-0.6,33.8,96.1,51.2,852.7,moderate,40.0
Late Blight,2,0,-1.6,33.8,96.1,51.2,852.7,low,28.0
Fusarium Wilt,0,0,0.0,33.8,96.1,51.2,852.7,moderate,62.0
Bacterial Spot,2,0,-1.6,33.8,96.1,51.2,852.7,low,28.0
Early Blight,1,0,-0.6,35.3,51.6,63.0,710.8,low,28.0
Late Blight,1,0,-1.0,35.3,51.6,63.0,710.8,low,16.0
Fusarium Wilt,0,0,0.0,35.3,51.6,63.0,710.8,moderate,46.0
Bacterial Spot,1,0,-1.0,35.3,51.6,63.0,710.8,low,16.0
Early Blight,1,0,-0.6,19.3,47.7,77.8,113.2,low,28.0
Late Blight,2,0,-1.6,19.3,47.7,77.8,113.2,low,28.0
Fusarium Wilt,2,0,-2.0,19.3,47.7,77.8,113.2,low,28.0
Bacterial Spot,1,0,-1.0,19.3,47.7,77.8,113.2,low,16.0
Early Blight,0,0,0.0,29.0,47.0,56.6,874.5,moderate,46.0
Late Blight,2,0,-1.6,29.0,47.0,56.6,874.5,low,16.0
Fusarium Wilt,2,0,-2.0,29.0,47.0,56.6,874.5,moderate,44.0
Bacterial Spot,1,0,-1.0,29.0,47.0,56.6,874.5,low,28.0
Early Blight,1,0,-0.6,31.6,85.1,66.5,693.0,moderate,40.0
Late Blight,0,0,0.0,31.6,85.1,66.5,693.0,moderate,46.0
Fusarium Wilt,0,0,0.0,31.6,85.1,66.5,693.0,moderate,62.0
Bacterial Spot,0,0,0.0,31.6,85.1,66.5,693.0,moderate,46.0
Early Blight,0,0,0.0,37.3,40.2,81.3,254.8,low,34.0
Late Blight,1,0,-0.6,37.3,40.2,81.3,254.8,low,28.0
Fusarium Wilt,2,0,-2.0,37.3,40.2,81.3,254.8,low,28.0
Bacterial Spot,2,0,-1.6,37.3,40.2,81.3,254.8,low,16.0
Early Blight,0,0,0.0,36.0,73.3,25.4,442.7,moderate,46.0
Late Blight,1,0,-1.0,36.0,73.3,25.4,442.7,low,16.0
Fusarium Wilt,2,0,-2.0,36.0,73.3,25.4,442.7,low,28.0
Bacterial Spot,2,0,-1.6,36.0,73.3,25.4,442.7,low,16.0
Early Blight,0,0,0.0,32.7,94.6,54.1,465.2,moderate,46.0
Late Blight,0,0,0.0,32.7,94.6,54.1,465.2,moderate,46.0
Fusarium Wilt,0,0,0.0,32.7,94.6,54.1,465.2,moderate,62.0
Bacterial Spot,1,0,-0.6,32.7,94.6,54.1,465.2,moderate,40.0
Early Blight,1,0,-0.6,15.4,75.3,81.4,225.9,moderate,40.0
Late Blight,2,0,-1.6,15.4,75.3,81.4,225.9,moderate,44.0
Fusarium Wilt,2,0,-2.0,15.4,75.3,81.4,225.9,low,28.0
Bacterial Spot,2,0,-1.6,15.4,75.3,81.4,225.9,low,16.0
Early Blight,0,0,0.0,27.9,65.5,46.7,132.6,moderate,46.0
Late Blight,1,0,-0.6,27.9,65.5,46.7,132.6,low,28.0
Fusarium Wilt,1,0,-1.0,27.9,65.5,46.7,132.6,moderate,44.0
Bacterial Spot,0,0,0.0,27.9,65.5,46.7,132.6,moderate,46.0
Early Blight,1,0,-0.6,24.8,53.9,20.0,820.4,moderate,40.0
Late Blight,1,0,-0.6,24.8,53.9,20.0,820.4,low,28.0
Fusarium Wilt,2,0,-2.0,24.8,53.9,20.0,820.4,low,28.0
Bacterial Spot,1,0,-0.6,24.8,53.9,20.0,820.4,moderate,40.0
Early Blight,1,0,-0.6,33.7,90.6,83.1,929.3,moderate,40.0
Late Blight,0,0,0.0,33.7,90.6,83.1,929.3,moderate,46.0
Fusarium Wilt,2,0,-2.0,33.7,90.6,83.1,929.3,moderate,44.0
Bacterial Spot,2,0,-1.6,33.7,90.6,83.1,929.3,low,28.0
Early Blight,1,0,-0.6,37.7,87.9,34.0,1007.7,moderate,40.0
Late Blight,1,0,-0.6,37.7,87.9,34.0,1007.7,moderate,40.0
Fusarium Wilt,2,0,-2.0,37.7,87.9,34.0,1007.7,low,28.0
Bacterial Spot,0,0,0.0,37.7,87.9,34.0,1007.7,moderate,46.0
Early Blight,1,0,-0.6,19.7,79.8,49.3,263.8,moderate,40.0
Late Blight,1,0,-0.6,19.7,79.8,49.3,263.8,moderate,56.0
Fusarium Wilt,2,0,-2.0,19.7,79.8,49.3,263.8,low,28.0
Bacterial Spot,1,0,-1.0,19.7,79.8,49.3,263.8,low,16.0
Early Blight,0,0,0.0,32.4,81.0,20.1,604.7,moderate,46.0
Late Blight,1,0,-1.0,32.4,81.0,20.1,604.7,low,28.0
Fusarium Wilt,0,0,0.0,32.4,81.0,20.1,604.7,moderate,62.0
Bacterial Spot,1,0,-0.6,32.4,81.0,20.1,604.7,low,28.0
Early Blight,1,0,-0.6,23.1,77.5,42.0,267.9,moderate,56.0
Late Blight,0,0,0.0,23.1,77.5,42.0,267.9,moderate,62.0
Fusarium Wilt,1,0,-1.0,23.1,77.5,42.0,267.9,low,28.0
Bacterial Spot,0,0,0.0,23.1,77.5,42.0,267.9,low,34.0
Early Blight,1,0,-0.6,25.2,88.2,31.6,785.9,moderate,56.0
Late Blight,0,0,0.0,25.2,88.2,31.6,785.9,moderate,46.0
Fusarium Wilt,0,0,0.0,25.2,88.2,31.6,785.9,moderate,62.0
Bacterial Spot,2,0,-1.6,25.2,88.2,31.6,785.9,moderate,44.0
Early Blight,1,0,-0.6,37.4,37.4,50.8,650.7,low,28.0
Late Blight,2,0,-1.6,37.4,37.4,50.8,650.7,low,16.0
Fusarium Wilt,1,0,-1.0,37.4,37.4,50.8,650.7,low,16.0
Bacterial Spot,1,0,-0.6,37.4,37.4,50.8,650.7,low,28.0
Early Blight,1,0,-0.6,22.1,58.5,69.1,516.2,moderate,40.0
Late Blight,2,0,-1.6,22.1,58.5,69.1,516.2,low,28.0
Fusarium Wilt,1,0,-1.0,22.1,58.5,69.1,516.2,low,28.0
Bacterial Spot,1,0,-1.0,22.1,58.5,69.1,516.2,low,16.0
Early Blight,0,0,0.0,23.2,54.3,56.0,289.3,moderate,46.0
Late Blight,1,0,-0.6,23.2,54.3,56.0,289.3,moderate,40.0
Fusarium Wilt,1,0,-1.0,23.2,54.3,56.0,289.3,low,28.0
Bacterial Spot,1,0,-0.6,23.2,54.3,56.0,289.3,low,28.0
Early Blight,0,0,0.0,31.3,63.5,25.6,705.5,low,34.0
Late Blight,2,0,-1.6,31.3,63.5,25.6,705.5,low,16.0
Fusarium Wilt,1,0,-1.0,31.3,63.5,25.6,705.5,moderate,44.0
Bacterial Spot,1,0,-1.0,31.3,63.5,25.6,705.5,low,16.0
Early Blight,0,0,0.0,33.1,64.0,79.1,986.9,low,34.0
Late Blight,1,0,-0.6,33.1,64.0,79.1,986.9,low,28.0
Fusarium Wilt,0,0,0.0,33.1,64.0,79.1,986.9,moderate,62.0
Bacterial Spot,1,0,-0.6,33.1,64.0,79.1,986.9,low,28.0
Early Blight,0,0,0.0,34.9,31.2,77.7,998.2,low,34.0
Late Blight,2,0,-1.6,34.9,31.2,77.7,998.2,low,16.0
Fusarium Wilt,1,0,-1.0,34.9,31.2,77.7,998.2,low,28.0
Bacterial Spot,1,0,-0.6,34.9,31.2,77.7,998.2,low,28.0
Early Blight,1,0,-0.6,33.4,42.7,79.1,230.3,low,28.0
Late Blight,1,0,-1.0,33.4,42.7,79.1,230.3,low,16.0
Fusarium Wilt,1,0,-1.0,33.4,42.7,79.1,230.3,moderate,44.0
Bacterial Spot,1,0,-0.6,33.4,42.7,79.1,230.3,low,28.0
Early Blight,0,0,0.0,17.3,79.6,79.8,523.6,moderate,46.0
Late Blight,2,0,-1.6,17.3,79.6,79.8,523.6,moderate,44.0
Fusarium Wilt,1,0,-1.0,17.3,79.6,79.8,523.6,low,28.0
Bacterial Spot,1,0,-1.0,17.3,79.6,79.8,523.6,low,16.0
Early Blight,1,0,-0.6,29.3,92.0,14.0,198.4,moderate,56.0
Late Blight,1,0,-0.6,29.3,92.0,14.0,198.4,moderate,40.0
Fusarium Wilt,1,0,-1.0,29.3,92.0,14.0,198.4,moderate,44.0
Bacterial Spot,2,0,-1.6,29.3,92.0,14.0,198.4,moderate,44.0
Early Blight,0,0,0.0,30.9,80.8,57.2,613.3,moderate,46.0
Late Blight,1,0,-1.0,30.9,80.8,57.2,613.3,low,28.0
Fusarium Wilt,1,0,-1.0,30.9,80.8,57.2,613.3,moderate,44.0
Bacterial Spot,1,0,-1.0,30.9,80.8,57.2,613.3,low,16.0
Early Blight,0,0,0.0,32.5,93.9,64.7,778.5,moderate,46.0
Late Blight,1,0,-1.0,32.5,93.9,64.7,778.5,low,28.0
Fusarium Wilt,1,0,-1.0,32.5,93.9,64.7,778.5,moderate,44.0
Bacterial Spot,0,0,0.0,32.5,93.9,64.7,778.5,moderate,46.0
Early Blight,1,0,-0.6,33.9,52.3,39.2,110.4,low,28.0
Late Blight,2,0,-1.6,33.9,52.3,39.2,110.4,low,16.0
Fusarium Wilt,1,0,-1.0,33.9,52.3,39.2,110.4,moderate,44.0
Bacterial Spot,1,0,-0.6,33.9,52.3,39.2,110.4,low,28.0
Early Blight,0,0,0.0,36.2,68.0,64.1,1020.8,low,34.0
Late Blight,2,0,-1.6,36.2,68.0,64.1,1020.8,low,16.0
Fusarium Wilt,1,0,-1.0,36.2,68.0,64.1,1020.8,low,28.0
Bacterial Spot,1,0,-0.6,36.2,68.0,64.1,1020.8,low,28.0
Early Blight,1,0,-0.6,36.7,37.2,12.2,859.3,low,28.0
Late Blight,0,0,0.0,36.7,37.2,12.2,859.3,low,34.0
Fusarium Wilt,1,0,-1.0,36.7,37.2,12.2,859.3,low,16.0
Bacterial Spot,0,0,0.0,36.7,37.2,12.2,859.3,low,34.0
Early Blight,1,0,-0.6,28.5,97.2,30.1,639.5,moderate,56.0
Late Blight,2,0,-1.6,28.5,97.2,30.1,639.5,low,28.0
Fusarium Wilt,2,0,-2.0,28.5,97.2,30.1,639.5,moderate,44.0
Bacterial Spot,1,0,-1.0,28.5,97.2,30.1,639.5,moderate,44.0
Early Blight,0,0,0.0,35.7,30.5,73.9,701.7,low,34.0
Late Blight,1,0,-0.6,35.7,30.5,73.9,701.7,low,28.0
Fusarium Wilt,1,0,-1.0,35.7,30.5,73.9,701.7,low,16.0
Bacterial Spot,1,0,-0.6,35.7,30.5,73.9,701.7,low,28.0
Early Blight,1,0,-0.6,30.0,75.5,33.5,978.2,moderate,56.0
Late Blight,0,0,0.0,30.0,75.5,33.5,978.2,moderate,46.0
Fusarium Wilt,1,0,-1.0,30.0,75.5,33.5,978.2,moderate,44.0
Bacterial Spot,2,0,-1.6,30.0,75.5,33.5,978.2,low,28.0
Early Blight,0,0,0.0,37.8,71.0,71.1,706.6,moderate,46.0
Late Blight,1,0,-1.0,37.8,71.0,71.1,706.6,low,16.0
Fusarium Wilt,1,0,-1.0,37.8,71.0,71.1,706.6,low,28.0
Bacterial Spot,1,0,-0.6,37.8,71.0,71.1,706.6,low,28.0
Early Blight,0,0,0.0,25.0,76.9,29.7,1034.7,moderate,62.0
Late Blight,1,0,-1.0,25.0,76.9,29.7,1034.7,low,28.0
Fusarium Wilt,1,0,-1.0,25.0,76.9,29.7,1034.7,moderate,44.0
Bacterial Spot,1,0,-1.0,25.0,76.9,29.7,1034.7,low,28.0
Early Blight,1,0,-0.6,34.3,90.8,75.9,527.2,moderate,40.0
Late Blight,1,0,-0.6,34.3,90.8,75.9,527.2,moderate,40.0
Fusarium Wilt,1,0,-1.0,34.3,90.8,75.9,527.2,moderate,44.0
Bacterial Spot,0,0,0.0,34.3,90.8,75.9,527.2,moderate,46.0
Early Blight,0,0,0.0,32.6,90.7,22.5,1033.4,moderate,46.0
Late Blight,0,0,0.0,32.6,90.7,22.5,1033.4,moderate,46.0
Fusarium Wilt,0,0,0.0,32.6,90.7,22.5,1033.4,moderate,62.0
Bacterial Spot,1,0,-1.0,32.6,90.7,22.5,1033.4,low,28.0
Early Blight,0,0,0.0,26.6,45.0,10.8,1104.2,moderate,46.0
Late Blight,0,0,0.0,26.6,45.0,10.8,1104.2,low,34.0
Fusarium Wilt,1,0,-1.0,26.6,45.0,10.8,1104.2,moderate,44.0
Bacterial Spot,2,0,-1.6,26.6,45.0,10.8,1104.2,low,28.0
Early Blight,0,0,0.0,23.5,34.8,48.1,501.2,moderate,46.0
Late Blight,1,0,-0.6,23.5,34.8,48.1,501.2,moderate,40.0
Fusarium Wilt,1,0,-1.0,23.5,34.8,48.1,501.2,low,16.0
Bacterial Spot,1,0,-1.0,23.5,34.8,48.1,501.2,low,16.0
Early Blight,1,0,-0.6,36.5,88.7,28.6,704.9,moderate,40.0
Late Blight,1,0,-1.0,36.5,88.7,28.6,704.9,low,28.0
Fusarium Wilt,1,0,-1.0,36.5,88.7,28.6,704.9,low,28.0
Bacterial Spot,2,0,-1.6,36.5,88.7,28.6,704.9,low,28.0
Early Blight,1,0,-0.6,37.9,63.4,75.6,743.7,low,28.0
Late Blight,1,0,-0.6,37.9,63.4,75.6,743.7,low,28.0
Fusarium Wilt,2,0,-2.0,37.9,63.4,75.6,743.7,low,28.0
Bacterial Spot,0,0,0.0,37.9,63.4,75.6,743.7,low,34.0
Early Blight,1,0,-0.6,17.6,67.1,16.1,593.9,low,28.0
Late Blight,1,0,-0.6,17.6,67.1,16.1,593.9,moderate,40.0
Fusarium Wilt,0,0,0.0,17.6,67.1,16.1,593.9,moderate,46.0
Bacterial Spot,2,0,-1.6,17.6,67.1,16.1,593.9,low,16.0
Early Blight,0,0,0.0,23.3,40.5,78.3,803.4,moderate,46.0
Late Blight,1,0,-0.6,23.3,40.5,78.3,803.4,moderate,40.0
Fusarium Wilt,2,0,-2.0,23.3,40.5,78.3,803.4,low,28.0
Bacterial Spot,1,0,-1.0,23.3,40.5,78.3,803.4,low,16.0
Early Blight,1,0,-0.6,25.0,80.2,89.3,948.9,moderate,56.0
Late Blight,2,0,-1.6,25.0,80.2,89.3,948.9,low,28.0
Fusarium Wilt,2,0,-2.0,25.0,80.2,89.3,948.9,moderate,44.0
Bacterial Spot,2,0,-1.6,25.0,80.2,89.3,948.9,low,28.0
Early Blight,0,0,0.0,34.0,61.5,38.9,986.1,low,34.0
Late Blight,1,0,-1.0,34.0,61.5,38.9,986.1,low,16.0
Fusarium Wilt,1,0,-1.0,34.0,61.5,38.9,986.1,moderate,44.0
Bacterial Spot,1,0,-0.6,34.0,61.5,38.9,986.1,low,28.0
Early Blight,1,0,-0.6,26.2,50.9,28.3,117.5,moderate,40.0
Late Blight,1,0,-1.0,26.2,50.9,28.3,117.5,low,16.0
Fusarium Wilt,0,0,0.0,26.2,50.9,28.3,117.5,moderate,62.0
Bacterial Spot,2,0,-1.6,26.2,50.9,28.3,117.5,low,28.0
Early Blight,0,0,0.0,19.2,33.4,55.0,465.6,low,34.0
Late Blight,1,0,-1.0,19.2,33.4,55.0,465.6,low,28.0
Fusarium Wilt,0,0,0.0,19.2,33.4,55.0,465.6,low,34.0
Bacterial Spot,1,0,-1.0,19.2,33.4,55.0,465.6,low,16.0
Early Blight,1,0,-0.6,21.9,33.1,43.3,375.7,moderate,40.0
Late Blight,1,0,-0.6,21.9,33.1,43.3,375.7,moderate,40.0
Fusarium Wilt,2,0,-2.0,21.9,33.1,43.3,375.7,low,16.0
Bacterial Spot,1,0,-1.0,21.9,33.1,43.3,375.7,low,16.0
Early Blight,1,0,-0.6,19.8,53.0,68.1,1163.6,low,28.0
Late Blight,2,0,-1.6,19.8,53.0,68.1,1163.6,low,28.0
Fusarium Wilt,1,0,-1.0,19.8,53.0,68.1,1163.6,low,28.0
Bacterial Spot,0,0,0.0,19.8,53.0,68.1,1163.6,low,34.0
Early Blight,1,0,-0.6,34.2,71.3,42.5,839.0,moderate,40.0
Late Blight,1,0,-1.0,34.2,71.3,42.5,839.0,low,16.0
Fusarium Wilt,1,0,-1.0,34.2,71.3,42.5,839.0,moderate,44.0
Bacterial Spot,1,0,-0.6,34.2,71.3,42.5,839.0,low,28.0
Early Blight,1,0,-0.6,31.0,83.1,72.2,385.7,moderate,40.0
Late Blight,1,0,-1.0,31.0,83.1,72.2,385.7,low,28.0
Fusarium Wilt,0,0,0.0,31.0,83.1,72.2,385.7,moderate,62.0
Bacterial Spot,1,0,-1.0,31.0,83.1,72.2,385.7,low,16.0
Early Blight,1,0,-0.6,32.1,95.1,36.2,1039.1,moderate,40.0
Late Blight,2,0,-1.6,32.1,95.1,36.2,1039.1,low,28.0
Fusarium Wilt,1,0,-1.0,32.1,95.1,36.2,1039.1,moderate,44.0
Bacterial Spot,2,0,-1.6,32.1,95.1,36.2,1039.1,low,28.0
Early Blight,1,0,-0.6,31.9,64.0,80.5,649.8,low,28.0
Late Blight,2,0,-1.6,31.9,64.0,80.5,649.8,low,16.0
Fusarium Wilt,1,0,-1.0,31.9,64.0,80.5,649.8,moderate,44.0
Bacterial Spot,1,0,-1.0,31.9,64.0,80.5,649.8,low,16.0
Early Blight,1,0,-0.6,27.1,40.0,24.5,331.1,moderate,40.0
Late Blight,1,0,-0.6,27.1,40.0,24.5,331.1,low,28.0
Fusarium Wilt,2,0,-2.0,27.1,40.0,24.5,331.1,moderate,44.0
Bacterial Spot,1,0,-1.0,27.1,40.0,24.5,331.1,low,28.0
Early Blight,0,0,0.0,18.4,37.0,70.9,1019.5,low,34.0
Late Blight,1,0,-0.6,18.4,37.0,70.9,1019.5,moderate,40.0
Fusarium Wilt,0,0,0.0,18.4,37.0,70.9,1019.5,low,34.0
Bacterial Spot,2,0,-1.6,18.4,37.0,70.9,1019.5,low,16.0
Early Blight,1,0,-0.6,32.9,40.7,80.6,509.1,low,28.0
Late Blight,1,0,-0.6,32.9,40.7,80.6,509.1,low,28.0
Fusarium Wilt,1,0,-1.0,32.9,40.7,80.6,509.1,moderate,44.0
Bacterial Spot,2,0,-1.6,32.9,40.7,80.6,509.1,low,16.0
Early Blight,1,0,-0.6,24.8,69.3,26.6,1042.1,moderate,40.0
Late Blight,2,0,-1.6,24.8,69.3,26.6,1042.1,low,16.0
Fusarium Wilt,1,0,-1.0,24.8,69.3,26.6,1042.1,low,28.0
Bacterial Spot,0,0,0.0,24.8,69.3,26.6,1042.1,moderate,46.0
Early Blight,1,0,-0.6,17.2,96.6,31.3,846.5,moderate,40.0
Late Blight,1,0,-0.6,17.2,96.6,31.3,846.5,moderate,56.0
Fusarium Wilt,0,0,0.0,17.2,96.6,31.3,846.5,moderate,46.0
Bacterial Spot,1,0,-1.0,17.2,96.6,31.3,846.5,low,28.0
Early Blight,0,0,0.0,32.5,92.7,74.5,188.4,moderate,46.0
Late Blight,1,0,-1.0,32.5,92.7,74.5,188.4,low,28.0
Fusarium Wilt,0,0,0.0,32.5,92.7,74.5,188.4,moderate,62.0
Bacterial Spot,1,0,-0.6,32.5,92.7,74.5,188.4,moderate,40.0
Early Blight,0,0,0.0,19.6,42.6,76.8,301.9,low,34.0
Late Blight,2,0,-1.6,19.6,42.6,76.8,301.9,low,28.0
Fusarium Wilt,1,0,-1.0,19.6,42.6,76.8,301.9,low,28.0
Bacterial Spot,2,0,-1.6,19.6,42.6,76.8,301.9,low,16.0
Early Blight,1,0,-0.6,25.2,96.6,83.3,105.9,moderate,56.0
Late Blight,0,0,0.0,25.2,96.6,83.3,105.9,moderate,46.0
Fusarium Wilt,1,0,-1.0,25.2,96.6,83.3,105.9,moderate,44.0
Bacterial Spot,1,0,-1.0,25.2,96.6,83.3,105.9,moderate,44.0
Early Blight,0,0,0.0,29.2,71.7,88.9,457.6,moderate,62.0
Late Blight,1,0,-1.0,29.2,71.7,88.9,457.6,low,16.0
Fusarium Wilt,1,0,-1.0,29.2,71.7,88.9,457.6,moderate,44.0
Bacterial Spot,1,0,-0.6,29.2,71.7,88.9,457.6,moderate,40.0
Early Blight,1,0,-0.6,27.4,35.9,81.6,229.7,moderate,40.0
Late Blight,2,0,-1.6,27.4,35.9,81.6,229.7,low,16.0
Fusarium Wilt,0,0,0.0,27.4,35.9,81.6,229.7,moderate,46.0
Bacterial Spot,2,0,-1.6,27.4,35.9,81.6,229.7,low,28.0
Early Blight,1,0,-0.6,24.9,58.5,41.6,464.2,moderate,40.0
Late Blight,0,0,0.0,24.9,58.5,41.6,464.2,low,34.0
Fusarium Wilt,1,0,-1.0,24.9,58.5,41.6,464.2,low,28.0
Bacterial Spot,1,0,-0.6,24.9,58.5,41.6,464.2,moderate,40.0
Early Blight,0,0,0.0,32.2,69.9,11.9,895.1,low,34.0
Late Blight,1,0,-0.6,32.2,69.9,11.9,895.1,low,28.0
Fusarium Wilt,1,0,-1.0,32.2,69.9,11.9,895.1,moderate,44.0
Bacterial Spot,0,0,0.0,32.2,69.9,11.9,895.1,low,34.0
Early Blight,0,0,0.0,34.5,31.5,13.6,111.3,low,34.0
Late Blight,1,0,-1.0,34.5,31.5,13.6,111.3,low,16.0
Fusarium Wilt,0,0,0.0,34.5,31.5,13.6,111.3,moderate,46.0
Bacterial Spot,1,0,-1.0,34.5,31.5,13.6,111.3,low,16.0
Early Blight,1,0,-0.6,35.8,82.8,85.6,1070.3,moderate,40.0
Late Blight,2,0,-1.6,35.8,82.8,85.6,1070.3,low,28.0
Fusarium Wilt,1,0,-1.0,35.8,82.8,85.6,1070.3,low,28.0
Bacterial Spot,1,0,-1.0,35.8,82.8,85.6,1070.3,low,16.0
Early Blight,1,0,-0.6,23.0,43.1,26.5,107.2,moderate,40.0
Late Blight,2,0,-1.6,23.0,43.1,26.5,107.2,low,28.0
Fusarium Wilt,0,0,0.0,23.0,43.1,26.5,107.2,moderate,46.0
Bacterial Spot,1,0,-0.6,23.0,43.1,26.5,107.2,low,28.0
Early Blight,1,0,-0.6,37.4,37.7,80.8,348.9,low,28.0
Late Blight,1,0,-1.0,37.4,37.7,80.8,348.9,low,16.0
Fusarium Wilt,1,0,-1.0,37.4,37.7,80.8,348.9,low,16.0
Bacterial Spot,1,0,-1.0,37.4,37.7,80.8,348.9,low,16.0
Early Blight,1,0,-0.6,27.8,68.1,65.6,329.0,moderate,40.0
Late Blight,1,0,-0.6,27.8,68.1,65.6,329.0,low,28.0
Fusarium Wilt,1,0,-1.0,27.8,68.1,65.6,329.0,moderate,44.0
Bacterial Spot,2,0,-1.6,27.8,68.1,65.6,329.0,low,28.0
Early Blight,0,0,0.0,24.8,30.5,53.0,481.5,moderate,46.0
Late Blight,0,0,0.0,24.8,30.5,53.0,481.5,low,34.0
Fusarium Wilt,1,0,-1.0,24.8,30.5,53.0,481.5,low,16.0
Bacterial Spot,0,0,0.0,24.8,30.5,53.0,481.5,moderate,46.0
Early Blight,0,0,0.0,17.1,89.8,14.6,958.1,moderate,46.0
Late Blight,1,0,-1.0,17.1,89.8,14.6,958.1,moderate,44.0
Fusarium Wilt,0,0,0.0,17.1,89.8,14.6,958.1,moderate,46.0
Bacterial Spot,1,0,-0.6,17.1,89.8,14.6,958.1,moderate,40.0
Early Blight,1,0,-0.6,20.6,63.8,25.8,629.2,moderate,40.0
Late Blight,2,0,-1.6,20.6,63.8,25.8,629.2,low,28.0
Fusarium Wilt,1,0,-1.0,20.6,63.8,25.8,629.2,low,28.0
Bacterial Spot,0,0,0.0,20.6,63.8,25.8,629.2,low,34.0
Early Blight,0,0,0.0,29.7,68.5,82.1,476.1,moderate,46.0
Late Blight,2,0,-1.6,29.7,68.5,82.1,476.1,low,16.0
Fusarium Wilt,2,0,-2.0,29.7,68.5,82.1,476.1,moderate,44.0
Bacterial Spot,2,0,-1.6,29.7,68.5,82.1,476.1,low,28.0
Early Blight,1,0,-0.6,20.3,57.3,85.5,1040.5,moderate,40.0
Late Blight,1,0,-1.0,20.3,57.3,85.5,1040.5,low,28.0
Fusarium Wilt,0,0,0.0,20.3,57.3,85.5,1040.5,moderate,46.0
Bacterial Spot,2,0,-1.6,20.3,57.3,85.5,1040.5,low,16.0
Early Blight,1,0,-0.6,35.8,77.7,81.2,568.3,moderate,40.0
Late Blight,1,0,-0.6,35.8,77.7,81.2,568.3,moderate,40.0
Fusarium Wilt,1,0,-1.0,35.8,77.7,81.2,568.3,low,28.0
Bacterial Spot,0,0,0.0,35.8,77.7,81.2,568.3,low,34.0
Early Blight,0,0,0.0,21.2,89.5,31.6,310.2,moderate,62.0
Late Blight,1,0,-1.0,21.2,89.5,31.6,310.2,moderate,44.0
Fusarium Wilt,1,0,-1.0,21.2,89.5,31.6,310.2,low,28.0
Bacterial Spot,2,0,-1.6,21.2,89.5,31.6,310.2,low,28.0
Early Blight,1,0,-0.6,31.6,39.5,56.6,215.6,low,28.0
Late Blight,0,0,0.0,31.6,39.5,56.6,215.6,low,34.0
Fusarium Wilt,1,0,-1.0,31.6,39.5,56.6,215.6,low,28.0
Bacterial Spot,2,0,-1.6,31.6,39.5,56.6,215.6,low,16.0
Early Blight,0,0,0.0,25.7,96.2,39.9,915.4,moderate,62.0
Late Blight,2,0,-1.6,25.7,96.2,39.9,915.4,low,28.0
Fusarium Wilt,0,0,0.0,25.7,96.2,39.9,915.4,moderate,62.0
Bacterial Spot,1,0,-1.0,25.7,96.2,39.9,915.4,moderate,44.0
Early Blight,0,0,0.0,22.4,93.4,73.3,749.8,moderate,62.0
Late Blight,1,0,-0.6,22.4,93.4,73.3,749.8,moderate,56.0
Fusarium Wilt,1,0,-1.0,22.4,93.4,73.3,749.8,low,28.0
Bacterial Spot,1,0,-1.0,22.4,93.4,73.3,749.8,low,28.0
Early Blight,1,0,-0.6,34.1,43.5,26.7,357.9,low,28.0
Late Blight,0,0,0.0,34.1,43.5,26.7,357.9,low,34.0
Fusarium Wilt,2,0,-2.0,34.1,43.5,26.7,357.9,moderate,44.0
Bacterial Spot,1,0,-0.6,34.1,43.5,26.7,357.9,low,28.0
Early Blight,1,0,-0.6,22.8,78.7,63.2,1156.0,moderate,56.0
Late Blight,1,0,-0.6,22.8,78.7,63.2,1156.0,moderate,56.0
Fusarium Wilt,0,0,0.0,22.8,78.7,63.2,1156.0,moderate,46.0
Bacterial Spot,0,0,0.0,22.8,78.7,63.2,1156.0,low,34.0
Early Blight,1,0,-0.6,34.1,66.8,87.8,452.7,low,28.0
Late Blight,1,0,-0.6,34.1,66.8,87.8,452.7,low,28.0
Fusarium Wilt,1,0,-1.0,34.1,66.8,87.8,452.7,moderate,44.0
Bacterial Spot,1,0,-0.6,34.1,66.8,87.8,452.7,low,28.0
Early Blight,1,0,-0.6,17.9,69.7,23.5,435.7,low,28.0
Late Blight,0,0,0.0,17.9,69.7,23.5,435.7,moderate,46.0
Fusarium Wilt,1,0,-1.0,17.9,69.7,23.5,435.7,low,28.0
Bacterial Spot,1,0,-0.6,17.9,69.7,23.5,435.7,low,28.0
Early Blight,0,0,0.0,18.7,42.5,38.0,930.5,low,34.0
Late Blight,1,0,-1.0,18.7,42.5,38.0,930.5,low,28.0
Fusarium Wilt,1,0,-1.0,18.7,42.5,38.0,930.5,low,28.0
Bacterial Spot,0,0,0.0,18.7,42.5,38.0,930.5,low,34.0
Early Blight,0,0,0.0,25.3,67.6,25.1,936.5,moderate,46.0
Late Blight,1,0,-0.6,25.3,67.6,25.1,936.5,low,28.0
Fusarium Wilt,0,0,0.0,25.3,67.6,25.1,936.5,moderate,62.0
Bacterial Spot,2,0,-1.6,25.3,67.6,25.1,936.5,low,28.0
Early Blight,0,0,0.0,21.6,69.0,57.5,966.9,moderate,46.0
Late Blight,1,0,-0.6,21.6,69.0,57.5,966.9,moderate,40.0
Fusarium Wilt,1,0,-1.0,21.6,69.0,57.5,966.9,low,28.0
Bacterial Spot,2,0,-1.6,21.6,69.0,57.5,966.9,low,16.0
Early Blight,0,0,0.0,21.0,86.5,37.4,1023.1,moderate,62.0
Late Blight,2,0,-1.6,21.0,86.5,37.4,1023.1,moderate,44.0
Fusarium Wilt,1,0,-1.0,21.0,86.5,37.4,1023.1,low,28.0
Bacterial Spot,1,0,-0.6,21.0,86.5,37.4,1023.1,moderate,40.0
Early Blight,1,0,-0.6,20.3,35.1,69.0,192.8,moderate,40.0
Late Blight,2,0,-1.6,20.3,35.1,69.0,192.8,low,28.0
Fusarium Wilt,1,0,-1.0,20.3,35.1,69.0,192.8,low,16.0
Bacterial Spot,2,0,-1.6,20.3,35.1,69.0,192.8,low,16.0
Early Blight,1,0,-0.6,17.0,70.2,40.6,106.4,moderate,40.0
Late Blight,0,0,0.0,17.0,70.2,40.6,106.4,moderate,46.0
Fusarium Wilt,2,0,-2.0,17.0,70.2,40.6,106.4,low,28.0
Bacterial Spot,2,0,-1.6,17.0,70.2,40.6,106.4,low,16.0
Early Blight,1,0,-0.6,24.2,92.8,69.9,1014.0,moderate,56.0
Late Blight,0,0,0.0,24.2,92.8,69.9,1014.0,moderate,46.0
Fusarium Wilt,2,0,-2.0,24.2,92.8,69.9,1014.0,low,28.0
Bacterial Spot,0,0,0.0,24.2,92.8,69.9,1014.0,moderate,62.0
Early Blight,1,0,-0.6,15.2,68.9,28.3,290.8,low,28.0
Late Blight,1,0,-1.0,15.2,68.9,28.3,290.8,low,28.0
Fusarium Wilt,0,0,0.0,15.2,68.9,28.3,290.8,moderate,46.0
Bacterial Spot,1,0,-0.6,15.2,68.9,28.3,290.8,low,28.0
Early Blight,0,0,0.0,34.9,43.5,42.8,113.7,low,34.0
Late Blight,1,0,-0.6,34.9,43.5,42.8,113.7,low,28.0
Fusarium Wilt,2,0,-2.0,34.9,43.5,42.8,113.7,moderate,44.0
Bacterial Spot,2,0,-1.6,34.9,43.5,42.8,113.7,low,16.0
Early Blight,0,0,0.0,17.3,53.7,82.0,416.5,low,34.0
Late Blight,2,0,-1.6,17.3,53.7,82.0,416.5,low,28.0
Fusarium Wilt,1,0,-1.0,17.3,53.7,82.0,416.5,low,28.0
Bacterial Spot,1,0,-0.6,17.3,53.7,82.0,416.5,low,28.0
Early Blight,1,0,-0.6,24.7,92.5,12.5,1044.5,moderate,56.0
Late Blight,2,0,-1.6,24.7,92.5,12.5,1044.5,low,28.0
Fusarium Wilt,1,0,-1.0,24.7,92.5,12.5,1044.5,low,28.0
Bacterial Spot,2,0,-1.6,24.7,92.5,12.5,1044.5,moderate,44.0
Early Blight,1,0,-0.6,16.6,52.3,37.2,662.8,low,28.0
Late Blight,0,0,0.0,16.6,52.3,37.2,662.8,moderate,46.0
Fusarium Wilt,1,0,-1.0,16.6,52.3,37.2,662.8,low,28.0
Bacterial Spot,2,0,-1.6,16.6,52.3,37.2,662.8,low,16.0
Early Blight,1,0,-0.6,19.2,90.0,33.0,341.1,moderate,40.0
Late Blight,1,0,-0.6,19.2,90.0,33.0,341.1,moderate,56.0
Fusarium Wilt,2,0,-2.0,19.2,90.0,33.0,341.1,low,28.0
Bacterial Spot,1,0,-1.0,19.2,90.0,33.0,341.1,low,28.0
Early Blight,0,0,0.0,33.3,64.1,41.1,381.1,low,34.0
Late Blight,1,0,-0.6,33.3,64.1,41.1,381.1,low,28.0
Fusarium Wilt,0,0,0.0,33.3,64.1,41.1,381.1,moderate,62.0
Bacterial Spot,2,0,-1.6,33.3,64.1,41.1,381.1,low,16.0
Early Blight,0,0,0.0,34.4,39.3,54.8,145.6,low,34.0
Late Blight,1,0,-1.0,34.4,39.3,54.8,145.6,low,16.0
Fusarium Wilt,1,0,-1.0,34.4,39.3,54.8,145.6,low,28.0
Bacterial Spot,0,0,0.0,34.4,39.3,54.8,145.6,low,34.0
Early Blight,0,0,0.0,15.1,53.0,50.1,470.9,low,34.0
Late Blight,1,0,-1.0,15.1,53.0,50.1,470.9,low,28.0
Fusarium Wilt,2,0,-2.0,15.1,53.0,50.1,470.9,low,28.0
Bacterial Spot,2,0,-1.6,15.1,53.0,50.1,470.9,low,16.0
Early Blight,1,0,-0.6,28.6,31.1,73.8,739.7,moderate,40.0
Late Blight,1,0,-0.6,28.6,31.1,73.8,739.7,low,28.0
Fusarium Wilt,2,0,-2.0,28.6,31.1,73.8,739.7,low,28.0
Bacterial Spot,0,0,0.0,28.6,31.1,73.8,739.7,moderate,46.0
Early Blight,0,0,0.0,32.0,50.0,46.4,1151.8,low,34.0
Late Blight,2,0,-1.6,32.0,50.0,46.4,1151.8,low,16.0
Fusarium Wilt,2,0,-2.0,32.0,50.0,46.4,1151.8,moderate,44.0
Bacterial Spot,1,0,-0.6,32.0,50.0,46.4,1151.8,low,28.0
Early Blight,1,0,-0.6,30.0,88.2,80.3,382.0,moderate,56.0
Late Blight,1,0,-1.0,30.0,88.2,80.3,382.0,low,28.0
Fusarium Wilt,2,0,-2.0,30.0,88.2,80.3,382.0,moderate,44.0
Bacterial Spot,0,0,0.0,30.0,88.2,80.3,382.0,moderate,62.0
Early Blight,1,0,-0.6,37.2,34.6,62.7,1070.5,low,28.0
Late Blight,1,0,-1.0,37.2,34.6,62.7,1070.5,low,16.0
Fusarium Wilt,1,0,-1.0,37.2,34.6,62.7,1070.5,low,16.0
Bacterial Spot,2,0,-1.6,37.2,34.6,62.7,1070.5,low,16.0
Early Blight,0,0,0.0,36.3,41.4,77.4,112.2,low,34.0
Late Blight,1,0,-1.0,36.3,41.4,77.4,112.2,low,16.0
Fusarium Wilt,0,0,0.0,36.3,41.4,77.4,112.2,moderate,46.0
Bacterial Spot,2,0,-1.6,36.3,41.4,77.4,112.2,low,16.0
Early Blight,0,0,0.0,20.4,58.0,80.6,136.6,moderate,46.0
Late Blight,2,0,-1.6,20.4,58.0,80.6,136.6,low,28.0
Fusarium Wilt,2,0,-2.0,20.4,58.0,80.6,136.6,low,28.0
Bacterial Spot,1,0,-0.6,20.4,58.0,80.6,136.6,low,28.0
Early Blight,1,0,-0.6,24.1,73.8,63.3,124.5,moderate,56.0
Late Blight,0,0,0.0,24.1,73.8,63.3,124.5,low,34.0
Fusarium Wilt,1,0,-1.0,24.1,73.8,63.3,124.5,low,28.0
Bacterial Spot,2,0,-1.6,24.1,73.8,63.3,124.5,low,28.0
Early Blight,0,0,0.0,24.4,88.3,82.9,806.6,moderate,62.0
Late Blight,0,0,0.0,24.4,88.3,82.9,806.6,moderate,46.0
Fusarium Wilt,1,0,-1.0,24.4,88.3,82.9,806.6,low,28.0
Bacterial Spot,2,0,-1.6,24.4,88.3,82.9,806.6,moderate,44.0
Early Blight,1,0,-0.6,32.5,76.0,74.7,151.4,moderate,40.0
Late Blight,2,0,-1.6,32.5,76.0,74.7,151.4,low,28.0
Fusarium Wilt,1,0,-1.0,32.5,76.0,74.7,151.4,moderate,44.0
Bacterial Spot,0,0,0.0,32.5,76.0,74.7,151.4,low,34.0
Early Blight,0,0,0.0,35.0,64.3,48.5,539.8,low,34.0
Late Blight,1,0,-1.0,35.0,64.3,48.5,539.8,low,16.0
Fusarium Wilt,2,0,-2.0,35.0,64.3,48.5,539.8,moderate,44.0
Bacterial Spot,1,0,-0.6,35.0,64.3,48.5,539.8,low,28.0
Early Blight,0,0,0.0,18.2,86.3,65.6,164.6,moderate,46.0
Late Blight,0,0,0.0,18.2,86.3,65.6,164.6,moderate,62.0
Fusarium Wilt,0,0,0.0,18.2,86.3,65.6,164.6,moderate,46.0
Bacterial Spot,1,0,-1.0,18.2,86.3,65.6,164.6,low,28.0
Early Blight,1,0,-0.6,15.7,56.6,24.9,167.3,low,28.0
Late Blight,0,0,0.0,15.7,56.6,24.9,167.3,moderate,46.0
Fusarium Wilt,0,0,0.0,15.7,56.6,24.9,167.3,moderate,46.0
Bacterial Spot,2,0,-1.6,15.7,56.6,24.9,167.3,low,16.0
Early Blight,0,0,0.0,33.6,69.5,71.3,659.9,low,34.0
Late Blight,0,0,0.0,33.6,69.5,71.3,659.9,low,34.0
Fusarium Wilt,1,0,-1.0,33.6,69.5,71.3,659.9,moderate,44.0
Bacterial Spot,2,0,-1.6,33.6,69.5,71.3,659.9,low,16.0
Early Blight,1,0,-0.6,31.2,95.7,71.6,949.9,moderate,40.0
Late Blight,1,0,-1.0,31.2,95.7,71.6,949.9,low,28.0
Fusarium Wilt,0,0,0.0,31.2,95.7,71.6,949.9,moderate,62.0
Bacterial Spot,1,0,-0.6,31.2,95.7,71.6,949.9,moderate,40.0
Early Blight,0,0,0.0,21.0,57.6,33.4,133.2,moderate,46.0
Late Blight,0,0,0.0,21.0,57.6,33.4,133.2,moderate,46.0
Fusarium Wilt,0,0,0.0,21.0,57.6,33.4,133.2,moderate,46.0
Bacterial Spot,1,0,-1.0,21.0,57.6,33.4,133.2,low,16.0
Early Blight,1,0,-0.6,37.0,50.6,89.2,761.7,low,28.0
Late Blight,1,0,-1.0,37.0,50.6,89.2,761.7,low,16.0
Fusarium Wilt,1,0,-1.0,37.0,50.6,89.2,761.7,low,28.0
Bacterial Spot,2,0,-1.6,37.0,50.6,89.2,761.7,low,16.0
Early Blight,1,0,-0.6,19.1,72.0,75.6,583.1,moderate,40.0
Late Blight,1,0,-1.0,19.1,72.0,75.6,583.1,low,28.0
Fusarium Wilt,1,0,-1.0,19.1,72.0,75.6,583.1,low,28.0
Bacterial Spot,1,0,-1.0,19.1,72.0,75.6,583.1,low,16.0
Early Blight,0,0,0.0,32.1,48.9,72.9,992.9,low,34.0
Late Blight,0,0,0.0,32.1,48.9,72.9,992.9,low,34.0
Fusarium Wilt,1,0,-1.0,32.1,48.9,72.9,992.9,moderate,44.0
Bacterial Spot,1,0,-0.6,32.1,48.9,72.9,992.9,low,28.0
Early Blight,0,0,0.0,25.8,88.5,10.4,797.4,moderate,62.0
Late Blight,2,0,-1.6,25.8,88.5,10.4,797.4,low,28.0
Fusarium Wilt,1,0,-1.0,25.8,88.5,10.4,797.4,moderate,44.0
Bacterial Spot,0,0,0.0,25.8,88.5,10.4,797.4,moderate,62.0
Early Blight,1,0,-0.6,32.4,92.6,18.2,815.5,moderate,40.0
Late Blight,0,0,0.0,32.4,92.6,18.2,815.5,moderate,46.0
Fusarium Wilt,0,0,0.0,32.4,92.6,18.2,815.5,moderate,62.0
Bacterial Spot,1,0,-0.6,32.4,92.6,18.2,815.5,moderate,40.0
Early Blight,1,0,-0.6,15.0,93.9,72.0,225.9,moderate,40.0
Late Blight,1,0,-0.6,15.0,93.9,72.0,225.9,moderate,56.0
Fusarium Wilt,1,0,-1.0,15.0,93.9,72.0,225.9,low,28.0
Bacterial Spot,1,0,-0.6,15.0,93.9,72.0,225.9,moderate,40.0
Early Blight,0,0,0.0,26.8,66.7,51.4,1088.1,moderate,46.0
Late Blight,2,0,-1.6,26.8,66.7,51.4,1088.1,low,16.0
Fusarium Wilt,2,0,-2.0,26.8,66.7,51.4,1088.1,moderate,44.0
Bacterial Spot,0,0,0.0,26.8,66.7,51.4,1088.1,moderate,46.0
Early Blight,1,0,-0.6,30.0,82.4,76.6,1026.7,moderate,56.0
Late Blight,0,0,0.0,30.0,82.4,76.6,1026.7,moderate,46.0
Fusarium Wilt,2,0,-2.0,30.0,82.4,76.6,1026.7,moderate,44.0
Bacterial Spot,0,0,0.0,30.0,82.4,76.6,1026.7,moderate,46.0
Early Blight,1,0,-0.6,22.8,68.4,61.3,613.6,moderate,40.0
Late Blight,1,0,-1.0,22.8,68.4,61.3,613.6,low,28.0
Fusarium Wilt,1,0,-1.0,22.8,68.4,61.3,613.6,low,28.0
Bacterial Spot,1,0,-1.0,22.8,68.4,61.3,613.6,low,16.0
Early Blight,1,0,-0.6,35.6,88.4,23.7,619.5,moderate,40.0
Late Blight,2,0,-1.6,35.6,88.4,23.7,619.5,low,28.0
Fusarium Wilt,2,0,-2.0,35.6,88.4,23.7,619.5,low,28.0
Bacterial Spot,1,0,-0.6,35.6,88.4,23.7,619.5,moderate,40.0
Early Blight,0,0,0.0,29.6,84.7,89.5,563.4,moderate,62.0
Late Blight,1,0,-0.6,29.6,84.7,89.5,563.4,moderate,40.0
Fusarium Wilt,1,0,-1.0,29.6,84.7,89.5,563.4,moderate,44.0
Bacterial Spot,1,0,-1.0,29.6,84.7,89.5,563.4,low,28.0
Early Blight,1,0,-0.6,29.8,52.7,51.8,1003.5,moderate,40.0
Late Blight,2,0,-1.6,29.8,52.7,51.8,1003.5,low,16.0
Fusarium Wilt,1,0,-1.0,29.8,52.7,51.8,1003.5,moderate,44.0
Bacterial Spot,0,0,0.0,29.8,52.7,51.8,1003.5,moderate,46.0
Early Blight,1,0,-0.6,21.9,74.7,39.9,548.6,moderate,56.0
Late Blight,1,0,-1.0,21.9,74.7,39.9,548.6,low,28.0
Fusarium Wilt,1,0,-1.0,21.9,74.7,39.9,548.6,low,28.0
Bacterial Spot,2,0,-1.6,21.9,74.7,39.9,548.6,low,16.0
Early Blight,0,0,0.0,35.9,68.8,42.4,998.0,low,34.0
Late Blight,2,0,-1.6,35.9,68.8,42.4,998.0,low,16.0
Fusarium Wilt,1,0,-1.0,35.9,68.8,42.4,998.0,low,28.0
Bacterial Spot,1,0,-0.6,35.9,68.8,42.4,998.0,low,28.0
Early Blight,1,0,-0.6,23.6,39.0,71.2,858.7,moderate,40.0
Late Blight,1,0,-1.0,23.6,39.0,71.2,858.7,low,28.0
Fusarium Wilt,1,0,-1.0,23.6,39.0,71.2,858.7,low,16.0
Bacterial Spot,1,0,-1.0,23.6,39.0,71.2,858.7,low,16.0
Early Blight,0,0,0.0,25.1,55.0,85.3,847.6,moderate,46.0
Late Blight,0,0,0.0,25.1,55.0,85.3,847.6,low,34.0
Fusarium Wilt,1,0,-1.0,25.1,55.0,85.3,847.6,moderate,44.0
Bacterial Spot,1,0,-0.6,25.1,55.0,85.3,847.6,moderate,40.0
Early Blight,0,0,0.0,23.1,78.7,46.1,648.3,moderate,62.0
Late Blight,1,0,-1.0,23.1,78.7,46.1,648.3,moderate,44.0
Fusarium Wilt,1,0,-1.0,23.1,78.7,46.1,648.3,low,28.0
Bacterial Spot,1,0,-0.6,23.1,78.7,46.1,648.3,low,28.0
Early Blight,0,0,0.0,15.9,57.4,47.1,953.0,low,34.0
Late Blight,1,0,-1.0,15.9,57.4,47.1,953.0,low,28.0
Fusarium Wilt,1,0,-1.0,15.9,57.4,47.1,953.0,low,28.0
Bacterial Spot,1,0,-0.6,15.9,57.4,47.1,953.0,low,28.0
Early Blight,1,0,-0.6,36.0,90.3,82.4,248.4,moderate,40.0
Late Blight,1,0,-1.0,36.0,90.3,82.4,248.4,low,28.0
Fusarium Wilt,2,0,-2.0,36.0,90.3,82.4,248.4,low,28.0
Bacterial Spot,1,0,-1.0,36.0,90.3,82.4,248.4,low,28.0
Early Blight,0,0,0.0,15.3,58.4,15.8,599.1,low,34.0
Late Blight,1,0,-0.6,15.3,58.4,15.8,599.1,moderate,40.0
Fusarium Wilt,1,0,-1.0,15.3,58.4,15.8,599.1,low,28.0
Bacterial Spot,0,0,0.0,15.3,58.4,15.8,599.1,low,34.0
Early Blight,0,0,0.0,36.8,74.7,22.3,1106.3,moderate,46.0
Late Blight,0,0,0.0,36.8,74.7,22.3,1106.3,low,34.0
Fusarium Wilt,1,0,-1.0,36.8,74.7,22.3,1106.3,low,28.0
Bacterial Spot,0,0,0.0,36.8,74.7,22.3,1106.3,low,34.0
Early Blight,1,0,-0.6,24.2,65.0,66.8,596.0,moderate,40.0
Late Blight,1,0,-0.6,24.2,65.0,66.8,596.0,low,28.0
Fusarium Wilt,2,0,-2.0,24.2,65.0,66.8,596.0,low,28.0
Bacterial Spot,1,0,-0.6,24.2,65.0,66.8,596.0,moderate,40.0
Early Blight,1,0,-0.6,36.8,84.9,81.6,994.4,moderate,40.0
Late Blight,1,0,-1.0,36.8,84.9,81.6,994.4,low,28.0
Fusarium Wilt,1,0,-1.0,36.8,84.9,81.6,994.4,low,28.0
Bacterial Spot,1,0,-1.0,36.8,84.9,81.6,994.4,low,16.0
Early Blight,1,0,-0.6,24.3,32.0,81.7,418.6,moderate,40.0
Late Blight,0,0,0.0,24.3,32.0,81.7,418.6,low,34.0
Fusarium Wilt,1,0,-1.0,24.3,32.0,81.7,418.6,low,16.0
Bacterial Spot,0,0,0.0,24.3,32.0,81.7,418.6,moderate,46.0
Early Blight,0,0,0.0,16.5,83.9,69.3,827.5,moderate,46.0
Late Blight,0,0,0.0,16.5,83.9,69.3,827.5,moderate,62.0
Fusarium Wilt,1,0,-1.0,16.5,83.9,69.3,827.5,low,28.0
Bacterial Spot,2,0,-1.6,16.5,83.9,69.3,827.5,low,16.0
Early Blight,0,0,0.0,33.7,63.7,22.2,799.1,low,34.0
Late Blight,1,0,-1.0,33.7,63.7,22.2,799.1,low,16.0
Fusarium Wilt,0,0,0.0,33.7,63.7,22.2,799.1,moderate,62.0
Bacterial Spot,1,0,-0.6,33.7,63.7,22.2,799.1,low,28.0
Early Blight,0,0,0.0,18.7,83.4,85.2,249.0,moderate,46.0
Late Blight,1,0,-1.0,18.7,83.4,85.2,249.0,moderate,44.0
Fusarium Wilt,1,0,-1.0,18.7,83.4,85.2,249.0,low,28.0
Bacterial Spot,2,0,-1.6,18.7,83.4,85.2,249.0,low,16.0
Early Blight,0,0,0.0,20.3,68.8,48.8,569.3,moderate,46.0
Late Blight,0,0,0.0,20.3,68.8,48.8,569.3,moderate,46.0
Fusarium Wilt,1,0,-1.0,20.3,68.8,48.8,569.3,low,28.0
Bacterial Spot,1,0,-1.0,20.3,68.8,48.8,569.3,low,16.0
Early Blight,0,0,0.0,28.1,96.4,72.1,1113.3,moderate,62.0
Late Blight,1,0,-1.0,28.1,96.4,72.1,1113.3,low,28.0
Fusarium Wilt,1,0,-1.0,28.1,96.4,72.1,1113.3,moderate,44.0
Bacterial Spot,1,0,-0.6,28.1,96.4,72.1,1113.3,moderate,56.0
Early Blight,1,0,-0.6,30.2,46.7,84.8,593.4,low,28.0
Late Blight,1,0,-1.0,30.2,46.7,84.8,593.4,low,16.0
Fusarium Wilt,0,0,0.0,30.2,46.7,84.8,593.4,moderate,62.0
Bacterial Spot,1,0,-1.0,30.2,46.7,84.8,593.4,low,16.0
Early Blight,1,0,-0.6,36.1,73.7,71.7,1034.5,moderate,40.0
Late Blight,1,0,-1.0,36.1,73.7,71.7,1034.5,low,16.0
Fusarium Wilt,2,0,-2.0,36.1,73.7,71.7,1034.5,low,28.0
Bacterial Spot,2,0,-1.6,36.1,73.7,71.7,1034.5,low,16.0
Early Blight,1,0,-0.6,16.7,43.2,62.8,447.3,low,28.0
Late Blight,2,0,-1.6,16.7,43.2,62.8,447.3,low,28.0
Fusarium Wilt,1,0,-1.0,16.7,43.2,62.8,447.3,low,28.0
Bacterial Spot,1,0,-1.0,16.7,43.2,62.8,447.3,low,16.0
Early Blight,0,0,0.0,23.0,45.4,16.9,733.2,moderate,46.0
Late Blight,1,0,-0.6,23.0,45.4,16.9,733.2,moderate,40.0
Fusarium Wilt,1,0,-1.0,23.0,45.4,16.9,733.2,low,28.0
Bacterial Spot,0,0,0.0,23.0,45.4,16.9,733.2,low,34.0
Early Blight,1,0,-0.6,16.6,43.5,48.7,331.0,low,28.0
Late Blight,2,0,-1.6,16.6,43.5,48.7,331.0,low,28.0
Fusarium Wilt,1,0,-1.0,16.6,43.5,48.7,331.0,low,28.0
Bacterial Spot,2,0,-1.6,16.6,43.5,48.7,331.0,low,16.0
Early Blight,1,0,-0.6,27.6,30.0,31.7,574.4,moderate,40.0
Late Blight,1,0,-0.6,27.6,30.0,31.7,574.4,low,28.0
Fusarium Wilt,2,0,-2.0,27.6,30.0,31.7,574.4,low,28.0
Bacterial Spot,0,0,0.0,27.6,30.0,31.7,574.4,moderate,46.0
Early Blight,0,0,0.0,35.4,77.0,47.6,453.5,moderate,46.0
Late Blight,0,0,0.0,35.4,77.0,47.6,453.5,moderate,46.0
Fusarium Wilt,0,0,0.0,35.4,77.0,47.6,453.5,moderate,46.0
Bacterial Spot,0,0,0.0,35.4,77.0,47.6,453.5,low,34.0
Early Blight,1,0,-0.6,37.4,36.1,65.6,1157.1,low,28.0
Late Blight,1,0,-0.6,37.4,36.1,65.6,1157.1,low,28.0
Fusarium Wilt,2,0,-2.0,37.4,36.1,65.6,1157.1,low,16.0
Bacterial Spot,1,0,-0.6,37.4,36.1,65.6,1157.1,low,28.0
Early Blight,1,0,-0.6,33.7,68.0,38.3,101.6,low,28.0
Late Blight,0,0,0.0,33.7,68.0,38.3,101.6,low,34.0
Fusarium Wilt,1,0,-1.0,33.7,68.0,38.3,101.6,moderate,44.0
Bacterial Spot,1,0,-0.6,33.7,68.0,38.3,101.6,low,28.0
Early Blight,0,0,0.0,31.5,72.1,63.5,373.8,moderate,46.0
Late Blight,1,0,-0.6,31.5,72.1,63.5,373.8,low,28.0
Fusarium Wilt,2,0,-2.0,31.5,72.1,63.5,373.8,moderate,44.0
Bacterial Spot,2,0,-1.6,31.5,72.1,63.5,373.8,low,16.0
Early Blight,0,0,0.0,20.7,86.4,11.0,442.6,moderate,62.0
Late Blight,2,0,-1.6,20.7,86.4,11.0,442.6,moderate,44.0
Fusarium Wilt,1,0,-1.0,20.7,86.4,11.0,442.6,low,28.0
Bacterial Spot,0,0,0.0,20.7,86.4,11.0,442.6,moderate,46.0
Early Blight,1,0,-0.6,27.6,42.1,74.3,126.5,moderate,40.0
Late Blight,1,0,-1.0,27.6,42.1,74.3,126.5,low,16.0
Fusarium Wilt,0,0,0.0,27.6,42.1,74.3,126.5,moderate,62.0
Bacterial Spot,1,0,-1.0,27.6,42.1,74.3,126.5,low,28.0
Early Blight,0,0,0.0,36.1,67.0,41.9,1143.4,low,34.0
Late Blight,1,0,-0.6,36.1,67.0,41.9,1143.4,low,28.0
Fusarium Wilt,1,0,-1.0,36.1,67.0,41.9,1143.4,low,28.0
Bacterial Spot,2,0,-1.6,36.1,67.0,41.9,1143.4,low,16.0
Early Blight,0,0,0.0,29.0,53.0,87.7,520.4,moderate,46.0
Late Blight,1,0,-0.6,29.0,53.0,87.7,520.4,low,28.0
Fusarium Wilt,2,0,-2.0,29.0,53.0,87.7,520.4,moderate,44.0
Bacterial Spot,1,0,-0.6,29.0,53.0,87.7,520.4,moderate,40.0
Early Blight,0,0,0.0,16.3,42.9,88.8,430.0,low,34.0
Late Blight,0,0,0.0,16.3,42.9,88.8,430.0,moderate,46.0
Fusarium Wilt,1,0,-1.0,16.3,42.9,88.8,430.0,low,28.0
Bacterial Spot,2,0,-1.6,16.3,42.9,88.8,430.0,low,16.0
Early Blight,0,0,0.0,31.6,71.1,48.6,1165.7,moderate,46.0
Late Blight,1,0,-1.0,31.6,71.1,48.6,1165.7,low,16.0
Fusarium Wilt,1,0,-1.0,31.6,71.1,48.6,1165.7,moderate,44.0
Bacterial Spot,1,0,-1.0,31.6,71.1,48.6,1165.7,low,16.0
Early Blight,1,0,-0.6,33.9,72.8,88.3,1052.2,moderate,40.0
Late Blight,1,0,-1.0,33.9,72.8,88.3,1052.2,low,16.0
Fusarium Wilt,2,0,-2.0,33.9,72.8,88.3,1052.2,moderate,44.0
Bacterial Spot,2,0,-1.6,33.9,72.8,88.3,1052.2,low,16.0
Early Blight,1,0,-0.6,21.3,53.0,13.8,279.3,moderate,40.0
Late Blight,2,0,-1.6,21.3,53.0,13.8,279.3,low,28.0
Fusarium Wilt,1,0,-1.0,21.3,53.0,13.8,279.3,low,28.0
Bacterial Spot,2,0,-1.6,21.3,53.0,13.8,279.3,low,16.0
Early Blight,0,0,0.0,30.7,97.2,21.7,444.9,moderate,46.0
Late Blight,2,0,-1.6,30.7,97.2,21.7,444.9,low,28.0
Fusarium Wilt,2,0,-2.0,30.7,97.2,21.7,444.9,moderate,44.0
Bacterial Spot,1,0,-0.6,30.7,97.2,21.7,444.9,moderate,40.0
Early Blight,0,0,0.0,31.7,95.2,14.5,685.0,moderate,46.0
Late Blight,0,0,0.0,31.7,95.2,14.5,685.0,moderate,46.0
Fusarium Wilt,1,0,-1.0,31.7,95.2,14.5,685.0,moderate,44.0
Bacterial Spot,1,0,-0.6,31.7,95.2,14.5,685.0,moderate,40.0
Early Blight,0,0,0.0,32.2,86.0,55.8,902.1,moderate,46.0
Late Blight,1,0,-1.0,32.2,86.0,55.8,902.1,low,28.0
Fusarium Wilt,0,0,0.0,32.2,86.0,55.8,902.1,moderate,62.0
Bacterial Spot,2,0,-1.6,32.2,86.0,55.8,902.1,low,28.0
Early Blight,1,0,-0.6,20.7,77.8,56.1,1115.1,moderate,56.0
Late Blight,1,0,-0.6,20.7,77.8,56.1,1115.1,moderate,56.0
Fusarium Wilt,1,0,-1.0,20.7,77.8,56.1,1115.1,low,28.0
Bacterial Spot,2,0,-1.6,20.7,77.8,56.1,1115.1,low,16.0
Early Blight,1,0,-0.6,26.2,67.8,45.9,337.7,moderate,40.0
Late Blight,2,0,-1.6,26.2,67.8,45.9,337.7,low,16.0
Fusarium Wilt,1,0,-1.0,26.2,67.8,45.9,337.7,moderate,44.0
Bacterial Spot,2,0,-1.6,26.2,67.8,45.9,337.7,low,28.0
Early Blight,0,0,0.0,25.0,30.6,13.5,904.0,moderate,46.0
Late Blight,1,0,-1.0,25.0,30.6,13.5,904.0,low,16.0
Fusarium Wilt,2,0,-2.0,25.0,30.6,13.5,904.0,low,28.0
Bacterial Spot,1,0,-0.6,25.0,30.6,13.5,904.0,moderate,40.0
Early Blight,1,0,-0.6,34.8,69.9,57.4,1187.3,low,28.0
Late Blight,0,0,0.0,34.8,69.9,57.4,1187.3,low,34.0
Fusarium Wilt,2,0,-2.0,34.8,69.9,57.4,1187.3,moderate,44.0
Bacterial Spot,1,0,-0.6,34.8,69.9,57.4,1187.3,low,28.0
Early Blight,1,0,-0.6,30.8,82.2,46.8,508.1,moderate,40.0
Late Blight,1,0,-0.6,30.8,82.2,46.8,508.1,moderate,40.0
Fusarium Wilt,1,0,-1.0,30.8,82.2,46.8,508.1,moderate,44.0
Bacterial Spot,2,0,-1.6,30.8,82.2,46.8,508.1,low,16.0
Early Blight,0,0,0.0,16.1,78.7,44.4,246.4,moderate,46.0
Late Blight,1,0,-1.0,16.1,78.7,44.4,246.4,moderate,44.0
Fusarium Wilt,2,0,-2.0,16.1,78.7,44.4,246.4,low,28.0
Bacterial Spot,1,0,-1.0,16.1,78.7,44.4,246.4,low,16.0
Early Blight,0,0,0.0,37.6,70.2,21.0,450.9,moderate,46.0
Late Blight,1,0,-0.6,37.6,70.2,21.0,450.9,low,28.0
Fusarium Wilt,2,0,-2.0,37.6,70.2,21.0,450.9,low,28.0
Bacterial Spot,1,0,-0.6,37.6,70.2,21.0,450.9,low,28.0
Early Blight,1,0,-0.6,15.4,68.2,67.5,754.8,low,28.0
Late Blight,2,0,-1.6,15.4,68.2,67.5,754.8,low,28.0
Fusarium Wilt,0,0,0.0,15.4,68.2,67.5,754.8,moderate,46.0
Bacterial Spot,1,0,-0.6,15.4,68.2,67.5,754.8,low,28.0
Early Blight,1,0,-0.6,24.3,89.0,57.8,854.4,moderate,56.0
Late Blight,2,0,-1.6,24.3,89.0,57.8,854.4,low,28.0
Fusarium Wilt,2,0,-2.0,24.3,89.0,57.8,854.4,low,28.0
Bacterial Spot,1,0,-1.0,24.3,89.0,57.8,854.4,moderate,44.0
Early Blight,1,0,-0.6,24.4,85.1,77.2,440.6,moderate,56.0
Late Blight,2,0,-1.6,24.4,85.1,77.2,440.6,low,28.0
Fusarium Wilt,1,0,-1.0,24.4,85.1,77.2,440.6,low,28.0
Bacterial Spot,1,0,-1.0,24.4,85.1,77.2,440.6,moderate,44.0
Early Blight,0,0,0.0,15.4,43.4,74.0,169.2,low,34.0
Late Blight,2,0,-1.6,15.4,43.4,74.0,169.2,low,28.0
Fusarium Wilt,2,0,-2.0,15.4,43.4,74.0,169.2,low,28.0
Bacterial Spot,1,0,-1.0,15.4,43.4,74.0,169.2,low,16.0
Early Blight,1,0,-0.6,29.6,36.1,49.8,203.3,moderate,40.0
Late Blight,2,0,-1.6,29.6,36.1,49.8,203.3,low,16.0
Fusarium Wilt,2,0,-2.0,29.6,36.1,49.8,203.3,low,28.0
Bacterial Spot,2,0,-1.6,29.6,36.1,49.8,203.3,low,28.0
Early Blight,0,0,0.0,20.6,52.2,45.4,391.9,moderate,46.0
Late Blight,0,0,0.0,20.6,52.2,45.4,391.9,moderate,46.0
Fusarium Wilt,2,0,-2.0,20.6,52.2,45.4,391.9,low,28.0
Bacterial Spot,0,0,0.0,20.6,52.2,45.4,391.9,low,34.0
Early Blight,1,0,-0.6,37.7,61.8,14.4,895.0,low,28.0
Late Blight,1,0,-0.6,37.7,61.8,14.4,895.0,low,28.0
Fusarium Wilt,0,0,0.0,37.7,61.8,14.4,895.0,moderate,46.0
Bacterial Spot,1,0,-0.6,37.7,61.8,14.4,895.0,low,28.0
Early Blight,1,0,-0.6,37.2,93.7,77.8,545.1,moderate,40.0
Late Blight,1,0,-1.0,37.2,93.7,77.8,545.1,low,28.0
Fusarium Wilt,1,0,-1.0,37.2,93.7,77.8,545.1,low,28.0
Bacterial Spot,1,0,-1.0,37.2,93.7,77.8,545.1,low,28.0
Early Blight,1,0,-0.6,21.1,75.6,46.8,701.6,moderate,56.0
Late Blight,1,0,-0.6,21.1,75.6,46.8,701.6,moderate,56.0
Fusarium Wilt,2,0,-2.0,21.1,75.6,46.8,701.6,low,28.0
Bacterial Spot,1,0,-0.6,21.1,75.6,46.8,701.6,low,28.0
Early Blight,1,0,-0.6,25.9,79.7,53.4,368.8,moderate,56.0
Late Blight,0,0,0.0,25.9,79.7,53.4,368.8,moderate,46.0
Fusarium Wilt,1,0,-1.0,25.9,79.7,53.4,368.8,moderate,44.0
Bacterial Spot,2,0,-1.6,25.9,79.7,53.4,368.8,low,28.0
Early Blight,1,0,-0.6,19.4,85.6,65.2,764.1,moderate,40.0
Late Blight,1,0,-0.6,19.4,85.6,65.2,764.1,moderate,56.0
Fusarium Wilt,0,0,0.0,19.4,85.6,65.2,764.1,moderate,46.0
Bacterial Spot,2,0,-1.6,19.4,85.6,65.2,764.1,low,28.0
Early Blight,0,0,0.0,35.0,92.7,35.8,939.4,moderate,46.0
Late Blight,0,0,0.0,35.0,92.7,35.8,939.4,moderate,46.0
Fusarium Wilt,1,0,-1.0,35.0,92.7,35.8,939.4,moderate,44.0
Bacterial Spot,1,0,-0.6,35.0,92.7,35.8,939.4,moderate,40.0
Early Blight,1,0,-0.6,18.8,62.2,28.9,1126.4,low,28.0
Late Blight,0,0,0.0,18.8,62.2,28.9,1126.4,moderate,46.0
Fusarium Wilt,1,0,-1.0,18.8,62.2,28.9,1126.4,low,28.0
Bacterial Spot,2,0,-1.6,18.8,62.2,28.9,1126.4,low,16.0
Early Blight,0,0,0.0,28.2,47.1,89.3,171.8,moderate,46.0
Late Blight,1,0,-1.0,28.2,47.1,89.3,171.8,low,16.0
Fusarium Wilt,1,0,-1.0,28.2,47.1,89.3,171.8,moderate,44.0
Bacterial Spot,2,0,-1.6,28.2,47.1,89.3,171.8,low,28.0
Early Blight,1,0,-0.6,30.2,71.1,52.0,1078.4,moderate,40.0
Late Blight,1,0,-0.6,30.2,71.1,52.0,1078.4,low,28.0
Fusarium Wilt,2,0,-2.0,30.2,71.1,52.0,1078.4,moderate,44.0
Bacterial Spot,0,0,0.0,30.2,71.1,52.0,1078.4,low,34.0
Early Blight,1,0,-0.6,17.9,56.5,83.2,586.8,low,28.0
Late Blight,0,0,0.0,17.9,56.5,83.2,586.8,moderate,46.0
Fusarium Wilt,1,0,-1.0,17.9,56.5,83.2,586.8,low,28.0
Bacterial Spot,2,0,-1.6,17.9,56.5,83.2,586.8,low,16.0
Early Blight,1,0,-0.6,34.1,83.6,88.8,334.8,moderate,40.0
Late Blight,1,0,-0.6,34.1,83.6,88.8,334.8,moderate,40.0
Fusarium Wilt,0,0,0.0,34.1,83.6,88.8,334.8,moderate,62.0
Bacterial Spot,1,0,-0.6,34.1,83.6,88.8,334.8,low,28.0
Early Blight,0,0,0.0,25.8,44.8,85.1,555.6,moderate,46.0
Late Blight,1,0,-0.6,25.8,44.8,85.1,555.6,low,28.0
Fusarium Wilt,1,0,-1.0,25.8,44.8,85.1,555.6,moderate,44.0
Bacterial Spot,1,0,-0.6,25.8,44.8,85.1,555.6,moderate,40.0
Early Blight,1,0,-0.6,33.5,30.2,54.7,157.6,low,28.0
Late Blight,1,0,-1.0,33.5,30.2,54.7,157.6,low,16.0
Fusarium Wilt,1,0,-1.0,33.5,30.2,54.7,157.6,low,28.0
Bacterial Spot,1,0,-1.0,33.5,30.2,54.7,157.6,low,16.0
Early Blight,1,0,-0.6,17.0,86.0,61.2,970.2,moderate,40.0
Late Blight,1,0,-1.0,17.0,86.0,61.2,970.2,moderate,44.0
Fusarium Wilt,1,0,-1.0,17.0,86.0,61.2,970.2,low,28.0
Bacterial Spot,1,0,-0.6,17.0,86.0,61.2,970.2,moderate,40.0
Early Blight,1,0,-0.6,32.4,64.4,44.2,562.3,low,28.0
Late Blight,0,0,0.0,32.4,64.4,44.2,562.3,low,34.0
Fusarium Wilt,2,0,-2.0,32.4,64.4,44.2,562.3,moderate,44.0
Bacterial Spot,1,0,-0.6,32.4,64.4,44.2,562.3,low,28.0
Early Blight,0,0,0.0,24.3,84.7,63.0,492.5,moderate,62.0
Late Blight,1,0,-0.6,24.3,84.7,63.0,492.5,moderate,40.0
Fusarium Wilt,1,0,-1.0,24.3,84.7,63.0,492.5,low,28.0
Bacterial Spot,2,0,-1.6,24.3,84.7,63.0,492.5,low,28.0
Early Blight,1,0,-0.6,28.2,48.2,57.6,810.3,moderate,40.0
Late Blight,1,0,-0.6,28.2,48.2,57.6,810.3,low,28.0
Fusarium Wilt,0,0,0.0,28.2,48.2,57.6,810.3,moderate,62.0
Bacterial Spot,0,0,0.0,28.2,48.2,57.6,810.3,moderate,46.0
Early Blight,1,0,-0.6,34.3,78.1,77.4,758.0,moderate,40.0
Late Blight,0,0,0.0,34.3,78.1,77.4,758.0,moderate,46.0
Fusarium Wilt,1,0,-1.0,34.3,78.1,77.4,758.0,moderate,44.0
Bacterial Spot,1,0,-0.6,34.3,78.1,77.4,758.0,low,28.0
Early Blight,1,0,-0.6,22.2,88.9,57.8,980.5,moderate,56.0
Late Blight,0,0,0.0,22.2,88.9,57.8,980.5,moderate,62.0
Fusarium Wilt,2,0,-2.0,22.2,88.9,57.8,980.5,low,28.0
Bacterial Spot,2,0,-1.6,22.2,88.9,57.8,980.5,low,28.0
Early Blight,0,0,0.0,28.6,90.7,18.1,210.9,moderate,62.0
Late Blight,0,0,0.0,28.6,90.7,18.1,210.9,moderate,46.0
Fusarium Wilt,0,0,0.0,28.6,90.7,18.1,210.9,moderate,62.0
Bacterial Spot,0,0,0.0,28.6,90.7,18.1,210.9,moderate,62.0
Early Blight,1,0,-0.6,22.6,49.6,84.6,350.8,moderate,40.0
Late Blight,1,0,-0.6,22.6,49.6,84.6,350.8,moderate,40.0
Fusarium Wilt,1,0,-1.0,22.6,49.6,84.6,350.8,low,28.0
Bacterial Spot,0,0,0.0,22.6,49.6,84.6,350.8,low,34.0
Early Blight,0,0,0.0,18.2,43.1,57.3,684.2,low,34.0
Late Blight,1,0,-0.6,18.2,43.1,57.3,684.2,moderate,40.0
Fusarium Wilt,0,0,0.0,18.2,43.1,57.3,684.2,moderate,46.0
Bacterial Spot,2,0,-1.6,18.2,43.1,57.3,684.2,low,16.0
Early Blight,0,0,0.0,25.6,64.3,49.3,1032.0,moderate,46.0
Late Blight,0,0,0.0,25.6,64.3,49.3,1032.0,low,34.0
Fusarium Wilt,2,0,-2.0,25.6,64.3,49.3,1032.0,moderate,44.0
Bacterial Spot,0,0,0.0,25.6,64.3,49.3,1032.0,moderate,46.0
Early Blight,1,0,-0.6,16.3,74.7,87.8,419.1,moderate,40.0
Late Blight,1,0,-1.0,16.3,74.7,87.8,419.1,low,28.0
Fusarium Wilt,1,0,-1.0,16.3,74.7,87.8,419.1,low,28.0
Bacterial Spot,0,0,0.0,16.3,74.7,87.8,419.1,low,34.0
Early Blight,0,0,0.0,23.5,50.8,69.8,732.4,moderate,46.0
Late Blight,1,0,-0.6,23.5,50.8,69.8,732.4,moderate,40.0
Fusarium Wilt,1,0,-1.0,23.5,50.8,69.8,732.4,low,28.0
Bacterial Spot,0,0,0.0,23.5,50.8,69.8,732.4,low,34.0
Early Blight,0,0,0.0,29.3,68.6,73.7,312.1,moderate,46.0
Late Blight,2,0,-1.6,29.3,68.6,73.7,312.1,low,16.0
Fusarium Wilt,0,0,0.0,29.3,68.6,73.7,312.1,moderate,62.0
Bacterial Spot,2,0,-1.6,29.3,68.6,73.7,312.1,low,28.0
Early Blight,1,0,-0.6,17.7,87.1,14.7,1068.1,moderate,40.0
Late Blight,2,0,-1.6,17.7,87.1,14.7,1068.1,moderate,44.0
Fusarium Wilt,2,0,-2.0,17.7,87.1,14.7,1068.1,low,28.0
Bacterial Spot,0,0,0.0,17.7,87.1,14.7,1068.1,moderate,46.0
Early Blight,0,0,0.0,30.7,57.6,32.2,649.2,low,34.0
Late Blight,1,0,-0.6,30.7,57.6,32.2,649.2,low,28.0
Fusarium Wilt,1,0,-1.0,30.7,57.6,32.2,649.2,moderate,44.0
Bacterial Spot,2,0,-1.6,30.7,57.6,32.2,649.2,low,16.0
Early Blight,1,0,-0.6,37.2,47.3,44.5,106.3,low,28.0
Late Blight,1,0,-0.6,37.2,47.3,44.5,106.3,low,28.0
Fusarium Wilt,1,0,-1.0,37.2,47.3,44.5,106.3,low,28.0
Bacterial Spot,1,0,-0.6,37.2,47.3,44.5,106.3,low,28.0
Early Blight,1,0,-0.6,30.7,54.3,43.2,488.2,low,28.0
Late Blight,1,0,-1.0,30.7,54.3,43.2,488.2,low,16.0
Fusarium Wilt,1,0,-1.0,30.7,54.3,43.2,488.2,moderate,44.0
Bacterial Spot,0,0,0.0,30.7,54.3,43.2,488.2,low,34.0
Early Blight,1,0,-0.6,25.9,50.1,21.5,1032.8,moderate,40.0
Late Blight,0,0,0.0,25.9,50.1,21.5,1032.8,low,34.0
Fusarium Wilt,1,0,-1.0,25.9,50.1,21.5,1032.8,moderate,44.0
Bacterial Spot,0,0,0.0,25.9,50.1,21.5,1032.8,moderate,46.0
Early Blight,0,0,0.0,33.9,89.0,68.4,597.9,moderate,46.0
Late Blight,2,0,-1.6,33.9,89.0,68.4,597.9,low,28.0
Fusarium Wilt,0,0,0.0,33.9,89.0,68.4,597.9,moderate,62.0
Bacterial Spot,1,0,-1.0,33.9,89.0,68.4,597.9,low,28.0
Early Blight,1,0,-0.6,26.8,58.0,23.9,977.0,moderate,40.0
Late Blight,1,0,-1.0,26.8,58.0,23.9,977.0,low,16.0
Fusarium Wilt,1,0,-1.0,26.8,58.0,23.9,977.0,moderate,44.0
Bacterial Spot,0,0,0.0,26.8,58.0,23.9,977.0,moderate,46.0
Early Blight,0,0,0.0,32.2,44.5,63.4,113.3,low,34.0
Late Blight,0,0,0.0,32.2,44.5,63.4,113.3,low,34.0
Fusarium Wilt,2,0,-2.0,32.2,44.5,63.4,113.3,moderate,44.0
Bacterial Spot,0,0,0.0,32.2,44.5,63.4,113.3,low,34.0
Early Blight,1,0,-0.6,28.2,63.1,77.3,470.3,moderate,40.0
Late Blight,2,0,-1.6,28.2,63.1,77.3,470.3,low,16.0
Fusarium Wilt,2,0,-2.0,28.2,63.1,77.3,470.3,moderate,44.0
Bacterial Spot,2,0,-1.6,28.2,63.1,77.3,470.3,low,28.0
Early Blight,0,0,0.0,16.0,43.9,70.3,515.4,low,34.0
Late Blight,1,0,-1.0,16.0,43.9,70.3,515.4,low,28.0
Fusarium Wilt,0,0,0.0,16.0,43.9,70.3,515.4,moderate,46.0
Bacterial Spot,1,0,-1.0,16.0,43.9,70.3,515.4,low,16.0
Early Blight,0,0,0.0,20.1,47.1,11.5,470.5,moderate,46.0
Late Blight,1,0,-0.6,20.1,47.1,11.5,470.5,moderate,40.0
Fusarium Wilt,1,0,-1.0,20.1,47.1,11.5,470.5,low,28.0
Bacterial Spot,1,0,-1.0,20.1,47.1,11.5,470.5,low,16.0
Early Blight,1,0,-0.6,21.2,74.2,74.7,148.7,moderate,56.0
Late Blight,1,0,-1.0,21.2,74.2,74.7,148.7,low,28.0
Fusarium Wilt,0,0,0.0,21.2,74.2,74.7,148.7,moderate,46.0
Bacterial Spot,2,0,-1.6,21.2,74.2,74.7,148.7,low,16.0
Early Blight,1,0,-0.6,34.4,31.2,25.3,443.4,low,28.0
Late Blight,1,0,-1.0,34.4,31.2,25.3,443.4,low,16.0
Fusarium Wilt,1,0,-1.0,34.4,31.2,25.3,443.4,low,28.0
Bacterial Spot,1,0,-0.6,34.4,31.2,25.3,443.4,low,28.0
Early Blight,0,0,0.0,29.0,95.0,19.1,439.6,moderate,62.0
Late Blight,2,0,-1.6,29.0,95.0,19.1,439.6,low,28.0
Fusarium Wilt,0,0,0.0,29.0,95.0,19.1,439.6,moderate,62.0
Bacterial Spot,2,0,-1.6,29.0,95.0,19.1,439.6,moderate,44.0
Early Blight,0,0,0.0,27.0,79.2,77.1,452.0,moderate,62.0
Late Blight,0,0,0.0,27.0,79.2,77.1,452.0,moderate,46.0
Fusarium Wilt,1,0,-1.0,27.0,79.2,77.1,452.0,moderate,44.0
Bacterial Spot,1,0,-0.6,27.0,79.2,77.1,452.0,moderate,40.0
Early Blight,0,0,0.0,29.9,44.9,87.7,572.3,moderate,46.0
Late Blight,1,0,-1.0,29.9,44.9,87.7,572.3,low,16.0
Fusarium Wilt,0,0,0.0,29.9,44.9,87.7,572.3,moderate,62.0
Bacterial Spot,2,0,-1.6,29.9,44.9,87.7,572.3,low,28.0
Early Blight,1,0,-0.6,26.1,93.1,26.8,1034.2,moderate,56.0
Late Blight,1,0,-0.6,26.1,93.1,26.8,1034.2,moderate,40.0
Fusarium Wilt,1,0,-1.0,26.1,93.1,26.8,1034.2,moderate,44.0
Bacterial Spot,0,0,0.0,26.1,93.1,26.8,1034.2,moderate,62.0
Early Blight,0,0,0.0,30.7,55.3,88.5,682.6,low,34.0
Late Blight,1,0,-0.6,30.7,55.3,88.5,682.6,low,28.0
Fusarium Wilt,1,0,-1.0,30.7,55.3,88.5,682.6,moderate,44.0
Bacterial Spot,2,0,-1.6,30.7,55.3,88.5,682.6,low,16.0
Early Blight,0,0,0.0,23.3,53.1,35.0,785.1,moderate,46.0
Late Blight,2,0,-1.6,23.3,53.1,35.0,785.1,low,28.0
Fusarium Wilt,2,0,-2.0,23.3,53.1,35.0,785.1,low,28.0
Bacterial Spot,1,0,-0.6,23.3,53.1,35.0,785.1,low,28.0
Early Blight,0,0,0.0,25.9,60.6,50.2,737.2,moderate,46.0
Late Blight,1,0,-0.6,25.9,60.6,50.2,737.2,low,28.0
Fusarium Wilt,0,0,0.0,25.9,60.6,50.2,737.2,moderate,62.0
Bacterial Spot,1,0,-1.0,25.9,60.6,50.2,737.2,low,28.0
Early Blight,0,0,0.0,32.5,59.1,75.9,1060.2,low,34.0
Late Blight,1,0,-0.6,32.5,59.1,75.9,1060.2,low,28.0
Fusarium Wilt,0,0,0.0,32.5,59.1,75.9,1060.2,moderate,62.0
Bacterial Spot,0,0,0.0,32.5,59.1,75.9,1060.2,low,34.0
Early Blight,1,0,-0.6,28.4,77.8,15.6,970.2,moderate,56.0
Late Blight,2,0,-1.6,28.4,77.8,15.6,970.2,low,28.0
Fusarium Wilt,0,0,0.0,28.4,77.8,15.6,970.2,moderate,62.0
Bacterial Spot,0,0,0.0,28.4,77.8,15.6,970.2,moderate,46.0
Early Blight,0,0,0.0,29.4,32.7,46.2,331.1,moderate,46.0
Late Blight,2,0,-1.6,29.4,32.7,46.2,331.1,low,16.0
Fusarium Wilt,2,0,-2.0,29.4,32.7,46.2,331.1,low,28.0
Bacterial Spot,1,0,-0.6,29.4,32.7,46.2,331.1,moderate,40.0
Early Blight,0,0,0.0,37.7,81.8,60.2,284.4,moderate,46.0
Late Blight,2,0,-1.6,37.7,81.8,60.2,284.4,low,28.0
Fusarium Wilt,1,0,-1.0,37.7,81.8,60.2,284.4,low,28.0
Bacterial Spot,0,0,0.0,37.7,81.8,60.2,284.4,low,34.0
Early Blight,0,0,0.0,37.1,76.6,41.9,266.0,moderate,46.0
Late Blight,1,0,-0.6,37.1,76.6,41.9,266.0,moderate,40.0
Fusarium Wilt,0,0,0.0,37.1,76.6,41.9,266.0,moderate,46.0
Bacterial Spot,0,0,0.0,37.1,76.6,41.9,266.0,low,34.0
Early Blight,1,0,-0.6,22.7,36.0,80.3,701.5,moderate,40.0
Late Blight,0,0,0.0,22.7,36.0,80.3,701.5,moderate,46.0
Fusarium Wilt,1,0,-1.0,22.7,36.0,80.3,701.5,low,16.0
Bacterial Spot,0,0,0.0,22.7,36.0,80.3,701.5,low,34.0
Early Blight,1,0,-0.6,26.7,39.1,74.7,813.7,moderate,40.0
Late Blight,1,0,-0.6,26.7,39.1,74.7,813.7,low,28.0
Fusarium Wilt,0,0,0.0,26.7,39.1,74.7,813.7,moderate,46.0
Bacterial Spot,2,0,-1.6,26.7,39.1,74.7,813.7,low,28.0
Early Blight,0,0,0.0,25.5,39.0,48.5,261.4,moderate,46.0
Late Blight,1,0,-1.0,25.5,39.0,48.5,261.4,low,16.0
Fusarium Wilt,2,0,-2.0,25.5,39.0,48.5,261.4,low,28.0
Bacterial Spot,0,0,0.0,25.5,39.0,48.5,261.4,moderate,46.0
Early Blight,1,0,-0.6,34.5,75.0,58.6,599.5,moderate,40.0
Late Blight,1,0,-0.6,34.5,75.0,58.6,599.5,moderate,40.0
Fusarium Wilt,2,0,-2.0,34.5,75.0,58.6,599.5,moderate,44.0
Bacterial Spot,0,0,0.0,34.5,75.0,58.6,599.5,low,34.0
Early Blight,1,0,-0.6,33.0,88.8,89.7,310.1,moderate,40.0
Late Blight,1,0,-1.0,33.0,88.8,89.7,310.1,low,28.0
Fusarium Wilt,1,0,-1.0,33.0,88.8,89.7,310.1,moderate,44.0
Bacterial Spot,0,0,0.0,33.0,88.8,89.7,310.1,moderate,46.0
Early Blight,0,0,0.0,30.1,89.8,18.0,462.2,moderate,46.0
Late Blight,0,0,0.0,30.1,89.8,18.0,462.2,moderate,46.0
Fusarium Wilt,1,0,-1.0,30.1,89.8,18.0,462.2,moderate,44.0
Bacterial Spot,1,0,-1.0,30.1,89.8,18.0,462.2,low,28.0
Early Blight,0,0,0.0,27.1,72.0,64.0,913.1,moderate,62.0
Late Blight,1,0,-0.6,27.1,72.0,64.0,913.1,low,28.0
Fusarium Wilt,2,0,-2.0,27.1,72.0,64.0,913.1,moderate,44.0
Bacterial Spot,1,0,-0.6,27.1,72.0,64.0,913.1,moderate,40.0
Early Blight,1,0,-0.6,37.4,51.2,34.7,631.7,low,28.0
Late Blight,1,0,-0.6,37.4,51.2,34.7,631.7,low,28.0
Fusarium Wilt,2,0,-2.0,37.4,51.2,34.7,631.7,low,28.0
Bacterial Spot,1,0,-0.6,37.4,51.2,34.7,631.7,low,28.0
Early Blight,0,0,0.0,16.1,57.2,89.2,225.2,low,34.0
Late Blight,1,0,-1.0,16.1,57.2,89.2,225.2,low,28.0
Fusarium Wilt,1,0,-1.0,16.1,57.2,89.2,225.2,low,28.0
Bacterial Spot,1,0,-1.0,16.1,57.2,89.2,225.2,low,16.0
Early Blight,0,0,0.0,35.2,60.6,45.7,158.8,low,34.0
Late Blight,1,0,-1.0,35.2,60.6,45.7,158.8,low,16.0
Fusarium Wilt,0,0,0.0,35.2,60.6,45.7,158.8,moderate,46.0
Bacterial Spot,1,0,-1.0,35.2,60.6,45.7,158.8,low,16.0
Early Blight,0,0,0.0,21.1,96.4,56.0,422.8,moderate,62.0
Late Blight,0,0,0.0,21.1,96.4,56.0,422.8,moderate,62.0
Fusarium Wilt,1,0,-1.0,21.1,96.4,56.0,422.8,low,28.0
Bacterial Spot,0,0,0.0,21.1,96.4,56.0,422.8,moderate,46.0
Early Blight,1,0,-0.6,16.5,44.8,20.8,451.2,low,28.0
Late Blight,1,0,-1.0,16.5,44.8,20.8,451.2,low,28.0
Fusarium Wilt,1,0,-1.0,16.5,44.8,20.8,451.2,low,28.0
Bacterial Spot,1,0,-0.6,16.5,44.8,20.8,451.2,low,28.0
Early Blight,0,0,0.0,31.2,40.9,82.8,836.3,low,34.0
Late Blight,1,0,-1.0,31.2,40.9,82.8,836.3,low,16.0
Fusarium Wilt,0,0,0.0,31.2,40.9,82.8,836.3,moderate,62.0
Bacterial Spot,2,0,-1.6,31.2,40.9,82.8,836.3,low,16.0
Early Blight,0,0,0.0,28.0,36.0,54.7,1113.9,moderate,46.0
Late Blight,0,0,0.0,28.0,36.0,54.7,1113.9,low,34.0
Fusarium Wilt,2,0,-2.0,28.0,36.0,54.7,1113.9,low,28.0
Bacterial Spot,1,0,-1.0,28.0,36.0,54.7,1113.9,low,28.0
Early Blight,0,0,0.0,31.9,34.7,37.8,912.8,low,34.0
Late Blight,0,0,0.0,31.9,34.7,37.8,912.8,low,34.0
Fusarium Wilt,2,0,-2.0,31.9,34.7,37.8,912.8,low,28.0
Bacterial Spot,2,0,-1.6,31.9,34.7,37.8,912.8,low,16.0
Early Blight,1,0,-0.6,23.8,62.0,30.4,294.4,moderate,40.0
Late Blight,0,0,0.0,23.8,62.0,30.4,294.4,moderate,46.0
Fusarium Wilt,0,0,0.0,23.8,62.0,30.4,294.4,moderate,46.0
Bacterial Spot,1,0,-0.6,23.8,62.0,30.4,294.4,low,28.0
Early Blight,1,0,-0.6,32.0,92.8,58.8,567.2,moderate,40.0
Late Blight,1,0,-1.0,32.0,92.8,58.8,567.2,low,28.0
Fusarium Wilt,1,0,-1.0,32.0,92.8,58.8,567.2,moderate,44.0
Bacterial Spot,1,0,-0.6,32.0,92.8,58.8,567.2,moderate,40.0
Early Blight,1,0,-0.6,27.7,73.9,85.4,1080.4,moderate,56.0
Late Blight,1,0,-0.6,27.7,73.9,85.4,1080.4,low,28.0
Fusarium Wilt,2,0,-2.0,27.7,73.9,85.4,1080.4,moderate,44.0
Bacterial Spot,1,0,-0.6,27.7,73.9,85.4,1080.4,moderate,40.0
Early Blight,1,0,-0.6,28.6,85.6,26.3,635.5,moderate,56.0
Late Blight,1,0,-1.0,28.6,85.6,26.3,635.5,low,28.0
Fusarium Wilt,0,0,0.0,28.6,85.6,26.3,635.5,moderate,62.0
Bacterial Spot,2,0,-1.6,28.6,85.6,26.3,635.5,moderate,44.0
Early Blight,1,0,-0.6,30.3,97.8,87.7,947.7,moderate,40.0
Late Blight,1,0,-1.0,30.3,97.8,87.7,947.7,low,28.0
Fusarium Wilt,0,0,0.0,30.3,97.8,87.7,947.7,moderate,62.0
Bacterial Spot,0,0,0.0,30.3,97.8,87.7,947.7,moderate,46.0
Early Blight,0,0,0.0,29.9,56.1,75.5,228.2,moderate,46.0
Late Blight,2,0,-1.6,29.9,56.1,75.5,228.2,low,16.0
Fusarium Wilt,1,0,-1.0,29.9,56.1,75.5,228.2,moderate,44.0
Bacterial Spot,1,0,-0.6,29.9,56.1,75.5,228.2,moderate,40.0
Early Blight,0,0,0.0,36.9,30.1,89.8,921.3,low,34.0
Late Blight,1,0,-1.0,36.9,30.1,89.8,921.3,low,16.0
Fusarium Wilt,1,0,-1.0,36.9,30.1,89.8,921.3,low,16.0
Bacterial Spot,1,0,-0.6,36.9,30.1,89.8,921.3,low,28.0
Early Blight,1,0,-0.6,30.6,96.6,31.5,747.2,moderate,40.0
Late Blight,1,0,-0.6,30.6,96.6,31.5,747.2,moderate,40.0
Fusarium Wilt,2,0,-2.0,30.6,96.6,31.5,747.2,moderate,44.0
Bacterial Spot,2,0,-1.6,30.6,96.6,31.5,747.2,low,28.0
Early Blight,0,0,0.0,23.2,80.3,17.5,1050.7,moderate,62.0
Late Blight,1,0,-1.0,23.2,80.3,17.5,1050.7,moderate,44.0
Fusarium Wilt,2,0,-2.0,23.2,80.3,17.5,1050.7,low,28.0
Bacterial Spot,2,0,-1.6,23.2,80.3,17.5,1050.7,low,16.0
Early Blight,1,0,-0.6,18.8,46.7,78.7,168.9,low,28.0
Late Blight,2,0,-1.6,18.8,46.7,78.7,168.9,low,28.0
Fusarium Wilt,1,0,-1.0,18.8,46.7,78.7,168.9,low,28.0
Bacterial Spot,0,0,0.0,18.8,46.7,78.7,168.9,low,34.0
Early Blight,1,0,-0.6,17.5,56.1,49.2,241.1,low,28.0
Late Blight,0,0,0.0,17.5,56.1,49.2,241.1,moderate,46.0
Fusarium Wilt,1,0,-1.0,17.5,56.1,49.2,241.1,low,28.0
Bacterial Spot,1,0,-1.0,17.5,56.1,49.2,241.1,low,16.0
Early Blight,0,0,0.0,22.7,69.6,22.6,301.0,moderate,46.0
Late Blight,1,0,-1.0,22.7,69.6,22.6,301.0,low,28.0
Fusarium Wilt,1,0,-1.0,22.7,69.6,22.6,301.0,low,28.0
Bacterial Spot,2,0,-1.6,22.7,69.6,22.6,301.0,low,16.0
Early Blight,0,0,0.0,34.7,83.9,75.1,455.7,moderate,46.0
Late Blight,1,0,-0.6,34.7,83.9,75.1,455.7,moderate,40.0
Fusarium Wilt,1,0,-1.0,34.7,83.9,75.1,455.7,moderate,44.0
Bacterial Spot,1,0,-1.0,34.7,83.9,75.1,455.7,low,16.0
Early Blight,0,0,0.0,37.3,83.0,84.0,381.4,moderate,46.0
Late Blight,2,0,-1.6,37.3,83.0,84.0,381.4,low,28.0
Fusarium Wilt,1,0,-1.0,37.3,83.0,84.0,381.4,low,28.0
Bacterial Spot,2,0,-1.6,37.3,83.0,84.0,381.4,low,16.0
Early Blight,1,0,-0.6,20.5,45.9,30.2,497.3,moderate,40.0
Late Blight,1,0,-0.6,20.5,45.9,30.2,497.3,moderate,40.0
Fusarium Wilt,1,0,-1.0,20.5,45.9,30.2,497.3,low,28.0
Bacterial Spot,1,0,-0.6,20.5,45.9,30.2,497.3,low,28.0
Early Blight,0,0,0.0,17.1,47.7,72.5,603.8,low,34.0
Late Blight,1,0,-0.6,17.1,47.7,72.5,603.8,moderate,40.0
Fusarium Wilt,1,0,-1.0,17.1,47.7,72.5,603.8,low,28.0
Bacterial Spot,2,0,-1.6,17.1,47.7,72.5,603.8,low,16.0
Early Blight,1,0,-0.6,22.4,46.6,49.6,579.0,moderate,40.0
Late Blight,1,0,-1.0,22.4,46.6,49.6,579.0,low,28.0
Fusarium Wilt,0,0,0.0,22.4,46.6,49.6,579.0,moderate,46.0
Bacterial Spot,1,0,-1.0,22.4,46.6,49.6,579.0,low,16.0
Early Blight,1,0,-0.6,27.3,95.6,16.9,326.7,moderate,56.0
Late Blight,2,0,-1.6,27.3,95.6,16.9,326.7,low,28.0
Fusarium Wilt,2,0,-2.0,27.3,95.6,16.9,326.7,moderate,44.0
Bacterial Spot,1,0,-1.0,27.3,95.6,16.9,326.7,moderate,44.0
Early Blight,1,0,-0.6,36.7,31.0,73.9,185.4,low,28.0
Late Blight,1,0,-1.0,36.7,31.0,73.9,185.4,low,16.0
Fusarium Wilt,1,0,-1.0,36.7,31.0,73.9,185.4,low,16.0
Bacterial Spot,2,0,-1.6,36.7,31.0,73.9,185.4,low,16.0
Early Blight,1,0,-0.6,25.4,33.6,61.4,816.9,moderate,40.0
Late Blight,0,0,0.0,25.4,33.6,61.4,816.9,low,34.0
Fusarium Wilt,1,0,-1.0,25.4,33.6,61.4,816.9,low,28.0
Bacterial Spot,1,0,-0.6,25.4,33.6,61.4,816.9,moderate,40.0
Early Blight,1,0,-0.6,36.7,42.2,69.4,113.5,low,28.0
Late Blight,2,0,-1.6,36.7,42.2,69.4,113.5,low,16.0
Fusarium Wilt,1,0,-1.0,36.7,42.2,69.4,113.5,low,28.0
Bacterial Spot,1,0,-1.0,36.7,42.2,69.4,113.5,low,16.0
Early Blight,0,0,0.0,36.7,91.9,11.5,459.1,moderate,46.0
Late Blight,1,0,-1.0,36.7,91.9,11.5,459.1,low,28.0
Fusarium Wilt,1,0,-1.0,36.7,91.9,11.5,459.1,low,28.0
Bacterial Spot,2,0,-1.6,36.7,91.9,11.5,459.1,low,28.0
Early Blight,0,0,0.0,15.8,51.4,30.5,912.4,low,34.0
Late Blight,1,0,-1.0,15.8,51.4,30.5,912.4,low,28.0
Fusarium Wilt,1,0,-1.0,15.8,51.4,30.5,912.4,low,28.0
Bacterial Spot,1,0,-1.0,15.8,51.4,30.5,912.4,low,16.0
Early Blight,0,0,0.0,18.2,39.2,20.9,141.1,low,34.0
Late Blight,1,0,-1.0,18.2,39.2,20.9,141.1,low,28.0
Fusarium Wilt,1,0,-1.0,18.2,39.2,20.9,141.1,low,16.0
Bacterial Spot,2,0,-1.6,18.2,39.2,20.9,141.1,low,16.0
Early Blight,1,0,-0.6,30.1,36.5,63.1,775.3,low,28.0
Late Blight,1,0,-1.0,30.1,36.5,63.1,775.3,low,16.0
Fusarium Wilt,2,0,-2.0,30.1,36.5,63.1,775.3,low,28.0
Bacterial Spot,2,0,-1.6,30.1,36.5,63.1,775.3,low,16.0
Early Blight,0,0,0.0,20.2,41.9,24.5,516.7,moderate,46.0
Late Blight,1,0,-0.6,20.2,41.9,24.5,516.7,moderate,40.0
Fusarium Wilt,1,0,-1.0,20.2,41.9,24.5,516.7,low,28.0
Bacterial Spot,1,0,-0.6,20.2,41.9,24.5,516.7,low,28.0
Early Blight,1,0,-0.6,21.5,38.6,34.3,650.7,moderate,40.0
Late Blight,0,0,0.0,21.5,38.6,34.3,650.7,moderate,46.0
Fusarium Wilt,2,0,-2.0,21.5,38.6,34.3,650.7,low,16.0
Bacterial Spot,1,0,-1.0,21.5,38.6,34.3,650.7,low,16.0
Early Blight,0,0,0.0,24.9,48.2,69.6,902.7,moderate,46.0
Late Blight,2,0,-1.6,24.9,48.2,69.6,902.7,low,16.0
Fusarium Wilt,1,0,-1.0,24.9,48.2,69.6,902.7,low,28.0
Bacterial Spot,0,0,0.0,24.9,48.2,69.6,902.7,moderate,46.0
Early Blight,1,0,-0.6,20.6,75.0,54.0,787.6,moderate,56.0
Late Blight,2,0,-1.6,20.6,75.0,54.0,787.6,moderate,44.0
Fusarium Wilt,1,0,-1.0,20.6,75.0,54.0,787.6,low,28.0
Bacterial Spot,2,0,-1.6,20.6,75.0,54.0,787.6,low,16.0
Early Blight,0,0,0.0,23.8,95.3,39.7,465.8,moderate,62.0
Late Blight,1,0,-1.0,23.8,95.3,39.7,465.8,moderate,44.0
Fusarium Wilt,2,0,-2.0,23.8,95.3,39.7,465.8,low,28.0
Bacterial Spot,0,0,0.0,23.8,95.3,39.7,465.8,moderate,46.0
Early Blight,1,0,-0.6,26.8,72.1,43.3,430.2,moderate,56.0
Late Blight,1,0,-0.6,26.8,72.1,43.3,430.2,low,28.0
Fusarium Wilt,1,0,-1.0,26.8,72.1,43.3,430.2,moderate,44.0
Bacterial Spot,1,0,-0.6,26.8,72.1,43.3,430.2,moderate,40.0
Early Blight,1,0,-0.6,35.2,82.9,85.9,1116.2,moderate,40.0
Late Blight,0,0,0.0,35.2,82.9,85.9,1116.2,moderate,46.0
Fusarium Wilt,1,0,-1.0,35.2,82.9,85.9,1116.2,low,28.0
Bacterial Spot,0,0,0.0,35.2,82.9,85.9,1116.2,low,34.0
Early Blight,0,0,0.0,24.4,81.8,80.5,734.2,moderate,62.0
Late Blight,1,0,-0.6,24.4,81.8,80.5,734.2,moderate,40.0
Fusarium Wilt,1,0,-1.0,24.4,81.8,80.5,734.2,low,28.0
Bacterial Spot,1,0,-0.6,24.4,81.8,80.5,734.2,moderate,40.0
Early Blight,1,0,-0.6,36.2,40.2,18.3,622.3,low,28.0
Late Blight,1,0,-1.0,36.2,40.2,18.3,622.3,low,16.0
Fusarium Wilt,0,0,0.0,36.2,40.2,18.3,622.3,moderate,46.0
Bacterial Spot,0,0,0.0,36.2,40.2,18.3,622.3,low,34.0
Early Blight,0,0,0.0,20.2,48.5,85.2,415.3,moderate,46.0
Late Blight,1,0,-0.6,20.2,48.5,85.2,415.3,moderate,40.0
Fusarium Wilt,1,0,-1.0,20.2,48.5,85.2,415.3,low,28.0
Bacterial Spot,1,0,-0.6,20.2,48.5,85.2,415.3,low,28.0
Early Blight,0,0,0.0,27.4,50.1,47.6,802.8,moderate,46.0
Late Blight,0,0,0.0,27.4,50.1,47.6,802.8,low,34.0
Fusarium Wilt,1,0,-1.0,27.4,50.1,47.6,802.8,moderate,44.0
Bacterial Spot,1,0,-1.0,27.4,50.1,47.6,802.8,low,28.0
Early Blight,0,0,0.0,30.5,64.0,18.1,1086.6,low,34.0
Late Blight,2,0,-1.6,30.5,64.0,18.1,1086.6,low,16.0
Fusarium Wilt,2,0,-2.0,30.5,64.0,18.1,1086.6,moderate,44.0
Bacterial Spot,1,0,-0.6,30.5,64.0,18.1,1086.6,low,28.0
Early Blight,1,0,-0.6,23.7,62.1,23.3,1013.1,moderate,40.0
Late Blight,1,0,-1.0,23.7,62.1,23.3,1013.1,low,28.0
Fusarium Wilt,2,0,-2.0,23.7,62.1,23.3,1013.1,low,28.0
Bacterial Spot,0,0,0.0,23.7,62.1,23.3,1013.1,low,34.0
Early Blight,1,0,-0.6,27.8,39.5,68.6,731.2,moderate,40.0
Late Blight,0,0,0.0,27.8,39.5,68.6,731.2,low,34.0
Fusarium Wilt,2,0,-2.0,27.8,39.5,68.6,731.2,low,28.0
Bacterial Spot,0,0,0.0,27.8,39.5,68.6,731.2,moderate,46.0
Early Blight,0,0,0.0,25.2,42.5,61.4,1022.2,moderate,46.0
Late Blight,0,0,0.0,25.2,42.5,61.4,1022.2,low,34.0
Fusarium Wilt,1,0,-1.0,25.2,42.5,61.4,1022.2,moderate,44.0
Bacterial Spot,2,0,-1.6,25.2,42.5,61.4,1022.2,low,28.0
Early Blight,0,0,0.0,36.1,43.0,18.7,252.6,low,34.0
Late Blight,0,0,0.0,36.1,43.0,18.7,252.6,low,34.0
Fusarium Wilt,1,0,-1.0,36.1,43.0,18.7,252.6,low,28.0
Bacterial Spot,1,0,-1.0,36.1,43.0,18.7,252.6,low,16.0
Early Blight,0,0,0.0,26.6,75.2,89.5,220.8,moderate,62.0
Late Blight,1,0,-0.6,26.6,75.2,89.5,220.8,moderate,40.0
Fusarium Wilt,2,0,-2.0,26.6,75.2,89.5,220.8,moderate,44.0
Bacterial Spot,1,0,-0.6,26.6,75.2,89.5,220.8,moderate,40.0
Early Blight,1,0,-0.6,30.5,58.0,81.1,346.6,low,28.0
Late Blight,1,0,-0.6,30.5,58.0,81.1,346.6,low,28.0
Fusarium Wilt,1,0,-1.0,30.5,58.0,81.1,346.6,moderate,44.0
Bacterial Spot,1,0,-1.0,30.5,58.0,81.1,346.6,low,16.0
Early Blight,1,0,-0.6,15.6,57.3,67.5,724.5,low,28.0
Late Blight,0,0,0.0,15.6,57.3,67.5,724.5,moderate,46.0
Fusarium Wilt,2,0,-2.0,15.6,57.3,67.5,724.5,low,28.0
Bacterial Spot,2,0,-1.6,15.6,57.3,67.5,724.5,low,16.0
Early Blight,1,0,-0.6,26.0,75.3,76.7,822.5,moderate,56.0
Late Blight,0,0,0.0,26.0,75.3,76.7,822.5,moderate,46.0
Fusarium Wilt,2,0,-2.0,26.0,75.3,76.7,822.5,moderate,44.0
Bacterial Spot,0,0,0.0,26.0,75.3,76.7,822.5,moderate,46.0
Early Blight,1,0,-0.6,21.1,79.5,86.4,1051.5,moderate,56.0
Late Blight,2,0,-1.6,21.1,79.5,86.4,1051.5,moderate,44.0
Fusarium Wilt,1,0,-1.0,21.1,79.5,86.4,1051.5,low,28.0
Bacterial Spot,2,0,-1.6,21.1,79.5,86.4,1051.5,low,16.0
Early Blight,0,0,0.0,21.5,74.5,57.2,823.5,moderate,62.0
Late Blight,2,0,-1.6,21.5,74.5,57.2,823.5,low,28.0
Fusarium Wilt,1,0,-1.0,21.5,74.5,57.2,823.5,low,28.0
Bacterial Spot,1,0,-0.6,21.5,74.5,57.2,823.5,low,28.0
Early Blight,1,0,-0.6,27.9,90.0,78.3,1118.4,moderate,56.0
Late Blight,1,0,-0.6,27.9,90.0,78.3,1118.4,moderate,40.0
Fusarium Wilt,0,0,0.0,27.9,90.0,78.3,1118.4,moderate,62.0
Bacterial Spot,1,0,-0.6,27.9,90.0,78.3,1118.4,moderate,56.0
Early Blight,0,0,0.0,18.3,94.9,71.6,383.6,moderate,46.0
Late Blight,1,0,-0.6,18.3,94.9,71.6,383.6,moderate,56.0
Fusarium Wilt,2,0,-2.0,18.3,94.9,71.6,383.6,low,28.0
Bacterial Spot,2,0,-1.6,18.3,94.9,71.6,383.6,low,28.0
Early Blight,1,0,-0.6,16.7,34.2,48.2,1182.8,low,28.0
Late Blight,0,0,0.0,16.7,34.2,48.2,1182.8,moderate,46.0
Fusarium Wilt,1,0,-1.0,16.7,34.2,48.2,1182.8,low,16.0
Bacterial Spot,2,0,-1.6,16.7,34.2,48.2,1182.8,low,16.0
Early Blight,1,0,-0.6,33.1,36.7,66.2,195.1,low,28.0
Late Blight,2,0,-1.6,33.1,36.7,66.2,195.1,low,16.0
Fusarium Wilt,0,0,0.0,33.1,36.7,66.2,195.1,moderate,46.0
Bacterial Spot,1,0,-1.0,33.1,36.7,66.2,195.1,low,16.0
Early Blight,1,0,-0.6,15.4,39.2,82.5,835.9,low,28.0
Late Blight,0,0,0.0,15.4,39.2,82.5,835.9,moderate,46.0
Fusarium Wilt,1,0,-1.0,15.4,39.2,82.5,835.9,low,16.0
Bacterial Spot,2,0,-1.6,15.4,39.2,82.5,835.9,low,16.0
Early Blight,1,0,-0.6,27.3,87.9,33.9,250.4,moderate,56.0
Late Blight,0,0,0.0,27.3,87.9,33.9,250.4,moderate,46.0
Fusarium Wilt,0,0,0.0,27.3,87.9,33.9,250.4,moderate,62.0
Bacterial Spot,1,0,-1.0,27.3,87.9,33.9,250.4,moderate,44.0
Early Blight,1,0,-0.6,26.3,50.0,44.3,765.7,moderate,40.0
Late Blight,1,0,-0.6,26.3,50.0,44.3,765.7,low,28.0
Fusarium Wilt,1,0,-1.0,26.3,50.0,44.3,765.7,moderate,44.0
Bacterial Spot,1,0,-0.6,26.3,50.0,44.3,765.7,moderate,40.0
Early Blight,1,0,-0.6,37.7,38.3,56.2,414.9,low,28.0
Late Blight,2,0,-1.6,37.7,38.3,56.2,414.9,low,16.0
Fusarium Wilt,1,0,-1.0,37.7,38.3,56.2,414.9,low,16.0
Bacterial Spot,1,0,-1.0,37.7,38.3,56.2,414.9,low,16.0
Early Blight,0,0,0.0,20.0,33.5,57.7,576.7,moderate,46.0
Late Blight,2,0,-1.6,20.0,33.5,57.7,576.7,low,28.0
Fusarium Wilt,2,0,-2.0,20.0,33.5,57.7,576.7,low,16.0
Bacterial Spot,2,0,-1.6,20.0,33.5,57.7,576.7,low,16.0
Early Blight,1,0,-0.6,32.4,63.8,35.0,182.6,low,28.0
Late Blight,2,0,-1.6,32.4,63.8,35.0,182.6,low,16.0
Fusarium Wilt,0,0,0.0,32.4,63.8,35.0,182.6,moderate,62.0
Bacterial Spot,1,0,-1.0,32.4,63.8,35.0,182.6,low,16.0
Early Blight,1,0,-0.6,31.2,48.8,52.1,1100.8,low,28.0
Late Blight,0,0,0.0,31.2,48.8,52.1,1100.8,low,34.0
Fusarium Wilt,0,0,0.0,31.2,48.8,52.1,1100.8,moderate,62.0
Bacterial Spot,1,0,-0.6,31.2,48.8,52.1,1100.8,low,28.0
Early Blight,1,0,-0.6,17.4,97.3,66.1,474.8,moderate,40.0
Late Blight,0,0,0.0,17.4,97.3,66.1,474.8,moderate,62.0
Fusarium Wilt,2,0,-2.0,17.4,97.3,66.1,474.8,low,28.0
Bacterial Spot,0,0,0.0,17.4,97.3,66.1,474.8,moderate,46.0
Early Blight,1,0,-0.6,34.6,42.5,61.1,195.1,low,28.0
Late Blight,1,0,-1.0,34.6,42.5,61.1,195.1,low,16.0
Fusarium Wilt,2,0,-2.0,34.6,42.5,61.1,195.1,moderate,44.0
Bacterial Spot,1,0,-1.0,34.6,42.5,61.1,195.1,low,16.0
Early Blight,0,0,0.0,26.0,75.1,16.6,1044.9,moderate,62.0
Late Blight,1,0,-1.0,26.0,75.1,16.6,1044.9,low,28.0
Fusarium Wilt,1,0,-1.0,26.0,75.1,16.6,1044.9,moderate,44.0
Bacterial Spot,0,0,0.0,26.0,75.1,16.6,1044.9,moderate,46.0
Early Blight,1,0,-0.6,24.7,42.2,13.2,870.5,moderate,40.0
Late Blight,0,0,0.0,24.7,42.2,13.2,870.5,low,34.0
Fusarium Wilt,1,0,-1.0,24.7,42.2,13.2,870.5,low,28.0
Bacterial Spot,1,0,-0.6,24.7,42.2,13.2,870.5,moderate,40.0
Early Blight,1,0,-0.6,28.8,75.7,89.1,984.6,moderate,56.0
Late Blight,2,0,-1.6,28.8,75.7,89.1,984.6,low,28.0
Fusarium Wilt,2,0,-2.0,28.8,75.7,89.1,984.6,moderate,44.0
Bacterial Spot,1,0,-0.6,28.8,75.7,89.1,984.6,moderate,40.0
Early Blight,0,0,0.0,23.1,83.9,22.9,352.3,moderate,62.0
Late Blight,1,0,-1.0,23.1,83.9,22.9,352.3,moderate,44.0
Fusarium Wilt,1,0,-1.0,23.1,83.9,22.9,352.3,low,28.0
Bacterial Spot,1,0,-1.0,23.1,83.9,22.9,352.3,low,16.0
Early Blight,1,0,-0.6,27.1,54.3,58.5,755.0,moderate,40.0
Late Blight,2,0,-1.6,27.1,54.3,58.5,755.0,low,16.0
Fusarium Wilt,1,0,-1.0,27.1,54.3,58.5,755.0,moderate,44.0
Bacterial Spot,1,0,-0.6,27.1,54.3,58.5,755.0,moderate,40.0
Early Blight,1,0,-0.6,23.6,83.2,66.4,1129.6,moderate,56.0
Late Blight,1,0,-1.0,23.6,83.2,66.4,1129.6,moderate,44.0
Fusarium Wilt,1,0,-1.0,23.6,83.2,66.4,1129.6,low,28.0
Bacterial Spot,0,0,0.0,23.6,83.2,66.4,1129.6,low,34.0
Early Blight,0,0,0.0,36.3,41.2,61.5,751.3,low,34.0
Late Blight,1,0,-1.0,36.3,41.2,61.5,751.3,low,16.0
Fusarium Wilt,1,0,-1.0,36.3,41.2,61.5,751.3,low,28.0
Bacterial Spot,1,0,-0.6,36.3,41.2,61.5,751.3,low,28.0
Early Blight,1,0,-0.6,26.3,96.7,57.9,610.8,moderate,56.0
Late Blight,1,0,-1.0,26.3,96.7,57.9,610.8,low,28.0
Fusarium Wilt,1,0,-1.0,26.3,96.7,57.9,610.8,moderate,44.0
Bacterial Spot,1,0,-1.0,26.3,96.7,57.9,610.8,moderate,44.0
Early Blight,0,0,0.0,35.9,78.4,36.4,431.4,moderate,46.0
Late Blight,1,0,-0.6,35.9,78.4,36.4,431.4,moderate,40.0
Fusarium Wilt,0,0,0.0,35.9,78.4,36.4,431.4,moderate,46.0
Bacterial Spot,1,0,-1.0,35.9,78.4,36.4,431.4,low,16.0
Early Blight,0,0,0.0,21.6,67.8,74.0,416.6,moderate,46.0
Late Blight,2,0,-1.6,21.6,67.8,74.0,416.6,low,28.0
Fusarium Wilt,1,0,-1.0,21.6,67.8,74.0,416.6,low,28.0
Bacterial Spot,0,0,0.0,21.6,67.8,74.0,416.6,low,34.0
Early Blight,0,0,0.0,15.5,45.1,37.5,1179.5,low,34.0
Late Blight,1,0,-0.6,15.5,45.1,37.5,1179.5,moderate,40.0
Fusarium Wilt,1,0,-1.0,15.5,45.1,37.5,1179.5,low,28.0
Bacterial Spot,1,0,-0.6,15.5,45.1,37.5,1179.5,low,28.0
Early Blight,0,0,0.0,18.4,45.1,62.9,897.9,low,34.0
Late Blight,1,0,-1.0,18.4,45.1,62.9,897.9,low,28.0
Fusarium Wilt,1,0,-1.0,18.4,45.1,62.9,897.9,low,28.0
Bacterial Spot,1,0,-0.6,18.4,45.1,62.9,897.9,low,28.0
Early Blight,0,0,0.0,33.7,67.6,86.6,1106.5,low,34.0
Late Blight,1,0,-0.6,33.7,67.6,86.6,1106.5,low,28.0
Fusarium Wilt,0,0,0.0,33.7,67.6,86.6,1106.5,moderate,62.0
Bacterial Spot,1,0,-1.0,33.7,67.6,86.6,1106.5,low,16.0
Early Blight,0,0,0.0,31.9,86.7,58.2,572.9,moderate,46.0
Late Blight,1,0,-0.6,31.9,86.7,58.2,572.9,moderate,40.0
Fusarium Wilt,1,0,-1.0,31.9,86.7,58.2,572.9,moderate,44.0
Bacterial Spot,1,0,-0.6,31.9,86.7,58.2,572.9,moderate,40.0
Early Blight,1,0,-0.6,16.5,33.3,36.5,605.7,low,28.0
Late Blight,1,0,-0.6,16.5,33.3,36.5,605.7,moderate,40.0
Fusarium Wilt,1,0,-1.0,16.5,33.3,36.5,605.7,low,16.0
Bacterial Spot,2,0,-1.6,16.5,33.3,36.5,605.7,low,16.0
Early Blight,0,0,0.0,17.1,45.1,63.1,176.0,low,34.0
Late Blight,1,0,-0.6,17.1,45.1,63.1,176.0,moderate,40.0
Fusarium Wilt,2,0,-2.0,17.1,45.1,63.1,176.0,low,28.0
Bacterial Spot,2,0,-1.6,17.1,45.1,63.1,176.0,low,16.0
Early Blight,1,0,-0.6,24.2,71.7,61.2,1033.8,moderate,56.0
Late Blight,1,0,-1.0,24.2,71.7,61.2,1033.8,low,16.0
Fusarium Wilt,1,0,-1.0,24.2,71.7,61.2,1033.8,low,28.0
Bacterial Spot,1,0,-1.0,24.2,71.7,61.2,1033.8,low,28.0
Early Blight,0,0,0.0,15.2,49.2,24.7,918.3,low,34.0
Late Blight,2,0,-1.6,15.2,49.2,24.7,918.3,low,28.0
Fusarium Wilt,2,0,-2.0,15.2,49.2,24.7,918.3,low,28.0
Bacterial Spot,1,0,-1.0,15.2,49.2,24.7,918.3,low,16.0
Early Blight,1,0,-0.6,22.1,79.0,37.4,1136.5,moderate,56.0
Late Blight,1,0,-1.0,22.1,79.0,37.4,1136.5,moderate,44.0
Fusarium Wilt,2,0,-2.0,22.1,79.0,37.4,1136.5,low,28.0
Bacterial Spot,0,0,0.0,22.1,79.0,37.4,1136.5,low,34.0
Early Blight,1,0,-0.6,23.8,86.7,55.0,516.7,moderate,56.0
Late Blight,2,0,-1.6,23.8,86.7,55.0,516.7,moderate,44.0
Fusarium Wilt,1,0,-1.0,23.8,86.7,55.0,516.7,low,28.0
Bacterial Spot,2,0,-1.6,23.8,86.7,55.0,516.7,low,28.0
Early Blight,1,0,-0.6,33.3,75.9,33.3,299.4,moderate,40.0
Late Blight,1,0,-1.0,33.3,75.9,33.3,299.4,low,28.0
Fusarium Wilt,1,0,-1.0,33.3,75.9,33.3,299.4,moderate,44.0
Bacterial Spot,2,0,-1.6,33.3,75.9,33.3,299.4,low,16.0
Early Blight,0,0,0.0,15.5,86.3,58.4,531.5,moderate,46.0
Late Blight,0,0,0.0,15.5,86.3,58.4,531.5,moderate,62.0
Fusarium Wilt,2,0,-2.0,15.5,86.3,58.4,531.5,low,28.0
Bacterial Spot,2,0,-1.6,15.5,86.3,58.4,531.5,low,28.0
Early Blight,0,0,0.0,18.2,38.9,34.2,548.0,low,34.0
Late Blight,0,0,0.0,18.2,38.9,34.2,548.0,moderate,46.0
Fusarium Wilt,2,0,-2.0,18.2,38.9,34.2,548.0,low,16.0
Bacterial Spot,2,0,-1.6,18.2,38.9,34.2,548.0,low,16.0
Early Blight,1,0,-0.6,28.9,62.3,89.2,105.4,moderate,40.0
Late Blight,2,0,-1.6,28.9,62.3,89.2,105.4,low,16.0
Fusarium Wilt,2,0,-2.0,28.9,62.3,89.2,105.4,moderate,44.0
Bacterial Spot,0,0,0.0,28.9,62.3,89.2,105.4,moderate,46.0
Early Blight,1,0,-0.6,26.5,50.5,72.4,1003.5,moderate,40.0
Late Blight,2,0,-1.6,26.5,50.5,72.4,1003.5,low,16.0
Fusarium Wilt,1,0,-1.0,26.5,50.5,72.4,1003.5,moderate,44.0
Bacterial Spot,0,0,0.0,26.5,50.5,72.4,1003.5,moderate,46.0
Early Blight,0,0,0.0,19.9,72.1,49.2,635.9,moderate,46.0
Late Blight,1,0,-1.0,19.9,72.1,49.2,635.9,low,28.0
Fusarium Wilt,1,0,-1.0,19.9,72.1,49.2,635.9,low,28.0
Bacterial Spot,2,0,-1.6,19.9,72.1,49.2,635.9,low,16.0
Early Blight,1,0,-0.6,18.4,87.2,40.1,889.7,moderate,40.0
Late Blight,1,0,-1.0,18.4,87.2,40.1,889.7,moderate,44.0
Fusarium Wilt,1,0,-1.0,18.4,87.2,40.1,889.7,low,28.0
Bacterial Spot,1,0,-1.0,18.4,87.2,40.1,889.7,low,28.0
Early Blight,1,0,-0.6,28.3,72.3,81.9,349.6,moderate,56.0
Late Blight,0,0,0.0,28.3,72.3,81.9,349.6,low,34.0
Fusarium Wilt,1,0,-1.0,28.3,72.3,81.9,349.6,moderate,44.0
Bacterial Spot,1,0,-1.0,28.3,72.3,81.9,349.6,low,28.0
Early Blight,1,0,-0.6,30.0,61.9,83.3,687.9,moderate,40.0
Late Blight,2,0,-1.6,30.0,61.9,83.3,687.9,low,16.0
Fusarium Wilt,0,0,0.0,30.0,61.9,83.3,687.9,moderate,62.0
Bacterial Spot,1,0,-1.0,30.0,61.9,83.3,687.9,low,28.0
Early Blight,0,0,0.0,17.7,50.1,70.6,315.4,low,34.0
Late Blight,0,0,0.0,17.7,50.1,70.6,315.4,moderate,46.0
Fusarium Wilt,0,0,0.0,17.7,50.1,70.6,315.4,moderate,46.0
Bacterial Spot,2,0,-1.6,17.7,50.1,70.6,315.4,low,16.0
Early Blight,0,0,0.0,24.8,34.0,24.1,618.0,moderate,46.0
Late Blight,2,0,-1.6,24.8,34.0,24.1,618.0,low,16.0
Fusarium Wilt,1,0,-1.0,24.8,34.0,24.1,618.0,low,16.0
Bacterial Spot,1,0,-1.0,24.8,34.0,24.1,618.0,low,28.0
Early Blight,0,0,0.0,22.4,67.2,42.5,181.6,moderate,46.0
Late Blight,2,0,-1.6,22.4,67.2,42.5,181.6,low,28.0
Fusarium Wilt,2,0,-2.0,22.4,67.2,42.5,181.6,low,28.0
Bacterial Spot,1,0,-1.0,22.4,67.2,42.5,181.6,low,16.0
Early Blight,1,0,-0.6,36.3,31.6,60.3,625.6,low,28.0
Late Blight,2,0,-1.6,36.3,31.6,60.3,625.6,low,16.0
Fusarium Wilt,2,0,-2.0,36.3,31.6,60.3,625.6,low,16.0
Bacterial Spot,0,0,0.0,36.3,31.6,60.3,625.6,low,34.0
Early Blight,1,0,-0.6,16.6,39.4,75.5,668.5,low,28.0
Late Blight,1,0,-0.6,16.6,39.4,75.5,668.5,moderate,40.0
Fusarium Wilt,1,0,-1.0,16.6,39.4,75.5,668.5,low,16.0
Bacterial Spot,2,0,-1.6,16.6,39.4,75.5,668.5,low,16.0
Early Blight,1,0,-0.6,22.2,31.5,12.3,921.1,moderate,40.0
Late Blight,1,0,-1.0,22.2,31.5,12.3,921.1,low,28.0
Fusarium Wilt,0,0,0.0,22.2,31.5,12.3,921.1,low,34.0
Bacterial Spot,1,0,-0.6,22.2,31.5,12.3,921.1,low,28.0
Early Blight,1,0,-0.6,20.6,77.4,26.6,385.6,moderate,56.0
Late Blight,0,0,0.0,20.6,77.4,26.6,385.6,moderate,62.0
Fusarium Wilt,1,0,-1.0,20.6,77.4,26.6,385.6,low,28.0
Bacterial Spot,2,0,-1.6,20.6,77.4,26.6,385.6,low,16.0
Early Blight,1,0,-0.6,37.2,78.5,18.3,825.0,moderate,40.0
Late Blight,1,0,-0.6,37.2,78.5,18.3,825.0,moderate,40.0
Fusarium Wilt,0,0,0.0,37.2,78.5,18.3,825.0,moderate,46.0
Bacterial Spot,2,0,-1.6,37.2,78.5,18.3,825.0,low,16.0
Early Blight,0,0,0.0,27.0,32.8,17.9,402.3,moderate,46.0
Late Blight,0,0,0.0,27.0,32.8,17.9,402.3,low,34.0
Fusarium Wilt,2,0,-2.0,27.0,32.8,17.9,402.3,low,28.0
Bacterial Spot,2,0,-1.6,27.0,32.8,17.9,402.3,low,28.0
Early Blight,0,0,0.0,34.9,89.6,79.7,505.7,moderate,46.0
Late Blight,1,0,-1.0,34.9,89.6,79.7,505.7,low,28.0
Fusarium Wilt,2,0,-2.0,34.9,89.6,79.7,505.7,moderate,44.0
Bacterial Spot,0,0,0.0,34.9,89.6,79.7,505.7,moderate,46.0
Early Blight,0,0,0.0,26.2,86.7,63.8,445.4,moderate,62.0
Late Blight,0,0,0.0,26.2,86.7,63.8,445.4,moderate,46.0
Fusarium Wilt,2,0,-2.0,26.2,86.7,63.8,445.4,moderate,44.0
Bacterial Spot,2,0,-1.6,26.2,86.7,63.8,445.4,moderate,44.0
Early Blight,0,0,0.0,18.8,85.4,56.2,879.0,moderate,46.0
Late Blight,2,0,-1.6,18.8,85.4,56.2,879.0,moderate,44.0
Fusarium Wilt,2,0,-2.0,18.8,85.4,56.2,879.0,low,28.0
Bacterial Spot,2,0,-1.6,18.8,85.4,56.2,879.0,low,28.0
Early Blight,1,0,-0.6,28.1,52.2,52.7,467.2,moderate,40.0
Late Blight,1,0,-0.6,28.1,52.2,52.7,467.2,low,28.0
Fusarium Wilt,2,0,-2.0,28.1,52.2,52.7,467.2,moderate,44.0
Bacterial Spot,2,0,-1.6,28.1,52.2,52.7,467.2,low,28.0
Early Blight,1,0,-0.6,26.3,70.6,28.5,451.5,moderate,56.0
Late Blight,1,0,-1.0,26.3,70.6,28.5,451.5,low,16.0
Fusarium Wilt,1,0,-1.0,26.3,70.6,28.5,451.5,moderate,44.0
Bacterial Spot,1,0,-0.6,26.3,70.6,28.5,451.5,moderate,40.0
Early Blight,0,0,0.0,28.2,50.5,79.5,822.4,moderate,46.0
Late Blight,1,0,-1.0,28.2,50.5,79.5,822.4,low,16.0
Fusarium Wilt,2,0,-2.0,28.2,50.5,79.5,822.4,moderate,44.0
Bacterial Spot,0,0,0.0,28.2,50.5,79.5,822.4,moderate,46.0
Early Blight,0,0,0.0,36.5,77.5,68.4,106.9,moderate,46.0
Late Blight,0,0,0.0,36.5,77.5,68.4,106.9,moderate,46.0
Fusarium Wilt,1,0,-1.0,36.5,77.5,68.4,106.9,low,28.0
Bacterial Spot,1,0,-1.0,36.5,77.5,68.4,106.9,low,16.0
Early Blight,0,0,0.0,21.7,74.6,46.7,324.0,moderate,62.0
Late Blight,1,0,-0.6,21.7,74.6,46.7,324.0,moderate,40.0
Fusarium Wilt,1,0,-1.0,21.7,74.6,46.7,324.0,low,28.0
Bacterial Spot,0,0,0.0,21.7,74.6,46.7,324.0,low,34.0
Early Blight,1,0,-0.6,18.3,46.5,45.6,904.3,low,28.0
Late Blight,1,0,-1.0,18.3,46.5,45.6,904.3,low,28.0
Fusarium Wilt,1,0,-1.0,18.3,46.5,45.6,904.3,low,28.0
Bacterial Spot,1,0,-0.6,18.3,46.5,45.6,904.3,low,28.0
Early Blight,0,0,0.0,24.2,79.6,10.9,316.8,moderate,62.0
Late Blight,0,0,0.0,24.2,79.6,10.9,316.8,moderate,46.0
Fusarium Wilt,0,0,0.0,24.2,79.6,10.9,316.8,moderate,46.0
Bacterial Spot,2,0,-1.6,24.2,79.6,10.9,316.8,low,28.0
Early Blight,0,0,0.0,16.5,39.4,73.5,266.7,low,34.0
Late Blight,0,0,0.0,16.5,39.4,73.5,266.7,moderate,46.0
Fusarium Wilt,0,0,0.0,16.5,39.4,73.5,266.7,low,34.0
Bacterial Spot,1,0,-0.6,16.5,39.4,73.5,266.7,low,28.0
Early Blight,1,0,-0.6,23.9,47.2,87.2,697.5,moderate,40.0
Late Blight,1,0,-0.6,23.9,47.2,87.2,697.5,moderate,40.0
Fusarium Wilt,1,0,-1.0,23.9,47.2,87.2,697.5,low,28.0
Bacterial Spot,1,0,-1.0,23.9,47.2,87.2,697.5,low,16.0
Early Blight,0,0,0.0,18.8,96.5,53.2,546.0,moderate,46.0
Late Blight,0,0,0.0,18.8,96.5,53.2,546.0,moderate,62.0
Fusarium Wilt,1,0,-1.0,18.8,96.5,53.2,546.0,low,28.0
Bacterial Spot,1,0,-0.6,18.8,96.5,53.2,546.0,moderate,40.0
Early Blight,1,0,-0.6,36.1,90.6,80.1,759.3,moderate,40.0
Late Blight,0,0,0.0,36.1,90.6,80.1,759.3,moderate,46.0
Fusarium Wilt,1,0,-1.0,36.1,90.6,80.1,759.3,low,28.0
Bacterial Spot,1,0,-1.0,36.1,90.6,80.1,759.3,low,28.0
Early Blight,0,0,0.0,18.3,72.3,71.1,202.9,moderate,46.0
Late Blight,2,0,-1.6,18.3,72.3,71.1,202.9,low,28.0
Fusarium Wilt,0,0,0.0,18.3,72.3,71.1,202.9,moderate,46.0
Bacterial Spot,2,0,-1.6,18.3,72.3,71.1,202.9,low,16.0
Early Blight,0,0,0.0,22.6,56.6,48.0,965.8,moderate,46.0
Late Blight,0,0,0.0,22.6,56.6,48.0,965.8,moderate,46.0
Fusarium Wilt,1,0,-1.0,22.6,56.6,48.0,965.8,low,28.0
Bacterial Spot,1,0,-1.0,22.6,56.6,48.0,965.8,low,16.0
Early Blight,1,0,-0.6,26.7,73.4,68.3,139.3,moderate,56.0
Late Blight,2,0,-1.6,26.7,73.4,68.3,139.3,low,16.0
Fusarium Wilt,2,0,-2.0,26.7,73.4,68.3,139.3,moderate,44.0
Bacterial Spot,1,0,-1.0,26.7,73.4,68.3,139.3,low,28.0
Early Blight,0,0,0.0,22.8,76.7,76.7,310.0,moderate,62.0
Late Blight,1,0,-1.0,22.8,76.7,76.7,310.0,moderate,44.0
Fusarium Wilt,2,0,-2.0,22.8,76.7,76.7,310.0,low,28.0
Bacterial Spot,1,0,-1.0,22.8,76.7,76.7,310.0,low,16.0
Early Blight,0,0,0.0,19.5,72.5,11.0,1114.4,moderate,46.0
Late Blight,2,0,-1.6,19.5,72.5,11.0,1114.4,low,28.0
Fusarium Wilt,1,0,-1.0,19.5,72.5,11.0,1114.4,low,28.0
Bacterial Spot,2,0,-1.6,19.5,72.5,11.0,1114.4,low,16.0
Early Blight,0,0,0.0,17.1,93.0,13.0,1077.4,moderate,46.0
Late Blight,1,0,-0.6,17.1,93.0,13.0,1077.4,moderate,56.0
Fusarium Wilt,0,0,0.0,17.1,93.0,13.0,1077.4,moderate,46.0
Bacterial Spot,1,0,-0.6,17.1,93.0,13.0,1077.4,moderate,40.0
Early Blight,1,0,-0.6,31.1,59.6,18.5,667.6,low,28.0
Late Blight,0,0,0.0,31.1,59.6,18.5,667.6,low,34.0
Fusarium Wilt,2,0,-2.0,31.1,59.6,18.5,667.6,moderate,44.0
Bacterial Spot,0,0,0.0,31.1,59.6,18.5,667.6,low,34.0
Early Blight,0,0,0.0,23.9,54.2,68.9,673.4,moderate,46.0
Late Blight,2,0,-1.6,23.9,54.2,68.9,673.4,low,28.0
Fusarium Wilt,0,0,0.0,23.9,54.2,68.9,673.4,moderate,46.0
Bacterial Spot,1,0,-0.6,23.9,54.2,68.9,673.4,low,28.0
Early Blight,0,0,0.0,37.5,44.1,25.2,492.2,low,34.0
Late Blight,1,0,-0.6,37.5,44.1,25.2,492.2,low,28.0
Fusarium Wilt,2,0,-2.0,37.5,44.1,25.2,492.2,low,28.0
Bacterial Spot,2,0,-1.6,37.5,44.1,25.2,492.2,low,16.0
Early Blight,0,0,0.0,20.5,46.8,62.5,947.5,moderate,46.0
Late Blight,2,0,-1.6,20.5,46.8,62.5,947.5,low,28.0
Fusarium Wilt,1,0,-1.0,20.5,46.8,62.5,947.5,low,28.0
Bacterial Spot,0,0,0.0,20.5,46.8,62.5,947.5,low,34.0
Early Blight,1,0,-0.6,22.7,32.9,64.5,693.4,moderate,40.0
Late Blight,1,0,-1.0,22.7,32.9,64.5,693.4,low,28.0
Fusarium Wilt,1,0,-1.0,22.7,32.9,64.5,693.4,low,16.0
Bacterial Spot,0,0,0.0,22.7,32.9,64.5,693.4,low,34.0
Early Blight,0,0,0.0,15.1,83.6,37.3,273.3,moderate,46.0
Late Blight,1,0,-1.0,15.1,83.6,37.3,273.3,moderate,44.0
Fusarium Wilt,1,0,-1.0,15.1,83.6,37.3,273.3,low,28.0
Bacterial Spot,1,0,-0.6,15.1,83.6,37.3,273.3,low,28.0
Early Blight,1,0,-0.6,16.6,55.2,69.1,167.4,low,28.0
Late Blight,1,0,-0.6,16.6,55.2,69.1,167.4,moderate,40.0
Fusarium Wilt,2,0,-2.0,16.6,55.2,69.1,167.4,low,28.0
Bacterial Spot,1,0,-1.0,16.6,55.2,69.1,167.4,low,16.0
Early Blight,0,0,0.0,25.7,43.0,83.2,688.7,moderate,46.0
Late Blight,1,0,-1.0,25.7,43.0,83.2,688.7,low,16.0
Fusarium Wilt,0,0,0.0,25.7,43.0,83.2,688.7,moderate,62.0
Bacterial Spot,1,0,-0.6,25.7,43.0,83.2,688.7,moderate,40.0
Early Blight,1,0,-0.6,34.9,87.4,86.0,972.7,moderate,40.0
Late Blight,0,0,0.0,34.9,87.4,86.0,972.7,moderate,46.0
Fusarium Wilt,1,0,-1.0,34.9,87.4,86.0,972.7,moderate,44.0
Bacterial Spot,1,0,-0.6,34.9,87.4,86.0,972.7,moderate,40.0
Early Blight,1,0,-0.6,18.0,79.8,62.2,1113.7,moderate,40.0
Late Blight,1,0,-0.6,18.0,79.8,62.2,1113.7,moderate,56.0
Fusarium Wilt,2,0,-2.0,18.0,79.8,62.2,1113.7,low,28.0
Bacterial Spot,1,0,-1.0,18.0,79.8,62.2,1113.7,low,16.0
Early Blight,1,0,-0.6,31.5,48.9,25.5,842.6,low,28.0
Late Blight,0,0,0.0,31.5,48.9,25.5,842.6,low,34.0
Fusarium Wilt,1,0,-1.0,31.5,48.9,25.5,842.6,moderate,44.0
Bacterial Spot,0,0,0.0,31.5,48.9,25.5,842.6,low,34.0
Early Blight,0,0,0.0,25.3,61.9,70.6,1017.6,moderate,46.0
Late Blight,0,0,0.0,25.3,61.9,70.6,1017.6,low,34.0
Fusarium Wilt,0,0,0.0,25.3,61.9,70.6,1017.6,moderate,62.0
Bacterial Spot,2,0,-1.6,25.3,61.9,70.6,1017.6,low,28.0
Early Blight,1,0,-0.6,31.3,59.5,71.8,542.9,low,28.0
Late Blight,1,0,-1.0,31.3,59.5,71.8,542.9,low,16.0
Fusarium Wilt,1,0,-1.0,31.3,59.5,71.8,542.9,moderate,44.0
Bacterial Spot,1,0,-0.6,31.3,59.5,71.8,542.9,low,28.0
Early Blight,1,0,-0.6,32.9,31.1,59.2,503.3,low,28.0
Late Blight,1,0,-0.6,32.9,31.1,59.2,503.3,low,28.0
Fusarium Wilt,1,0,-1.0,32.9,31.1,59.2,503.3,low,28.0
Bacterial Spot,1,0,-0.6,32.9,31.1,59.2,503.3,low,28.0
Early Blight,0,0,0.0,32.9,72.4,86.6,300.5,moderate,46.0
Late Blight,0,0,0.0,32.9,72.4,86.6,300.5,low,34.0
Fusarium Wilt,1,0,-1.0,32.9,72.4,86.6,300.5,moderate,44.0
Bacterial Spot,2,0,-1.6,32.9,72.4,86.6,300.5,low,16.0
Early Blight,1,0,-0.6,30.9,62.5,29.5,155.1,low,28.0
Late Blight,1,0,-1.0,30.9,62.5,29.5,155.1,low,16.0
Fusarium Wilt,1,0,-1.0,30.9,62.5,29.5,155.1,moderate,44.0
Bacterial Spot,1,0,-1.0,30.9,62.5,29.5,155.1,low,16.0
Early Blight,1,0,-0.6,17.2,34.7,66.7,1100.5,low,28.0
Late Blight,2,0,-1.6,17.2,34.7,66.7,1100.5,low,28.0
Fusarium Wilt,1,0,-1.0,17.2,34.7,66.7,1100.5,low,16.0
Bacterial Spot,0,0,0.0,17.2,34.7,66.7,1100.5,low,34.0
Early Blight,0,0,0.0,34.4,91.9,57.8,1049.9,moderate,46.0
Late Blight,2,0,-1.6,34.4,91.9,57.8,1049.9,low,28.0
Fusarium Wilt,0,0,0.0,34.4,91.9,57.8,1049.9,moderate,62.0
Bacterial Spot,1,0,-1.0,34.4,91.9,57.8,1049.9,low,28.0
Early Blight,1,0,-0.6,28.8,37.3,55.6,619.2,moderate,40.0
Late Blight,2,0,-1.6,28.8,37.3,55.6,619.2,low,16.0
Fusarium Wilt,0,0,0.0,28.8,37.3,55.6,619.2,moderate,46.0
Bacterial Spot,1,0,-1.0,28.8,37.3,55.6,619.2,low,28.0
Early Blight,0,0,0.0,34.6,76.2,29.2,271.3,moderate,46.0
Late Blight,1,0,-1.0,34.6,76.2,29.2,271.3,low,28.0
Fusarium Wilt,2,0,-2.0,34.6,76.2,29.2,271.3,moderate,44.0
Bacterial Spot,1,0,-0.6,34.6,76.2,29.2,271.3,low,28.0
Early Blight,1,0,-0.6,18.4,65.3,34.8,692.6,low,28.0
Late Blight,0,0,0.0,18.4,65.3,34.8,692.6,moderate,46.0
Fusarium Wilt,1,0,-1.0,18.4,65.3,34.8,692.6,low,28.0
Bacterial Spot,2,0,-1.6,18.4,65.3,34.8,692.6,low,16.0
Early Blight,1,0,-0.6,33.6,76.9,68.8,823.6,moderate,40.0
Late Blight,2,0,-1.6,33.6,76.9,68.8,823.6,low,28.0
Fusarium Wilt,1,0,-1.0,33.6,76.9,68.8,823.6,moderate,44.0
Bacterial Spot,1,0,-0.6,33.6,76.9,68.8,823.6,low,28.0
Early Blight,1,0,-0.6,28.6,68.0,37.0,329.3,moderate,40.0
Late Blight,1,0,-0.6,28.6,68.0,37.0,329.3,low,28.0
Fusarium Wilt,0,0,0.0,28.6,68.0,37.0,329.3,moderate,62.0
Bacterial Spot,0,0,0.0,28.6,68.0,37.0,329.3,moderate,46.0
Early Blight,0,0,0.0,19.6,45.9,81.9,1029.5,low,34.0
Late Blight,1,0,-1.0,19.6,45.9,81.9,1029.5,low,28.0
Fusarium Wilt,1,0,-1.0,19.6,45.9,81.9,1029.5,low,28.0
Bacterial Spot,1,0,-1.0,19.6,45.9,81.9,1029.5,low,16.0
Early Blight,0,0,0.0,16.3,32.6,14.2,1002.8,low,34.0
Late Blight,2,0,-1.6,16.3,32.6,14.2,1002.8,low,28.0
Fusarium Wilt,2,0,-2.0,16.3,32.6,14.2,1002.8,low,16.0
Bacterial Spot,0,0,0.0,16.3,32.6,14.2,1002.8,low,34.0
Early Blight,1,0,-0.6,27.2,33.1,52.1,1180.6,moderate,40.0
Late Blight,1,0,-0.6,27.2,33.1,52.1,1180.6,low,28.0
Fusarium Wilt,1,0,-1.0,27.2,33.1,52.1,1180.6,low,28.0
Bacterial Spot,1,0,-0.6,27.2,33.1,52.1,1180.6,moderate,40.0
Early Blight,0,0,0.0,30.7,72.3,28.4,1115.8,moderate,46.0
Late Blight,1,0,-0.6,30.7,72.3,28.4,1115.8,low,28.0
Fusarium Wilt,1,0,-1.0,30.7,72.3,28.4,1115.8,moderate,44.0
Bacterial Spot,1,0,-1.0,30.7,72.3,28.4,1115.8,low,16.0
Early Blight,1,0,-0.6,29.8,64.8,74.9,254.4,moderate,40.0
Late Blight,0,0,0.0,29.8,64.8,74.9,254.4,low,34.0
Fusarium Wilt,1,0,-1.0,29.8,64.8,74.9,254.4,moderate,44.0
Bacterial Spot,1,0,-0.6,29.8,64.8,74.9,254.4,moderate,40.0
Early Blight,1,0,-0.6,25.6,77.4,30.5,603.8,moderate,56.0
Late Blight,1,0,-1.0,25.6,77.4,30.5,603.8,low,28.0
Fusarium Wilt,1,0,-1.0,25.6,77.4,30.5,603.8,moderate,44.0
Bacterial Spot,1,0,-0.6,25.6,77.4,30.5,603.8,moderate,40.0
Early Blight,1,0,-0.6,23.0,67.3,27.0,957.7,moderate,40.0
Late Blight,1,0,-0.6,23.0,67.3,27.0,957.7,moderate,40.0
Fusarium Wilt,0,0,0.0,23.0,67.3,27.0,957.7,moderate,46.0
Bacterial Spot,1,0,-0.6,23.0,67.3,27.0,957.7,low,28.0
Early Blight,1,0,-0.6,18.2,67.9,89.0,921.7,low,28.0
Late Blight,2,0,-1.6,18.2,67.9,89.0,921.7,low,28.0
Fusarium Wilt,0,0,0.0,18.2,67.9,89.0,921.7,moderate,46.0
Bacterial Spot,2,0,-1.6,18.2,67.9,89.0,921.7,low,16.0
Early Blight,0,0,0.0,31.8,57.6,48.9,626.8,low,34.0
Late Blight,1,0,-0.6,31.8,57.6,48.9,626.8,low,28.0
Fusarium Wilt,1,0,-1.0,31.8,57.6,48.9,626.8,moderate,44.0
Bacterial Spot,0,0,0.0,31.8,57.6,48.9,626.8,low,34.0
Early Blight,0,0,0.0,20.0,93.0,44.6,678.6,moderate,62.0
Late Blight,2,0,-1.6,20.0,93.0,44.6,678.6,moderate,44.0
Fusarium Wilt,0,0,0.0,20.0,93.0,44.6,678.6,moderate,46.0
Bacterial Spot,1,0,-0.6,20.0,93.0,44.6,678.6,moderate,40.0
Early Blight,1,0,-0.6,36.3,41.7,22.7,567.6,low,28.0
Late Blight,0,0,0.0,36.3,41.7,22.7,567.6,low,34.0
Fusarium Wilt,1,0,-1.0,36.3,41.7,22.7,567.6,low,28.0
Bacterial Spot,1,0,-1.0,36.3,41.7,22.7,567.6,low,16.0
Early Blight,0,0,0.0,17.0,56.9,75.4,285.9,low,34.0
Late Blight,0,0,0.0,17.0,56.9,75.4,285.9,moderate,46.0
Fusarium Wilt,0,0,0.0,17.0,56.9,75.4,285.9,moderate,46.0
Bacterial Spot,2,0,-1.6,17.0,56.9,75.4,285.9,low,16.0
Early Blight,1,0,-0.6,28.4,85.0,55.2,216.8,moderate,56.0
Late Blight,1,0,-0.6,28.4,85.0,55.2,216.8,moderate,40.0
Fusarium Wilt,2,0,-2.0,28.4,85.0,55.2,216.8,moderate,44.0
Bacterial Spot,1,0,-0.6,28.4,85.0,55.2,216.8,moderate,56.0
Early Blight,0,0,0.0,21.8,67.3,25.0,712.7,moderate,46.0
Late Blight,1,0,-0.6,21.8,67.3,25.0,712.7,moderate,40.0
Fusarium Wilt,0,0,0.0,21.8,67.3,25.0,712.7,moderate,46.0
Bacterial Spot,1,0,-0.6,21.8,67.3,25.0,712.7,low,28.0
Early Blight,1,0,-0.6,32.8,37.4,85.8,526.3,low,28.0
Late Blight,0,0,0.0,32.8,37.4,85.8,526.3,low,34.0
Fusarium Wilt,1,0,-1.0,32.8,37.4,85.8,526.3,low,28.0
Bacterial Spot,0,0,0.0,32.8,37.4,85.8,526.3,low,34.0
Early Blight,1,0,-0.6,35.0,53.9,17.4,686.2,low,28.0
Late Blight,1,0,-1.0,35.0,53.9,17.4,686.2,low,16.0
Fusarium Wilt,1,0,-1.0,35.0,53.9,17.4,686.2,moderate,44.0
Bacterial Spot,1,0,-0.6,35.0,53.9,17.4,686.2,low,28.0
Early Blight,0,0,0.0,16.0,78.9,24.7,396.7,moderate,46.0
Late Blight,1,0,-1.0,16.0,78.9,24.7,396.7,moderate,44.0
Fusarium Wilt,0,0,0.0,16.0,78.9,24.7,396.7,moderate,46.0
Bacterial Spot,2,0,-1.6,16.0,78.9,24.7,396.7,low,16.0
Early Blight,1,0,-0.6,16.1,45.8,11.3,255.4,low,28.0
Late Blight,1,0,-1.0,16.1,45.8,11.3,255.4,low,28.0
Fusarium Wilt,1,0,-1.0,16.1,45.8,11.3,255.4,low,28.0
Bacterial Spot,1,0,-1.0,16.1,45.8,11.3,255.4,low,16.0
Early Blight,0,0,0.0,34.2,32.5,32.0,728.8,low,34.0
Late Blight,1,0,-1.0,34.2,32.5,32.0,728.8,low,16.0
Fusarium Wilt,1,0,-1.0,34.2,32.5,32.0,728.8,low,28.0
Bacterial Spot,1,0,-1.0,34.2,32.5,32.0,728.8,low,16.0
Early Blight,1,0,-0.6,24.4,44.3,19.5,716.9,moderate,40.0
Late Blight,1,0,-0.6,24.4,44.3,19.5,716.9,low,28.0
Fusarium Wilt,0,0,0.0,24.4,44.3,19.5,716.9,moderate,46.0
Bacterial Spot,2,0,-1.6,24.4,44.3,19.5,716.9,low,28.0
Early Blight,1,0,-0.6,21.0,41.7,40.8,881.6,moderate,40.0
Late Blight,0,0,0.0,21.0,41.7,40.8,881.6,moderate,46.0
Fusarium Wilt,2,0,-2.0,21.0,41.7,40.8,881.6,low,28.0
Bacterial Spot,0,0,0.0,21.0,41.7,40.8,881.6,low,34.0
Early Blight,0,0,0.0,37.9,77.4,36.1,1072.5,moderate,46.0
Late Blight,0,0,0.0,37.9,77.4,36.1,1072.5,moderate,46.0
Fusarium Wilt,1,0,-1.0,37.9,77.4,36.1,1072.5,low,28.0
Bacterial Spot,1,0,-0.6,37.9,77.4,36.1,1072.5,low,28.0
Early Blight,1,0,-0.6,24.4,82.8,49.7,154.7,moderate,56.0
Late Blight,0,0,0.0,24.4,82.8,49.7,154.7,moderate,46.0
Fusarium Wilt,2,0,-2.0,24.4,82.8,49.7,154.7,low,28.0
Bacterial Spot,1,0,-0.6,24.4,82.8,49.7,154.7,moderate,40.0
Early Blight,0,0,0.0,22.6,34.5,40.5,572.1,moderate,46.0
Late Blight,0,0,0.0,22.6,34.5,40.5,572.1,moderate,46.0
Fusarium Wilt,1,0,-1.0,22.6,34.5,40.5,572.1,low,16.0
Bacterial Spot,1,0,-1.0,22.6,34.5,40.5,572.1,low,16.0
Early Blight,1,0,-0.6,21.2,43.5,33.7,915.6,moderate,40.0
Late Blight,1,0,-0.6,21.2,43.5,33.7,915.6,moderate,40.0
Fusarium Wilt,1,0,-1.0,21.2,43.5,33.7,915.6,low,28.0
Bacterial Spot,2,0,-1.6,21.2,43.5,33.7,915.6,low,16.0
Early Blight,1,0,-0.6,26.4,59.5,41.3,429.7,moderate,40.0
Late Blight,1,0,-1.0,26.4,59.5,41.3,429.7,low,16.0
Fusarium Wilt,1,0,-1.0,26.4,59.5,41.3,429.7,moderate,44.0
Bacterial Spot,1,0,-0.6,26.4,59.5,41.3,429.7,moderate,40.0
Early Blight,0,0,0.0,26.7,71.4,29.5,950.5,moderate,62.0
Late Blight,0,0,0.0,26.7,71.4,29.5,950.5,low,34.0
Fusarium Wilt,1,0,-1.0,26.7,71.4,29.5,950.5,moderate,44.0
Bacterial Spot,2,0,-1.6,26.7,71.4,29.5,950.5,low,28.0
Early Blight,0,0,0.0,37.4,59.3,57.8,470.9,low,34.0
Late Blight,1,0,-1.0,37.4,59.3,57.8,470.9,low,16.0
Fusarium Wilt,1,0,-1.0,37.4,59.3,57.8,470.9,low,28.0
Bacterial Spot,1,0,-1.0,37.4,59.3,57.8,470.9,low,16.0
Early Blight,0,0,0.0,15.7,41.9,31.5,609.8,low,34.0
Late Blight,2,0,-1.6,15.7,41.9,31.5,609.8,low,28.0
Fusarium Wilt,1,0,-1.0,15.7,41.9,31.5,609.8,low,28.0
Bacterial Spot,0,0,0.0,15.7,41.9,31.5,609.8,low,34.0
Early Blight,1,0,-0.6,28.0,77.4,45.7,1106.1,moderate,56.0
Late Blight,1,0,-1.0,28.0,77.4,45.7,1106.1,low,28.0
Fusarium Wilt,1,0,-1.0,28.0,77.4,45.7,1106.1,moderate,44.0
Bacterial Spot,0,0,0.0,28.0,77.4,45.7,1106.1,moderate,46.0
Early Blight,1,0,-0.6,37.3,30.3,55.0,131.4,low,28.0
Late Blight,1,0,-1.0,37.3,30.3,55.0,131.4,low,16.0
Fusarium Wilt,2,0,-2.0,37.3,30.3,55.0,131.4,low,16.0
Bacterial Spot,1,0,-1.0,37.3,30.3,55.0,131.4,low,16.0
Early Blight,0,0,0.0,15.1,97.5,11.9,303.5,moderate,46.0
Late Blight,2,0,-1.6,15.1,97.5,11.9,303.5,moderate,44.0
Fusarium Wilt,1,0,-1.0,15.1,97.5,11.9,303.5,low,28.0
Bacterial Spot,2,0,-1.6,15.1,97.5,11.9,303.5,low,28.0
Early Blight,1,0,-0.6,30.7,75.7,28.6,346.2,moderate,40.0
Late Blight,0,0,0.0,30.7,75.7,28.6,346.2,moderate,46.0
Fusarium Wilt,1,0,-1.0,30.7,75.7,28.6,346.2,moderate,44.0
Bacterial Spot,1,0,-0.6,30.7,75.7,28.6,346.2,low,28.0
Early Blight,0,0,0.0,18.3,74.7,56.1,402.2,moderate,46.0
Late Blight,2,0,-1.6,18.3,74.7,56.1,402.2,low,28.0
Fusarium Wilt,2,0,-2.0,18.3,74.7,56.1,402.2,low,28.0
Bacterial Spot,0,0,0.0,18.3,74.7,56.1,402.2,low,34.0
Early Blight,1,0,-0.6,23.7,42.5,63.4,222.1,moderate,40.0
Late Blight,2,0,-1.6,23.7,42.5,63.4,222.1,low,28.0
Fusarium Wilt,1,0,-1.0,23.7,42.5,63.4,222.1,low,28.0
Bacterial Spot,2,0,-1.6,23.7,42.5,63.4,222.1,low,16.0
Early Blight,0,0,0.0,37.0,47.6,70.5,1174.5,low,34.0
Late Blight,0,0,0.0,37.0,47.6,70.5,1174.5,low,34.0
Fusarium Wilt,1,0,-1.0,37.0,47.6,70.5,1174.5,low,28.0
Bacterial Spot,1,0,-1.0,37.0,47.6,70.5,1174.5,low,16.0
Early Blight,1,0,-0.6,36.2,53.4,38.6,931.4,low,28.0
Late Blight,2,0,-1.6,36.2,53.4,38.6,931.4,low,16.0
Fusarium Wilt,1,0,-1.0,36.2,53.4,38.6,931.4,low,28.0
Bacterial Spot,1,0,-1.0,36.2,53.4,38.6,931.4,low,16.0
Early Blight,0,0,0.0,24.6,43.6,45.4,523.8,moderate,46.0
Late Blight,2,0,-1.6,24.6,43.6,45.4,523.8,low,16.0
Fusarium Wilt,2,0,-2.0,24.6,43.6,45.4,523.8,low,28.0
Bacterial Spot,0,0,0.0,24.6,43.6,45.4,523.8,moderate,46.0
Early Blight,1,0,-0.6,32.5,80.8,70.9,383.1,moderate,40.0
Late Blight,1,0,-0.6,32.5,80.8,70.9,383.1,moderate,40.0
Fusarium Wilt,2,0,-2.0,32.5,80.8,70.9,383.1,moderate,44.0
Bacterial Spot,0,0,0.0,32.5,80.8,70.9,383.1,low,34.0
Early Blight,0,0,0.0,24.0,31.0,59.7,165.1,moderate,46.0
Late Blight,1,0,-1.0,24.0,31.0,59.7,165.1,low,28.0
Fusarium Wilt,1,0,-1.0,24.0,31.0,59.7,165.1,low,16.0
Bacterial Spot,1,0,-1.0,24.0,31.0,59.7,165.1,low,28.0
Early Blight,1,0,-0.6,22.7,35.0,69.6,1135.1,moderate,40.0
Late Blight,2,0,-1.6,22.7,35.0,69.6,1135.1,low,28.0
Fusarium Wilt,0,0,0.0,22.7,35.0,69.6,1135.1,low,34.0
Bacterial Spot,1,0,-1.0,22.7,35.0,69.6,1135.1,low,16.0
Early Blight,0,0,0.0,36.0,77.9,43.5,350.3,moderate,46.0
Late Blight,0,0,0.0,36.0,77.9,43.5,350.3,moderate,46.0
Fusarium Wilt,1,0,-1.0,36.0,77.9,43.5,350.3,low,28.0
Bacterial Spot,0,0,0.0,36.0,77.9,43.5,350.3,low,34.0
Early Blight,0,0,0.0,27.8,95.1,34.7,478.6,moderate,62.0
Late Blight,0,0,0.0,27.8,95.1,34.7,478.6,moderate,46.0
Fusarium Wilt,2,0,-2.0,27.8,95.1,34.7,478.6,moderate,44.0
Bacterial Spot,1,0,-0.6,27.8,95.1,34.7,478.6,moderate,56.0
Early Blight,0,0,0.0,23.4,88.4,21.6,293.3,moderate,62.0
Late Blight,2,0,-1.6,23.4,88.4,21.6,293.3,moderate,44.0
Fusarium Wilt,1,0,-1.0,23.4,88.4,21.6,293.3,low,28.0
Bacterial Spot,2,0,-1.6,23.4,88.4,21.6,293.3,low,28.0
Early Blight,1,0,-0.6,28.9,34.3,67.5,422.1,moderate,40.0
Late Blight,2,0,-1.6,28.9,34.3,67.5,422.1,low,16.0
Fusarium Wilt,0,0,0.0,28.9,34.3,67.5,422.1,moderate,46.0
Bacterial Spot,0,0,0.0,28.9,34.3,67.5,422.1,moderate,46.0
Early Blight,1,0,-0.6,20.7,90.0,39.8,1106.9,moderate,56.0
Late Blight,1,0,-1.0,20.7,90.0,39.8,1106.9,moderate,44.0
Fusarium Wilt,1,0,-1.0,20.7,90.0,39.8,1106.9,low,28.0
Bacterial Spot,2,0,-1.6,20.7,90.0,39.8,1106.9,low,28.0
Early Blight,1,0,-0.6,29.8,51.8,42.6,851.7,moderate,40.0
Late Blight,1,0,-0.6,29.8,51.8,42.6,851.7,low,28.0
Fusarium Wilt,1,0,-1.0,29.8,51.8,42.6,851.7,moderate,44.0
Bacterial Spot,0,0,0.0,29.8,51.8,42.6,851.7,moderate,46.0
Early Blight,1,0,-0.6,35.9,44.5,22.9,222.7,low,28.0
Late Blight,1,0,-0.6,35.9,44.5,22.9,222.7,low,28.0
Fusarium Wilt,1,0,-1.0,35.9,44.5,22.9,222.7,low,28.0
Bacterial Spot,1,0,-1.0,35.9,44.5,22.9,222.7,low,16.0
Early Blight,1,0,-0.6,18.6,70.4,29.7,723.9,moderate,40.0
Late Blight,2,0,-1.6,18.6,70.4,29.7,723.9,low,28.0
Fusarium Wilt,1,0,-1.0,18.6,70.4,29.7,723.9,low,28.0
Bacterial Spot,2,0,-1.6,18.6,70.4,29.7,723.9,low,16.0
Early Blight,0,0,0.0,18.1,64.9,46.1,101.1,low,34.0
Late Blight,1,0,-1.0,18.1,64.9,46.1,101.1,low,28.0
Fusarium Wilt,0,0,0.0,18.1,64.9,46.1,101.1,moderate,46.0
Bacterial Spot,2,0,-1.6,18.1,64.9,46.1,101.1,low,16.0
Early Blight,1,0,-0.6,20.8,51.6,10.8,1187.0,moderate,40.0
Late Blight,1,0,-0.6,20.8,51.6,10.8,1187.0,moderate,40.0
Fusarium Wilt,1,0,-1.0,20.8,51.6,10.8,1187.0,low,28.0
Bacterial Spot,1,0,-1.0,20.8,51.6,10.8,1187.0,low,16.0
Early Blight,1,0,-0.6,35.4,80.6,34.8,480.8,moderate,40.0
Late Blight,0,0,0.0,35.4,80.6,34.8,480.8,moderate,46.0
Fusarium Wilt,2,0,-2.0,35.4,80.6,34.8,480.8,low,28.0
Bacterial Spot,1,0,-1.0,35.4,80.6,34.8,480.8,low,16.0
Early Blight,1,0,-0.6,21.3,71.1,67.5,326.3,moderate,56.0
Late Blight,0,0,0.0,21.3,71.1,67.5,326.3,moderate,46.0
Fusarium Wilt,2,0,-2.0,21.3,71.1,67.5,326.3,low,28.0
Bacterial Spot,1,0,-0.6,21.3,71.1,67.5,326.3,low,28.0
Early Blight,1,0,-0.6,33.1,66.8,17.7,183.1,low,28.0
Late Blight,1,0,-0.6,33.1,66.8,17.7,183.1,low,28.0
Fusarium Wilt,2,0,-2.0,33.1,66.8,17.7,183.1,moderate,44.0
Bacterial Spot,1,0,-0.6,33.1,66.8,17.7,183.1,low,28.0
Early Blight,1,0,-0.6,20.6,55.5,18.0,441.6,moderate,40.0
Late Blight,1,0,-1.0,20.6,55.5,18.0,441.6,low,28.0
Fusarium Wilt,1,0,-1.0,20.6,55.5,18.0,441.6,low,28.0
Bacterial Spot,2,0,-1.6,20.6,55.5,18.0,441.6,low,16.0
Early Blight,0,0,0.0,27.7,43.4,68.5,1069.6,moderate,46.0
Late Blight,0,0,0.0,27.7,43.4,68.5,1069.6,low,34.0
Fusarium Wilt,1,0,-1.0,27.7,43.4,68.5,1069.6,moderate,44.0
Bacterial Spot,1,0,-0.6,27.7,43.4,68.5,1069.6,moderate,40.0
Early Blight,1,0,-0.6,28.0,75.4,16.9,1132.3,moderate,56.0
Late Blight,2,0,-1.6,28.0,75.4,16.9,1132.3,low,28.0
Fusarium Wilt,1,0,-1.0,28.0,75.4,16.9,1132.3,moderate,44.0
Bacterial Spot,1,0,-0.6,28.0,75.4,16.9,1132.3,moderate,40.0
Early Blight,1,0,-0.6,26.2,62.8,13.7,125.4,moderate,40.0
Late Blight,1,0,-1.0,26.2,62.8,13.7,125.4,low,16.0
Fusarium Wilt,0,0,0.0,26.2,62.8,13.7,125.4,moderate,62.0
Bacterial Spot,1,0,-0.6,26.2,62.8,13.7,125.4,moderate,40.0
Early Blight,0,0,0.0,25.0,48.3,39.2,973.7,moderate,46.0
Late Blight,0,0,0.0,25.0,48.3,39.2,973.7,low,34.0
Fusarium Wilt,2,0,-2.0,25.0,48.3,39.2,973.7,moderate,44.0
Bacterial Spot,1,0,-1.0,25.0,48.3,39.2,973.7,low,28.0
Early Blight,0,0,0.0,16.9,37.5,72.5,928.8,low,34.0
Late Blight,1,0,-0.6,16.9,37.5,72.5,928.8,moderate,40.0
Fusarium Wilt,2,0,-2.0,16.9,37.5,72.5,928.8,low,16.0
Bacterial Spot,1,0,-0.6,16.9,37.5,72.5,928.8,low,28.0
Early Blight,1,0,-0.6,24.1,53.0,75.8,760.0,moderate,40.0
Late Blight,2,0,-1.6,24.1,53.0,75.8,760.0,low,16.0
Fusarium Wilt,1,0,-1.0,24.1,53.0,75.8,760.0,low,28.0
Bacterial Spot,1,0,-1.0,24.1,53.0,75.8,760.0,low,28.0
Early Blight,0,0,0.0,26.5,58.2,21.3,568.2,moderate,46.0
Late Blight,2,0,-1.6,26.5,58.2,21.3,568.2,low,16.0
Fusarium Wilt,1,0,-1.0,26.5,58.2,21.3,568.2,moderate,44.0
Bacterial Spot,1,0,-0.6,26.5,58.2,21.3,568.2,moderate,40.0
Early Blight,1,0,-0.6,20.0,31.7,39.1,328.2,moderate,40.0
Late Blight,0,0,0.0,20.0,31.7,39.1,328.2,moderate,46.0
Fusarium Wilt,2,0,-2.0,20.0,31.7,39.1,328.2,low,16.0
Bacterial Spot,1,0,-0.6,20.0,31.7,39.1,328.2,low,28.0
Early Blight,1,0,-0.6,18.2,76.7,84.2,937.6,moderate,40.0
Late Blight,2,0,-1.6,18.2,76.7,84.2,937.6,moderate,44.0
Fusarium Wilt,2,0,-2.0,18.2,76.7,84.2,937.6,low,28.0
Bacterial Spot,2,0,-1.6,18.2,76.7,84.2,937.6,low,16.0
Early Blight,1,0,-0.6,19.7,44.9,33.7,848.0,low,28.0
Late Blight,1,0,-1.0,19.7,44.9,33.7,848.0,low,28.0
Fusarium Wilt,1,0,-1.0,19.7,44.9,33.7,848.0,low,28.0
Bacterial Spot,1,0,-0.6,19.7,44.9,33.7,848.0,low,28.0
Early Blight,0,0,0.0,21.8,45.4,58.1,1189.4,moderate,46.0
Late Blight,1,0,-1.0,21.8,45.4,58.1,1189.4,low,28.0
Fusarium Wilt,2,0,-2.0,21.8,45.4,58.1,1189.4,low,28.0
Bacterial Spot,2,0,-1.6,21.8,45.4,58.1,1189.4,low,16.0
Early Blight,0,0,0.0,27.4,68.4,57.5,1092.6,moderate,46.0
Late Blight,1,0,-1.0,27.4,68.4,57.5,1092.6,low,16.0
Fusarium Wilt,1,0,-1.0,27.4,68.4,57.5,1092.6,moderate,44.0
Bacterial Spot,1,0,-1.0,27.4,68.4,57.5,1092.6,low,28.0
Early Blight,1,0,-0.6,26.2,71.0,61.3,541.7,moderate,56.0
Late Blight,0,0,0.0,26.2,71.0,61.3,541.7,low,34.0
Fusarium Wilt,1,0,-1.0,26.2,71.0,61.3,541.7,moderate,44.0
Bacterial Spot,0,0,0.0,26.2,71.0,61.3,541.7,moderate,46.0
Early Blight,1,0,-0.6,31.3,94.5,19.1,808.2,moderate,40.0
Late Blight,2,0,-1.6,31.3,94.5,19.1,808.2,low,28.0
Fusarium Wilt,2,0,-2.0,31.3,94.5,19.1,808.2,moderate,44.0
Bacterial Spot,1,0,-0.6,31.3,94.5,19.1,808.2,moderate,40.0
Early Blight,1,0,-0.6,32.1,76.6,56.3,190.2,moderate,40.0
Late Blight,2,0,-1.6,32.1,76.6,56.3,190.2,low,28.0
Fusarium Wilt,1,0,-1.0,32.1,76.6,56.3,190.2,moderate,44.0
Bacterial Spot,1,0,-1.0,32.1,76.6,56.3,190.2,low,16.0
Early Blight,1,0,-0.6,25.3,69.7,89.1,540.5,moderate,40.0
Late Blight,1,0,-0.6,25.3,69.7,89.1,540.5,low,28.0
Fusarium Wilt,1,0,-1.0,25.3,69.7,89.1,540.5,moderate,44.0
Bacterial Spot,0,0,0.0,25.3,69.7,89.1,540.5,moderate,46.0
Early Blight,0,0,0.0,30.1,86.6,48.2,413.3,moderate,46.0
Late Blight,1,0,-0.6,30.1,86.6,48.2,413.3,moderate,40.0
Fusarium Wilt,1,0,-1.0,30.1,86.6,48.2,413.3,moderate,44.0
Bacterial Spot,2,0,-1.6,30.1,86.6,48.2,413.3,low,28.0
Early Blight,1,0,-0.6,21.4,88.0,73.2,1186.6,moderate,56.0
Late Blight,0,0,0.0,21.4,88.0,73.2,1186.6,moderate,62.0
Fusarium Wilt,1,0,-1.0,21.4,88.0,73.2,1186.6,low,28.0
Bacterial Spot,0,0,0.0,21.4,88.0,73.2,1186.6,moderate,46.0
Early Blight,0,0,0.0,25.0,63.5,60.5,853.2,moderate,46.0
Late Blight,1,0,-0.6,25.0,63.5,60.5,853.2,low,28.0
Fusarium Wilt,1,0,-1.0,25.0,63.5,60.5,853.2,moderate,44.0
Bacterial Spot,2,0,-1.6,25.0,63.5,60.5,853.2,low,28.0
Early Blight,0,0,0.0,28.7,96.7,39.3,487.6,moderate,62.0
Late Blight,0,0,0.0,28.7,96.7,39.3,487.6,moderate,46.0
Fusarium Wilt,1,0,-1.0,28.7,96.7,39.3,487.6,moderate,44.0
Bacterial Spot,1,0,-0.6,28.7,96.7,39.3,487.6,moderate,56.0
Early Blight,1,0,-0.6,36.0,64.5,17.1,1023.1,low,28.0
Late Blight,0,0,0.0,36.0,64.5,17.1,1023.1,low,34.0
Fusarium Wilt,0,0,0.0,36.0,64.5,17.1,1023.1,moderate,46.0
Bacterial Spot,1,0,-1.0,36.0,64.5,17.1,1023.1,low,16.0
Early Blight,0,0,0.0,36.8,77.4,19.1,327.9,moderate,46.0
Late Blight,2,0,-1.6,36.8,77.4,19.1,327.9,low,28.0
Fusarium Wilt,2,0,-2.0,36.8,77.4,19.1,327.9,low,28.0
Bacterial Spot,1,0,-0.6,36.8,77.4,19.1,327.9,low,28.0
Early Blight,1,0,-0.6,23.9,84.6,65.3,563.8,moderate,56.0
Late Blight,1,0,-0.6,23.9,84.6,65.3,563.8,moderate,56.0
Fusarium Wilt,0,0,0.0,23.9,84.6,65.3,563.8,moderate,46.0
Bacterial Spot,2,0,-1.6,23.9,84.6,65.3,563.8,low,16.0
Early Blight,1,0,-0.6,34.5,51.1,58.2,161.9,low,28.0
Late Blight,2,0,-1.6,34.5,51.1,58.2,161.9,low,16.0
Fusarium Wilt,1,0,-1.0,34.5,51.1,58.2,161.9,moderate,44.0
Bacterial Spot,2,0,-1.6,34.5,51.1,58.2,161.9,low,16.0
Early Blight,0,0,0.0,31.0,91.5,75.6,357.9,moderate,46.0
Late Blight,0,0,0.0,31.0,91.5,75.6,357.9,moderate,46.0
Fusarium Wilt,2,0,-2.0,31.0,91.5,75.6,357.9,moderate,44.0
Bacterial Spot,1,0,-1.0,31.0,91.5,75.6,357.9,low,28.0
Early Blight,0,0,0.0,28.9,40.5,82.9,954.9,moderate,46.0
Late Blight,1,0,-1.0,28.9,40.5,82.9,954.9,low,16.0
Fusarium Wilt,1,0,-1.0,28.9,40.5,82.9,954.9,moderate,44.0
Bacterial Spot,1,0,-0.6,28.9,40.5,82.9,954.9,moderate,40.0
Early Blight,0,0,0.0,35.3,34.5,69.1,1179.6,low,34.0
Late Blight,2,0,-1.6,35.3,34.5,69.1,1179.6,low,16.0
Fusarium Wilt,2,0,-2.0,35.3,34.5,69.1,1179.6,low,16.0
Bacterial Spot,0,0,0.0,35.3,34.5,69.1,1179.6,low,34.0
Early Blight,0,0,0.0,37.8,78.1,42.5,141.1,moderate,46.0
Late Blight,1,0,-1.0,37.8,78.1,42.5,141.1,low,28.0
Fusarium Wilt,2,0,-2.0,37.8,78.1,42.5,141.1,low,28.0
Bacterial Spot,0,0,0.0,37.8,78.1,42.5,141.1,low,34.0
Early Blight,0,0,0.0,27.8,51.6,17.5,528.6,moderate,46.0
Late Blight,1,0,-0.6,27.8,51.6,17.5,528.6,low,28.0
Fusarium Wilt,1,0,-1.0,27.8,51.6,17.5,528.6,moderate,44.0
Bacterial Spot,1,0,-1.0,27.8,51.6,17.5,528.6,low,28.0
Early Blight,0,0,0.0,22.8,95.1,13.7,745.9,moderate,62.0
Late Blight,1,0,-1.0,22.8,95.1,13.7,745.9,moderate,44.0
Fusarium Wilt,1,0,-1.0,22.8,95.1,13.7,745.9,low,28.0
Bacterial Spot,0,0,0.0,22.8,95.1,13.7,745.9,moderate,46.0
Early Blight,0,0,0.0,15.7,97.0,58.9,1052.9,moderate,46.0
Late Blight,1,0,-1.0,15.7,97.0,58.9,1052.9,moderate,44.0
Fusarium Wilt,1,0,-1.0,15.7,97.0,58.9,1052.9,low,28.0
Bacterial Spot,0,0,0.0,15.7,97.0,58.9,1052.9,moderate,46.0
Early Blight,0,0,0.0,24.6,64.6,15.3,326.8,moderate,46.0
Late Blight,1,0,-1.0,24.6,64.6,15.3,326.8,low,16.0
Fusarium Wilt,2,0,-2.0,24.6,64.6,15.3,326.8,low,28.0
Bacterial Spot,2,0,-1.6,24.6,64.6,15.3,326.8,low,28.0
Early Blight,1,0,-0.6,20.2,50.0,10.9,1111.9,moderate,40.0
Late Blight,0,0,0.0,20.2,50.0,10.9,1111.9,moderate,46.0
Fusarium Wilt,0,0,0.0,20.2,50.0,10.9,1111.9,moderate,46.0
Bacterial Spot,1,0,-1.0,20.2,50.0,10.9,1111.9,low,16.0
Early Blight,1,0,-0.6,35.2,87.1,28.4,990.3,moderate,40.0
Late Blight,1,0,-0.6,35.2,87.1,28.4,990.3,moderate,40.0
Fusarium Wilt,2,0,-2.0,35.2,87.1,28.4,990.3,low,28.0
Bacterial Spot,1,0,-0.6,35.2,87.1,28.4,990.3,moderate,40.0
Early Blight,1,0,-0.6,27.5,74.1,34.8,395.3,moderate,56.0
Late Blight,0,0,0.0,27.5,74.1,34.8,395.3,low,34.0
Fusarium Wilt,1,0,-1.0,27.5,74.1,34.8,395.3,moderate,44.0
Bacterial Spot,1,0,-0.6,27.5,74.1,34.8,395.3,moderate,40.0
Early Blight,0,0,0.0,21.4,85.0,70.3,108.1,moderate,62.0
Late Blight,2,0,-1.6,21.4,85.0,70.3,108.1,moderate,44.0
Fusarium Wilt,1,0,-1.0,21.4,85.0,70.3,108.1,low,28.0
Bacterial Spot,0,0,0.0,21.4,85.0,70.3,108.1,moderate,46.0
Early Blight,0,0,0.0,30.1,96.6,43.3,401.4,moderate,46.0
Late Blight,1,0,-0.6,30.1,96.6,43.3,401.4,moderate,40.0
Fusarium Wilt,2,0,-2.0,30.1,96.6,43.3,401.4,moderate,44.0
Bacterial Spot,0,0,0.0,30.1,96.6,43.3,401.4,moderate,46.0
Early Blight,1,0,-0.6,35.6,61.8,35.6,1013.9,low,28.0
Late Blight,0,0,0.0,35.6,61.8,35.6,1013.9,low,34.0
Fusarium Wilt,0,0,0.0,35.6,61.8,35.6,1013.9,moderate,46.0
Bacterial Spot,0,0,0.0,35.6,61.8,35.6,1013.9,low,34.0
Early Blight,1,0,-0.6,23.9,35.2,82.1,957.9,moderate,40.0
Late Blight,2,0,-1.6,23.9,35.2,82.1,957.9,low,28.0
Fusarium Wilt,1,0,-1.0,23.9,35.2,82.1,957.9,low,16.0
Bacterial Spot,0,0,0.0,23.9,35.2,82.1,957.9,low,34.0
Early Blight,1,0,-0.6,15.8,95.1,29.3,520.5,moderate,40.0
Late Blight,0,0,0.0,15.8,95.1,29.3,520.5,moderate,62.0
Fusarium Wilt,2,0,-2.0,15.8,95.1,29.3,520.5,low,28.0
Bacterial Spot,2,0,-1.6,15.8,95.1,29.3,520.5,low,28.0
Early Blight,1,0,-0.6,20.3,56.1,55.5,202.2,moderate,40.0
Late Blight,0,0,0.0,20.3,56.1,55.5,202.2,moderate,46.0
Fusarium Wilt,1,0,-1.0,20.3,56.1,55.5,202.2,low,28.0
Bacterial Spot,0,0,0.0,20.3,56.1,55.5,202.2,low,34.0
Early Blight,1,0,-0.6,33.0,50.8,32.4,794.0,low,28.0
Late Blight,2,0,-1.6,33.0,50.8,32.4,794.0,low,16.0
Fusarium Wilt,1,0,-1.0,33.0,50.8,32.4,794.0,moderate,44.0
Bacterial Spot,2,0,-1.6,33.0,50.8,32.4,794.0,low,16.0
Early Blight,1,0,-0.6,33.5,75.9,53.1,353.1,moderate,40.0
Late Blight,2,0,-1.6,33.5,75.9,53.1,353.1,low,28.0
Fusarium Wilt,0,0,0.0,33.5,75.9,53.1,353.1,moderate,62.0
Bacterial Spot,1,0,-1.0,33.5,75.9,53.1,353.1,low,16.0
Early Blight,0,0,0.0,20.9,32.5,44.8,989.2,moderate,46.0
Late Blight,2,0,-1.6,20.9,32.5,44.8,989.2,low,28.0
Fusarium Wilt,1,0,-1.0,20.9,32.5,44.8,989.2,low,16.0
Bacterial Spot,1,0,-0.6,20.9,32.5,44.8,989.2,low,28.0
Early Blight,0,0,0.0,22.6,31.4,31.5,474.0,moderate,46.0
Late Blight,1,0,-0.6,22.6,31.4,31.5,474.0,moderate,40.0
Fusarium Wilt,0,0,0.0,22.6,31.4,31.5,474.0,low,34.0
Bacterial Spot,0,0,0.0,22.6,31.4,31.5,474.0,low,34.0
Early Blight,0,0,0.0,33.6,97.2,58.7,1067.1,moderate,46.0
Late Blight,0,0,0.0,33.6,97.2,58.7,1067.1,moderate,46.0
Fusarium Wilt,2,0,-2.0,33.6,97.2,58.7,1067.1,moderate,44.0
Bacterial Spot,0,0,0.0,33.6,97.2,58.7,1067.1,moderate,46.0
Early Blight,0,0,0.0,24.7,52.2,35.8,205.7,moderate,46.0
Late Blight,2,0,-1.6,24.7,52.2,35.8,205.7,low,16.0
Fusarium Wilt,1,0,-1.0,24.7,52.2,35.8,205.7,low,28.0
Bacterial Spot,1,0,-0.6,24.7,52.2,35.8,205.7,moderate,40.0
Early Blight,0,0,0.0,32.5,84.3,37.2,250.0,moderate,46.0
Late Blight,1,0,-1.0,32.5,84.3,37.2,250.0,low,28.0
Fusarium Wilt,0,0,0.0,32.5,84.3,37.2,250.0,moderate,62.0
Bacterial Spot,1,0,-0.6,32.5,84.3,37.2,250.0,low,28.0
Early Blight,0,0,0.0,23.7,95.5,44.4,747.9,moderate,62.0
Late Blight,2,0,-1.6,23.7,95.5,44.4,747.9,moderate,44.0
Fusarium Wilt,1,0,-1.0,23.7,95.5,44.4,747.9,low,28.0
Bacterial Spot,0,0,0.0,23.7,95.5,44.4,747.9,moderate,46.0
Early Blight,0,0,0.0,35.1,88.9,44.7,156.6,moderate,46.0
Late Blight,0,0,0.0,35.1,88.9,44.7,156.6,moderate,46.0
Fusarium Wilt,1,0,-1.0,35.1,88.9,44.7,156.6,low,28.0
Bacterial Spot,1,0,-1.0,35.1,88.9,44.7,156.6,low,28.0
Early Blight,1,0,-0.6,33.3,94.7,84.6,592.8,moderate,40.0
Late Blight,2,0,-1.6,33.3,94.7,84.6,592.8,low,28.0
Fusarium Wilt,2,0,-2.0,33.3,94.7,84.6,592.8,moderate,44.0
Bacterial Spot,1,0,-0.6,33.3,94.7,84.6,592.8,moderate,40.0
Early Blight,1,0,-0.6,31.7,58.7,11.6,205.5,low,28.0
Late Blight,1,0,-1.0,31.7,58.7,11.6,205.5,low,16.0
Fusarium Wilt,1,0,-1.0,31.7,58.7,11.6,205.5,moderate,44.0
Bacterial Spot,2,0,-1.6,31.7,58.7,11.6,205.5,low,16.0
Early Blight,0,0,0.0,37.2,71.5,61.2,578.4,moderate,46.0
Late Blight,1,0,-1.0,37.2,71.5,61.2,578.4,low,16.0
Fusarium Wilt,1,0,-1.0,37.2,71.5,61.2,578.4,low,28.0
Bacterial Spot,0,0,0.0,37.2,71.5,61.2,578.4,low,34.0
Early Blight,1,0,-0.6,33.0,57.8,66.6,970.1,low,28.0
Late Blight,2,0,-1.6,33.0,57.8,66.6,970.1,low,16.0
Fusarium Wilt,0,0,0.0,33.0,57.8,66.6,970.1,moderate,62.0
Bacterial Spot,2,0,-1.6,33.0,57.8,66.6,970.1,low,16.0
Early Blight,1,0,-0.6,27.9,34.9,76.5,690.8,moderate,40.0
Late Blight,2,0,-1.6,27.9,34.9,76.5,690.8,low,16.0
Fusarium Wilt,2,0,-2.0,27.9,34.9,76.5,690.8,low,28.0
Bacterial Spot,2,0,-1.6,27.9,34.9,76.5,690.8,low,28.0
Early Blight,0,0,0.0,34.8,88.4,53.1,1058.4,moderate,46.0
Late Blight,2,0,-1.6,34.8,88.4,53.1,1058.4,low,28.0
Fusarium Wilt,1,0,-1.0,34.8,88.4,53.1,1058.4,moderate,44.0
Bacterial Spot,0,0,0.0,34.8,88.4,53.1,1058.4,moderate,46.0
Early Blight,0,0,0.0,29.5,81.7,29.9,811.5,moderate,62.0
Late Blight,1,0,-0.6,29.5,81.7,29.9,811.5,moderate,40.0
Fusarium Wilt,1,0,-1.0,29.5,81.7,29.9,811.5,moderate,44.0
Bacterial Spot,2,0,-1.6,29.5,81.7,29.9,811.5,low,28.0
Early Blight,1,0,-0.6,23.1,31.3,77.2,123.9,moderate,40.0
Late Blight,1,0,-0.6,23.1,31.3,77.2,123.9,moderate,40.0
Fusarium Wilt,0,0,0.0,23.1,31.3,77.2,123.9,low,34.0
Bacterial Spot,1,0,-1.0,23.1,31.3,77.2,123.9,low,16.0
Early Blight,0,0,0.0,29.9,30.1,33.5,1112.7,moderate,46.0
Late Blight,1,0,-1.0,29.9,30.1,33.5,1112.7,low,16.0
Fusarium Wilt,1,0,-1.0,29.9,30.1,33.5,1112.7,low,28.0
Bacterial Spot,0,0,0.0,29.9,30.1,33.5,1112.7,moderate,46.0
Early Blight,0,0,0.0,16.1,44.7,36.2,261.3,low,34.0
Late Blight,1,0,-0.6,16.1,44.7,36.2,261.3,moderate,40.0
Fusarium Wilt,2,0,-2.0,16.1,44.7,36.2,261.3,low,28.0
Bacterial Spot,1,0,-0.6,16.1,44.7,36.2,261.3,low,28.0
Early Blight,1,0,-0.6,26.7,70.6,69.8,890.6,moderate,56.0
Late Blight,0,0,0.0,26.7,70.6,69.8,890.6,low,34.0
Fusarium Wilt,2,0,-2.0,26.7,70.6,69.8,890.6,moderate,44.0
Bacterial Spot,2,0,-1.6,26.7,70.6,69.8,890.6,low,28.0
Early Blight,1,0,-0.6,26.0,87.3,82.2,593.3,moderate,56.0
Late Blight,2,0,-1.6,26.0,87.3,82.2,593.3,low,28.0
Fusarium Wilt,2,0,-2.0,26.0,87.3,82.2,593.3,moderate,44.0
Bacterial Spot,2,0,-1.6,26.0,87.3,82.2,593.3,moderate,44.0
Early Blight,1,0,-0.6,30.5,90.5,41.0,1137.5,moderate,40.0
Late Blight,2,0,-1.6,30.5,90.5,41.0,1137.5,low,28.0
Fusarium Wilt,0,0,0.0,30.5,90.5,41.0,1137.5,moderate,62.0
Bacterial Spot,0,0,0.0,30.5,90.5,41.0,1137.5,moderate,46.0
Early Blight,1,0,-0.6,33.7,48.0,49.7,950.7,low,28.0
Late Blight,2,0,-1.6,33.7,48.0,49.7,950.7,low,16.0
Fusarium Wilt,2,0,-2.0,33.7,48.0,49.7,950.7,moderate,44.0
Bacterial Spot,1,0,-0.6,33.7,48.0,49.7,950.7,low,28.0
Early Blight,1,0,-0.6,28.5,87.7,45.7,605.7,moderate,56.0
Late Blight,1,0,-0.6,28.5,87.7,45.7,605.7,moderate,40.0
Fusarium Wilt,1,0,-1.0,28.5,87.7,45.7,605.7,moderate,44.0
Bacterial Spot,2,0,-1.6,28.5,87.7,45.7,605.7,moderate,44.0
Early Blight,0,0,0.0,25.9,31.7,79.8,124.8,moderate,46.0
Late Blight,2,0,-1.6,25.9,31.7,79.8,124.8,low,16.0
Fusarium Wilt,2,0,-2.0,25.9,31.7,79.8,124.8,low,28.0
Bacterial Spot,2,0,-1.6,25.9,31.7,79.8,124.8,low,28.0
Early Blight,1,0,-0.6,22.3,62.0,26.6,954.7,moderate,40.0
Late Blight,0,0,0.0,22.3,62.0,26.6,954.7,moderate,46.0
Fusarium Wilt,1,0,-1.0,22.3,62.0,26.6,954.7,low,28.0
Bacterial Spot,0,0,0.0,22.3,62.0,26.6,954.7,low,34.0
Early Blight,1,0,-0.6,33.3,55.3,38.6,656.9,low,28.0
Late Blight,2,0,-1.6,33.3,55.3,38.6,656.9,low,16.0
Fusarium Wilt,1,0,-1.0,33.3,55.3,38.6,656.9,moderate,44.0
Bacterial Spot,0,0,0.0,33.3,55.3,38.6,656.9,low,34.0
Early Blight,0,0,0.0,24.7,46.7,86.3,1105.2,moderate,46.0
Late Blight,2,0,-1.6,24.7,46.7,86.3,1105.2,low,16.0
Fusarium Wilt,0,0,0.0,24.7,46.7,86.3,1105.2,moderate,46.0
Bacterial Spot,0,0,0.0,24.7,46.7,86.3,1105.2,moderate,46.0
Early Blight,0,0,0.0,15.3,95.1,30.8,131.8,moderate,46.0
Late Blight,1,0,-0.6,15.3,95.1,30.8,131.8,moderate,56.0
Fusarium Wilt,0,0,0.0,15.3,95.1,30.8,131.8,moderate,46.0
Bacterial Spot,0,0,0.0,15.3,95.1,30.8,131.8,moderate,46.0
Early Blight,0,0,0.0,23.3,58.7,16.3,858.4,moderate,46.0
Late Blight,0,0,0.0,23.3,58.7,16.3,858.4,moderate,46.0
Fusarium Wilt,0,0,0.0,23.3,58.7,16.3,858.4,moderate,46.0
Bacterial Spot,2,0,-1.6,23.3,58.7,16.3,858.4,low,16.0
Early Blight,0,0,0.0,35.4,64.2,69.9,592.6,low,34.0
Late Blight,2,0,-1.6,35.4,64.2,69.9,592.6,low,16.0
Fusarium Wilt,1,0,-1.0,35.4,64.2,69.9,592.6,low,28.0
Bacterial Spot,2,0,-1.6,35.4,64.2,69.9,592.6,low,16.0
Early Blight,1,0,-0.6,29.8,74.1,50.9,835.8,moderate,56.0
Late Blight,1,0,-1.0,29.8,74.1,50.9,835.8,low,16.0
Fusarium Wilt,1,0,-1.0,29.8,74.1,50.9,835.8,moderate,44.0
Bacterial Spot,1,0,-0.6,29.8,74.1,50.9,835.8,moderate,40.0
Early Blight,1,0,-0.6,35.4,78.2,11.3,510.2,moderate,40.0
Late Blight,1,0,-1.0,35.4,78.2,11.3,510.2,low,28.0
Fusarium Wilt,1,0,-1.0,35.4,78.2,11.3,510.2,low,28.0
Bacterial Spot,1,0,-0.6,35.4,78.2,11.3,510.2,low,28.0
Early Blight,1,0,-0.6,31.5,77.7,65.3,104.0,moderate,40.0
Late Blight,1,0,-0.6,31.5,77.7,65.3,104.0,moderate,40.0
Fusarium Wilt,0,0,0.0,31.5,77.7,65.3,104.0,moderate,62.0
Bacterial Spot,1,0,-1.0,31.5,77.7,65.3,104.0,low,16.0
Early Blight,1,0,-0.6,30.6,72.4,43.8,1106.1,moderate,40.0
Late Blight,2,0,-1.6,30.6,72.4,43.8,1106.1,low,16.0
Fusarium Wilt,0,0,0.0,30.6,72.4,43.8,1106.1,moderate,62.0
Bacterial Spot,2,0,-1.6,30.6,72.4,43.8,1106.1,low,16.0
Early Blight,1,0,-0.6,22.1,89.0,27.1,749.9,moderate,56.0
Late Blight,1,0,-1.0,22.1,89.0,27.1,749.9,moderate,44.0
Fusarium Wilt,2,0,-2.0,22.1,89.0,27.1,749.9,low,28.0
Bacterial Spot,2,0,-1.6,22.1,89.0,27.1,749.9,low,28.0
Early Blight,1,0,-0.6,17.9,42.8,58.5,410.2,low,28.0
Late Blight,0,0,0.0,17.9,42.8,58.5,410.2,moderate,46.0
Fusarium Wilt,1,0,-1.0,17.9,42.8,58.5,410.2,low,28.0
Bacterial Spot,1,0,-0.6,17.9,42.8,58.5,410.2,low,28.0
Early Blight,0,0,0.0,20.2,54.3,16.6,1107.4,moderate,46.0
Late Blight,1,0,-0.6,20.2,54.3,16.6,1107.4,moderate,40.0
Fusarium Wilt,1,0,-1.0,20.2,54.3,16.6,1107.4,low,28.0
Bacterial Spot,2,0,-1.6,20.2,54.3,16.6,1107.4,low,16.0
Early Blight,0,0,0.0,19.7,95.9,83.5,184.0,moderate,46.0
Late Blight,2,0,-1.6,19.7,95.9,83.5,184.0,moderate,44.0
Fusarium Wilt,2,0,-2.0,19.7,95.9,83.5,184.0,low,28.0
Bacterial Spot,1,0,-0.6,19.7,95.9,83.5,184.0,moderate,40.0
Early Blight,0,0,0.0,22.3,85.4,37.9,1146.0,moderate,62.0
Late Blight,1,0,-0.6,22.3,85.4,37.9,1146.0,moderate,56.0
Fusarium Wilt,2,0,-2.0,22.3,85.4,37.9,1146.0,low,28.0
Bacterial Spot,1,0,-0.6,22.3,85.4,37.9,1146.0,moderate,40.0
Early Blight,1,0,-0.6,35.2,84.9,14.6,735.1,moderate,40.0
Late Blight,0,0,0.0,35.2,84.9,14.6,735.1,moderate,46.0
Fusarium Wilt,2,0,-2.0,35.2,84.9,14.6,735.1,low,28.0
Bacterial Spot,0,0,0.0,35.2,84.9,14.6,735.1,low,34.0
Early Blight,1,0,-0.6,22.6,84.9,77.2,1170.3,moderate,56.0
Late Blight,1,0,-1.0,22.6,84.9,77.2,1170.3,moderate,44.0
Fusarium Wilt,1,0,-1.0,22.6,84.9,77.2,1170.3,low,28.0
Bacterial Spot,1,0,-0.6,22.6,84.9,77.2,1170.3,low,28.0
Early Blight,0,0,0.0,20.1,66.2,86.4,200.9,moderate,46.0
Late Blight,0,0,0.0,20.1,66.2,86.4,200.9,moderate,46.0
Fusarium Wilt,0,0,0.0,20.1,66.2,86.4,200.9,moderate,46.0
Bacterial Spot,2,0,-1.6,20.1,66.2,86.4,200.9,low,16.0
Early Blight,1,0,-0.6,23.9,47.6,66.3,1180.2,moderate,40.0
Late Blight,1,0,-0.6,23.9,47.6,66.3,1180.2,moderate,40.0
Fusarium Wilt,1,0,-1.0,23.9,47.6,66.3,1180.2,low,28.0
Bacterial Spot,1,0,-1.0,23.9,47.6,66.3,1180.2,low,16.0
Early Blight,1,0,-0.6,37.5,87.6,77.2,909.1,moderate,40.0
Late Blight,2,0,-1.6,37.5,87.6,77.2,909.1,low,28.0
Fusarium Wilt,2,0,-2.0,37.5,87.6,77.2,909.1,low,28.0
Bacterial Spot,2,0,-1.6,37.5,87.6,77.2,909.1,low,28.0
Early Blight,0,0,0.0,31.6,36.0,30.0,465.6,low,34.0
Late Blight,1,0,-1.0,31.6,36.0,30.0,465.6,low,16.0
Fusarium Wilt,1,0,-1.0,31.6,36.0,30.0,465.6,low,28.0
Bacterial Spot,2,0,-1.6,31.6,36.0,30.0,465.6,low,16.0
Early Blight,0,0,0.0,22.1,30.7,45.3,196.7,moderate,46.0
Late Blight,0,0,0.0,22.1,30.7,45.3,196.7,moderate,46.0
Fusarium Wilt,1,0,-1.0,22.1,30.7,45.3,196.7,low,16.0
Bacterial Spot,1,0,-0.6,22.1,30.7,45.3,196.7,low,28.0
Early Blight,1,0,-0.6,32.7,51.7,42.5,1023.4,low,28.0
Late Blight,1,0,-0.6,32.7,51.7,42.5,1023.4,low,28.0
Fusarium Wilt,1,0,-1.0,32.7,51.7,42.5,1023.4,moderate,44.0
Bacterial Spot,0,0,0.0,32.7,51.7,42.5,1023.4,low,34.0
Early Blight,0,0,0.0,19.2,70.2,21.3,1132.6,moderate,46.0
Late Blight,1,0,-0.6,19.2,70.2,21.3,1132.6,moderate,40.0
Fusarium Wilt,2,0,-2.0,19.2,70.2,21.3,1132.6,low,28.0
Bacterial Spot,1,0,-1.0,19.2,70.2,21.3,1132.6,low,16.0
Early Blight,0,0,0.0,31.9,37.0,43.5,215.1,low,34.0
Late Blight,1,0,-1.0,31.9,37.0,43.5,215.1,low,16.0
Fusarium Wilt,1,0,-1.0,31.9,37.0,43.5,215.1,low,28.0
Bacterial Spot,1,0,-1.0,31.9,37.0,43.5,215.1,low,16.0
Early Blight,0,0,0.0,34.3,77.8,52.1,245.7,moderate,46.0
Late Blight,1,0,-1.0,34.3,77.8,52.1,245.7,low,28.0
Fusarium Wilt,2,0,-2.0,34.3,77.8,52.1,245.7,moderate,44.0
Bacterial Spot,0,0,0.0,34.3,77.8,52.1,245.7,low,34.0
Early Blight,0,0,0.0,18.5,35.7,74.8,491.4,low,34.0
Late Blight,1,0,-1.0,18.5,35.7,74.8,491.4,low,28.0
Fusarium Wilt,0,0,0.0,18.5,35.7,74.8,491.4,low,34.0
Bacterial Spot,2,0,-1.6,18.5,35.7,74.8,491.4,low,16.0
Early Blight,0,0,0.0,27.2,72.9,49.7,979.6,moderate,62.0
Late Blight,1,0,-0.6,27.2,72.9,49.7,979.6,low,28.0
Fusarium Wilt,1,0,-1.0,27.2,72.9,49.7,979.6,moderate,44.0
Bacterial Spot,0,0,0.0,27.2,72.9,49.7,979.6,moderate,46.0
Early Blight,0,0,0.0,36.6,73.1,49.4,936.1,moderate,46.0
Late Blight,1,0,-1.0,36.6,73.1,49.4,936.1,low,16.0
Fusarium Wilt,2,0,-2.0,36.6,73.1,49.4,936.1,low,28.0
Bacterial Spot,0,0,0.0,36.6,73.1,49.4,936.1,low,34.0
Early Blight,1,0,-0.6,36.0,48.2,37.2,642.7,low,28.0
Late Blight,0,0,0.0,36.0,48.2,37.2,642.7,low,34.0
Fusarium Wilt,1,0,-1.0,36.0,48.2,37.2,642.7,low,28.0
Bacterial Spot,2,0,-1.6,36.0,48.2,37.2,642.7,low,16.0
Early Blight,0,0,0.0,19.3,78.8,13.6,844.6,moderate,46.0
Late Blight,0,0,0.0,19.3,78.8,13.6,844.6,moderate,62.0
Fusarium Wilt,1,0,-1.0,19.3,78.8,13.6,844.6,low,28.0
Bacterial Spot,0,0,0.0,19.3,78.8,13.6,844.6,low,34.0
Early Blight,0,0,0.0,15.4,55.8,33.0,131.5,low,34.0
Late Blight,1,0,-0.6,15.4,55.8,33.0,131.5,moderate,40.0
Fusarium Wilt,2,0,-2.0,15.4,55.8,33.0,131.5,low,28.0
Bacterial Spot,2,0,-1.6,15.4,55.8,33.0,131.5,low,16.0
Early Blight,1,0,-0.6,25.4,84.7,65.4,767.7,moderate,56.0
Late Blight,1,0,-0.6,25.4,84.7,65.4,767.7,moderate,40.0
Fusarium Wilt,0,0,0.0,25.4,84.7,65.4,767.7,moderate,62.0
Bacterial Spot,0,0,0.0,25.4,84.7,65.4,767.7,moderate,46.0
Early Blight,1,0,-0.6,22.6,56.7,65.0,324.7,moderate,40.0
Late Blight,1,0,-1.0,22.6,56.7,65.0,324.7,low,28.0
Fusarium Wilt,1,0,-1.0,22.6,56.7,65.0,324.7,low,28.0
Bacterial Spot,1,0,-1.0,22.6,56.7,65.0,324.7,low,16.0
Early Blight,1,0,-0.6,27.2,93.0,45.4,1068.1,moderate,56.0
Late Blight,0,0,0.0,27.2,93.0,45.4,1068.1,moderate,46.0
Fusarium Wilt,0,0,0.0,27.2,93.0,45.4,1068.1,moderate,62.0
Bacterial Spot,2,0,-1.6,27.2,93.0,45.4,1068.1,moderate,44.0
Early Blight,0,0,0.0,37.1,58.3,20.2,1120.2,low,34.0
Late Blight,2,0,-1.6,37.1,58.3,20.2,1120.2,low,16.0
Fusarium Wilt,1,0,-1.0,37.1,58.3,20.2,1120.2,low,28.0
Bacterial Spot,2,0,-1.6,37.1,58.3,20.2,1120.2,low,16.0
Early Blight,1,0,-0.6,36.2,62.8,57.1,832.0,low,28.0
Late Blight,0,0,0.0,36.2,62.8,57.1,832.0,low,34.0
Fusarium Wilt,1,0,-1.0,36.2,62.8,57.1,832.0,low,28.0
Bacterial Spot,2,0,-1.6,36.2,62.8,57.1,832.0,low,16.0
Early Blight,0,0,0.0,32.5,79.7,78.5,673.2,moderate,46.0
Late Blight,0,0,0.0,32.5,79.7,78.5,673.2,moderate,46.0
Fusarium Wilt,0,0,0.0,32.5,79.7,78.5,673.2,moderate,62.0
Bacterial Spot,1,0,-0.6,32.5,79.7,78.5,673.2,low,28.0
Early Blight,0,0,0.0,28.5,81.2,30.8,989.8,moderate,62.0
Late Blight,1,0,-0.6,28.5,81.2,30.8,989.8,moderate,40.0
Fusarium Wilt,1,0,-1.0,28.5,81.2,30.8,989.8,moderate,44.0
Bacterial Spot,0,0,0.0,28.5,81.2,30.8,989.8,moderate,46.0
Early Blight,0,0,0.0,37.0,57.8,27.2,161.9,low,34.0
Late Blight,1,0,-0.6,37.0,57.8,27.2,161.9,low,28.0
Fusarium Wilt,1,0,-1.0,37.0,57.8,27.2,161.9,low,28.0
Bacterial Spot,1,0,-0.6,37.0,57.8,27.2,161.9,low,28.0
Early Blight,0,0,0.0,26.7,65.2,75.2,681.6,moderate,46.0
Late Blight,1,0,-0.6,26.7,65.2,75.2,681.6,low,28.0
Fusarium Wilt,1,0,-1.0,26.7,65.2,75.2,681.6,moderate,44.0
Bacterial Spot,1,0,-0.6,26.7,65.2,75.2,681.6,moderate,40.0
Early Blight,1,0,-0.6,30.3,75.0,63.1,1059.9,moderate,40.0
Late Blight,0,0,0.0,30.3,75.0,63.1,1059.9,moderate,46.0
Fusarium Wilt,0,0,0.0,30.3,75.0,63.1,1059.9,moderate,62.0
Bacterial Spot,2,0,-1.6,30.3,75.0,63.1,1059.9,low,16.0
Early Blight,1,0,-0.6,20.6,44.3,44.9,660.9,moderate,40.0
Late Blight,1,0,-0.6,20.6,44.3,44.9,660.9,moderate,40.0
Fusarium Wilt,1,0,-1.0,20.6,44.3,44.9,660.9,low,28.0
Bacterial Spot,0,0,0.0,20.6,44.3,44.9,660.9,low,34.0
Early Blight,0,0,0.0,26.6,71.5,41.9,456.3,moderate,62.0
Late Blight,2,0,-1.6,26.6,71.5,41.9,456.3,low,16.0
Fusarium Wilt,2,0,-2.0,26.6,71.5,41.9,456.3,moderate,44.0
Bacterial Spot,1,0,-0.6,26.6,71.5,41.9,456.3,moderate,40.0
Early Blight,1,0,-0.6,16.8,54.3,26.1,1131.4,low,28.0
Late Blight,1,0,-1.0,16.8,54.3,26.1,1131.4,low,28.0
Fusarium Wilt,1,0,-1.0,16.8,54.3,26.1,1131.4,low,28.0
Bacterial Spot,0,0,0.0,16.8,54.3,26.1,1131.4,low,34.0
Early Blight,0,0,0.0,26.2,66.5,46.6,404.1,moderate,46.0
Late Blight,1,0,-1.0,26.2,66.5,46.6,404.1,low,16.0
Fusarium Wilt,1,0,-1.0,26.2,66.5,46.6,404.1,moderate,44.0
Bacterial Spot,0,0,0.0,26.2,66.5,46.6,404.1,moderate,46.0
Early Blight,1,0,-0.6,24.9,52.0,19.6,923.0,moderate,40.0
Late Blight,1,0,-0.6,24.9,52.0,19.6,923.0,low,28.0
Fusarium Wilt,2,0,-2.0,24.9,52.0,19.6,923.0,low,28.0
Bacterial Spot,1,0,-0.6,24.9,52.0,19.6,923.0,moderate,40.0
Early Blight,0,0,0.0,22.3,82.2,72.3,579.4,moderate,62.0
Late Blight,1,0,-0.6,22.3,82.2,72.3,579.4,moderate,56.0
Fusarium Wilt,1,0,-1.0,22.3,82.2,72.3,579.4,low,28.0
Bacterial Spot,0,0,0.0,22.3,82.2,72.3,579.4,low,34.0
Early Blight,1,0,-0.6,16.1,95.0,38.1,654.7,moderate,40.0
Late Blight,1,0,-0.6,16.1,95.0,38.1,654.7,moderate,56.0
Fusarium Wilt,2,0,-2.0,16.1,95.0,38.1,654.7,low,28.0
Bacterial Spot,1,0,-0.6,16.1,95.0,38.1,654.7,moderate,40.0
Early Blight,1,0,-0.6,25.9,73.5,23.8,408.9,moderate,56.0
Late Blight,1,0,-1.0,25.9,73.5,23.8,408.9,low,16.0
Fusarium Wilt,1,0,-1.0,25.9,73.5,23.8,408.9,moderate,44.0
Bacterial Spot,1,0,-0.6,25.9,73.5,23.8,408.9,moderate,40.0
Early Blight,1,0,-0.6,23.8,67.6,55.4,671.9,moderate,40.0
Late Blight,1,0,-0.6,23.8,67.6,55.4,671.9,moderate,40.0
Fusarium Wilt,1,0,-1.0,23.8,67.6,55.4,671.9,low,28.0
Bacterial Spot,1,0,-0.6,23.8,67.6,55.4,671.9,low,28.0
Early Blight,1,0,-0.6,15.2,43.9,82.8,708.9,low,28.0
Late Blight,0,0,0.0,15.2,43.9,82.8,708.9,moderate,46.0
Fusarium Wilt,2,0,-2.0,15.2,43.9,82.8,708.9,low,28.0
Bacterial Spot,0,0,0.0,15.2,43.9,82.8,708.9,low,34.0
Early Blight,1,0,-0.6,24.2,80.8,18.3,480.5,moderate,56.0
Late Blight,2,0,-1.6,24.2,80.8,18.3,480.5,low,28.0
Fusarium Wilt,2,0,-2.0,24.2,80.8,18.3,480.5,low,28.0
Bacterial Spot,1,0,-1.0,24.2,80.8,18.3,480.5,low,28.0
Early Blight,1,0,-0.6,25.1,88.2,84.5,1007.2,moderate,56.0
Late Blight,1,0,-0.6,25.1,88.2,84.5,1007.2,moderate,40.0
Fusarium Wilt,2,0,-2.0,25.1,88.2,84.5,1007.2,moderate,44.0
Bacterial Spot,1,0,-1.0,25.1,88.2,84.5,1007.2,moderate,44.0
Early Blight,0,0,0.0,34.6,50.3,55.9,217.8,low,34.0
Late Blight,0,0,0.0,34.6,50.3,55.9,217.8,low,34.0
Fusarium Wilt,2,0,-2.0,34.6,50.3,55.9,217.8,moderate,44.0
Bacterial Spot,0,0,0.0,34.6,50.3,55.9,217.8,low,34.0
Early Blight,0,0,0.0,33.5,54.8,13.4,1179.2,low,34.0
Late Blight,0,0,0.0,33.5,54.8,13.4,1179.2,low,34.0
Fusarium Wilt,0,0,0.0,33.5,54.8,13.4,1179.2,moderate,62.0
Bacterial Spot,0,0,0.0,33.5,54.8,13.4,1179.2,low,34.0
Early Blight,0,0,0.0,27.8,88.5,63.9,599.4,moderate,62.0
Late Blight,1,0,-0.6,27.8,88.5,63.9,599.4,moderate,40.0
Fusarium Wilt,2,0,-2.0,27.8,88.5,63.9,599.4,moderate,44.0
Bacterial Spot,1,0,-1.0,27.8,88.5,63.9,599.4,moderate,44.0
Early Blight,1,0,-0.6,23.5,62.5,51.0,417.4,moderate,40.0
Late Blight,1,0,-1.0,23.5,62.5,51.0,417.4,low,28.0
Fusarium Wilt,0,0,0.0,23.5,62.5,51.0,417.4,moderate,46.0
Bacterial Spot,1,0,-0.6,23.5,62.5,51.0,417.4,low,28.0
Early Blight,0,0,0.0,33.0,68.3,55.6,210.1,low,34.0
Late Blight,2,0,-1.6,33.0,68.3,55.6,210.1,low,16.0
Fusarium Wilt,1,0,-1.0,33.0,68.3,55.6,210.1,moderate,44.0
Bacterial Spot,1,0,-0.6,33.0,68.3,55.6,210.1,low,28.0
Early Blight,1,0,-0.6,33.2,71.1,23.2,326.6,moderate,40.0
Late Blight,0,0,0.0,33.2,71.1,23.2,326.6,low,34.0
Fusarium Wilt,1,0,-1.0,33.2,71.1,23.2,326.6,moderate,44.0
Bacterial Spot,0,0,0.0,33.2,71.1,23.2,326.6,low,34.0
Early Blight,1,0,-0.6,29.8,75.1,48.1,584.0,moderate,56.0
Late Blight,2,0,-1.6,29.8,75.1,48.1,584.0,low,28.0
Fusarium Wilt,1,0,-1.0,29.8,75.1,48.1,584.0,moderate,44.0
Bacterial Spot,2,0,-1.6,29.8,75.1,48.1,584.0,low,28.0
Early Blight,1,0,-0.6,29.1,74.1,66.7,802.5,moderate,56.0
Late Blight,1,0,-0.6,29.1,74.1,66.7,802.5,low,28.0
Fusarium Wilt,2,0,-2.0,29.1,74.1,66.7,802.5,moderate,44.0
Bacterial Spot,2,0,-1.6,29.1,74.1,66.7,802.5,low,28.0
Early Blight,1,0,-0.6,28.0,94.7,68.1,1013.1,moderate,56.0
Late Blight,0,0,0.0,28.0,94.7,68.1,1013.1,moderate,46.0
Fusarium Wilt,1,0,-1.0,28.0,94.7,68.1,1013.1,moderate,44.0
Bacterial Spot,1,0,-0.6,28.0,94.7,68.1,1013.1,moderate,56.0
Early Blight,0,0,0.0,17.6,44.3,57.5,613.3,low,34.0
Late Blight,1,0,-0.6,17.6,44.3,57.5,613.3,moderate,40.0
Fusarium Wilt,0,0,0.0,17.6,44.3,57.5,613.3,moderate,46.0
Bacterial Spot,1,0,-1.0,17.6,44.3,57.5,613.3,low,16.0
Early Blight,0,0,0.0,32.6,71.8,31.0,829.5,moderate,46.0
Late Blight,0,0,0.0,32.6,71.8,31.0,829.5,low,34.0
Fusarium Wilt,2,0,-2.0,32.6,71.8,31.0,829.5,moderate,44.0
Bacterial Spot,1,0,-0.6,32.6,71.8,31.0,829.5,low,28.0
Early Blight,0,0,0.0,26.5,57.3,18.3,476.9,moderate,46.0
Late Blight,1,0,-0.6,26.5,57.3,18.3,476.9,low,28.0
Fusarium Wilt,1,0,-1.0,26.5,57.3,18.3,476.9,moderate,44.0
Bacterial Spot,1,0,-0.6,26.5,57.3,18.3,476.9,moderate,40.0
Early Blight,0,0,0.0,19.9,75.2,22.1,1046.8,moderate,46.0
Late Blight,1,0,-0.6,19.9,75.2,22.1,1046.8,moderate,56.0
Fusarium Wilt,1,0,-1.0,19.9,75.2,22.1,1046.8,low,28.0
Bacterial Spot,0,0,0.0,19.9,75.2,22.1,1046.8,low,34.0
Early Blight,1,0,-0.6,34.2,63.0,57.8,1016.2,low,28.0
Late Blight,0,0,0.0,34.2,63.0,57.8,1016.2,low,34.0
Fusarium Wilt,2,0,-2.0,34.2,63.0,57.8,1016.2,moderate,44.0
Bacterial Spot,0,0,0.0,34.2,63.0,57.8,1016.2,low,34.0
Early Blight,1,0,-0.6,35.9,72.7,19.4,312.8,moderate,40.0
Late Blight,1,0,-1.0,35.9,72.7,19.4,312.8,low,16.0
Fusarium Wilt,0,0,0.0,35.9,72.7,19.4,312.8,moderate,46.0
Bacterial Spot,2,0,-1.6,35.9,72.7,19.4,312.8,low,16.0
Early Blight,1,0,-0.6,25.7,47.1,74.5,1196.8,moderate,40.0
Late Blight,1,0,-0.6,25.7,47.1,74.5,1196.8,low,28.0
Fusarium Wilt,0,0,0.0,25.7,47.1,74.5,1196.8,moderate,62.0
Bacterial Spot,1,0,-1.0,25.7,47.1,74.5,1196.8,low,28.0
Early Blight,0,0,0.0,33.9,46.7,33.3,711.6,low,34.0
Late Blight,0,0,0.0,33.9,46.7,33.3,711.6,low,34.0
Fusarium Wilt,1,0,-1.0,33.9,46.7,33.3,711.6,moderate,44.0
Bacterial Spot,1,0,-0.6,33.9,46.7,33.3,711.6,low,28.0
Early Blight,0,0,0.0,32.6,32.5,46.9,310.1,low,34.0
Late Blight,2,0,-1.6,32.6,32.5,46.9,310.1,low,16.0
Fusarium Wilt,1,0,-1.0,32.6,32.5,46.9,310.1,low,28.0
Bacterial Spot,1,0,-0.6,32.6,32.5,46.9,310.1,low,28.0
Early Blight,0,0,0.0,17.4,81.0,85.2,606.0,moderate,46.0
Late Blight,2,0,-1.6,17.4,81.0,85.2,606.0,moderate,44.0
Fusarium Wilt,0,0,0.0,17.4,81.0,85.2,606.0,moderate,46.0
Bacterial Spot,1,0,-1.0,17.4,81.0,85.2,606.0,low,16.0
Early Blight,0,0,0.0,22.2,36.7,82.3,271.7,moderate,46.0
Late Blight,1,0,-1.0,22.2,36.7,82.3,271.7,low,28.0
Fusarium Wilt,1,0,-1.0,22.2,36.7,82.3,271.7,low,16.0
Bacterial Spot,0,0,0.0,22.2,36.7,82.3,271.7,low,34.0
Early Blight,1,0,-0.6,25.2,76.0,38.2,317.7,moderate,56.0
Late Blight,1,0,-0.6,25.2,76.0,38.2,317.7,moderate,40.0
Fusarium Wilt,1,0,-1.0,25.2,76.0,38.2,317.7,moderate,44.0
Bacterial Spot,1,0,-0.6,25.2,76.0,38.2,317.7,moderate,40.0
Early Blight,1,0,-0.6,26.2,60.9,20.6,692.2,moderate,40.0
Late Blight,2,0,-1.6,26.2,60.9,20.6,692.2,low,16.0
Fusarium Wilt,0,0,0.0,26.2,60.9,20.6,692.2,moderate,62.0
Bacterial Spot,0,0,0.0,26.2,60.9,20.6,692.2,moderate,46.0
Early Blight,1,0,-0.6,16.7,42.9,58.3,1101.9,low,28.0
Late Blight,2,0,-1.6,16.7,42.9,58.3,1101.9,low,28.0
Fusarium Wilt,1,0,-1.0,16.7,42.9,58.3,1101.9,low,28.0
Bacterial Spot,0,0,0.0,16.7,42.9,58.3,1101.9,low,34.0
Early Blight,0,0,0.0,22.2,78.4,68.2,555.5,moderate,62.0
Late Blight,0,0,0.0,22.2,78.4,68.2,555.5,moderate,62.0
Fusarium Wilt,1,0,-1.0,22.2,78.4,68.2,555.5,low,28.0
Bacterial Spot,1,0,-1.0,22.2,78.4,68.2,555.5,low,16.0
Early Blight,0,0,0.0,37.4,75.4,63.1,1105.6,moderate,46.0
Late Blight,2,0,-1.6,37.4,75.4,63.1,1105.6,low,28.0
Fusarium Wilt,0,0,0.0,37.4,75.4,63.1,1105.6,moderate,46.0
Bacterial Spot,1,0,-0.6,37.4,75.4,63.1,1105.6,low,28.0
Early Blight,0,0,0.0,34.0,64.9,87.9,477.0,low,34.0
Late Blight,1,0,-0.6,34.0,64.9,87.9,477.0,low,28.0
Fusarium Wilt,0,0,0.0,34.0,64.9,87.9,477.0,moderate,62.0
Bacterial Spot,0,0,0.0,34.0,64.9,87.9,477.0,low,34.0
Early Blight,1,0,-0.6,33.4,39.6,50.5,939.9,low,28.0
Late Blight,1,0,-0.6,33.4,39.6,50.5,939.9,low,28.0
Fusarium Wilt,0,0,0.0,33.4,39.6,50.5,939.9,moderate,46.0
Bacterial Spot,0,0,0.0,33.4,39.6,50.5,939.9,low,34.0
Early Blight,1,0,-0.6,18.8,47.9,62.6,454.5,low,28.0
Late Blight,1,0,-1.0,18.8,47.9,62.6,454.5,low,28.0
Fusarium Wilt,0,0,0.0,18.8,47.9,62.6,454.5,moderate,46.0
Bacterial Spot,0,0,0.0,18.8,47.9,62.6,454.5,low,34.0
Early Blight,0,0,0.0,18.4,52.7,59.5,436.7,low,34.0
Late Blight,1,0,-0.6,18.4,52.7,59.5,436.7,moderate,40.0
Fusarium Wilt,1,0,-1.0,18.4,52.7,59.5,436.7,low,28.0
Bacterial Spot,2,0,-1.6,18.4,52.7,59.5,436.7,low,16.0
Early Blight,0,0,0.0,19.9,55.5,75.5,408.2,low,34.0
Late Blight,2,0,-1.6,19.9,55.5,75.5,408.2,low,28.0
Fusarium Wilt,0,0,0.0,19.9,55.5,75.5,408.2,moderate,46.0
Bacterial Spot,0,0,0.0,19.9,55.5,75.5,408.2,low,34.0
Early Blight,0,0,0.0,22.9,44.5,83.7,306.3,moderate,46.0
Late Blight,1,0,-0.6,22.9,44.5,83.7,306.3,moderate,40.0
Fusarium Wilt,1,0,-1.0,22.9,44.5,83.7,306.3,low,28.0
Bacterial Spot,1,0,-0.6,22.9,44.5,83.7,306.3,low,28.0
Early Blight,1,0,-0.6,28.6,60.2,86.1,571.7,moderate,40.0
Late Blight,1,0,-1.0,28.6,60.2,86.1,571.7,low,16.0
Fusarium Wilt,2,0,-2.0,28.6,60.2,86.1,571.7,moderate,44.0
Bacterial Spot,2,0,-1.6,28.6,60.2,86.1,571.7,low,28.0
Early Blight,1,0,-0.6,18.1,31.9,16.0,828.1,low,28.0
Late Blight,2,0,-1.6,18.1,31.9,16.0,828.1,low,28.0
Fusarium Wilt,2,0,-2.0,18.1,31.9,16.0,828.1,low,16.0
Bacterial Spot,2,0,-1.6,18.1,31.9,16.0,828.1,low,16.0
Early Blight,0,0,0.0,19.8,56.5,25.6,659.0,low,34.0
Late Blight,2,0,-1.6,19.8,56.5,25.6,659.0,low,28.0
Fusarium Wilt,1,0,-1.0,19.8,56.5,25.6,659.0,low,28.0
Bacterial Spot,0,0,0.0,19.8,56.5,25.6,659.0,low,34.0
Early Blight,0,0,0.0,30.2,62.9,18.7,697.8,low,34.0
Late Blight,1,0,-1.0,30.2,62.9,18.7,697.8,low,16.0
Fusarium Wilt,2,0,-2.0,30.2,62.9,18.7,697.8,moderate,44.0
Bacterial Spot,0,0,0.0,30.2,62.9,18.7,697.8,low,34.0
Early Blight,1,0,-0.6,16.5,58.3,86.7,648.9,low,28.0
Late Blight,0,0,0.0,16.5,58.3,86.7,648.9,moderate,46.0
Fusarium Wilt,2,0,-2.0,16.5,58.3,86.7,648.9,low,28.0
Bacterial Spot,1,0,-1.0,16.5,58.3,86.7,648.9,low,16.0
Early Blight,1,0,-0.6,33.7,45.1,28.1,1009.8,low,28.0
Late Blight,0,0,0.0,33.7,45.1,28.1,1009.8,low,34.0
Fusarium Wilt,1,0,-1.0,33.7,45.1,28.1,1009.8,moderate,44.0
Bacterial Spot,2,0,-1.6,33.7,45.1,28.1,1009.8,low,16.0
Early Blight,0,0,0.0,28.5,35.7,13.0,889.7,moderate,46.0
Late Blight,1,0,-1.0,28.5,35.7,13.0,889.7,low,16.0
Fusarium Wilt,1,0,-1.0,28.5,35.7,13.0,889.7,low,28.0
Bacterial Spot,0,0,0.0,28.5,35.7,13.0,889.7,moderate,46.0
Early Blight,1,0,-0.6,37.2,78.9,70.1,809.7,moderate,40.0
Late Blight,1,0,-1.0,37.2,78.9,70.1,809.7,low,28.0
Fusarium Wilt,0,0,0.0,37.2,78.9,70.1,809.7,moderate,46.0
Bacterial Spot,0,0,0.0,37.2,78.9,70.1,809.7,low,34.0
Early Blight,1,0,-0.6,17.8,34.7,79.1,714.5,low,28.0
Late Blight,1,0,-1.0,17.8,34.7,79.1,714.5,low,28.0
Fusarium Wilt,1,0,-1.0,17.8,34.7,79.1,714.5,low,16.0
Bacterial Spot,2,0,-1.6,17.8,34.7,79.1,714.5,low,16.0
Early Blight,0,0,0.0,17.7,52.6,29.7,758.2,low,34.0
Late Blight,2,0,-1.6,17.7,52.6,29.7,758.2,low,28.0
Fusarium Wilt,0,0,0.0,17.7,52.6,29.7,758.2,moderate,46.0
Bacterial Spot,2,0,-1.6,17.7,52.6,29.7,758.2,low,16.0
Early Blight,0,0,0.0,19.0,58.8,68.8,932.4,low,34.0
Late Blight,1,0,-0.6,19.0,58.8,68.8,932.4,moderate,40.0
Fusarium Wilt,2,0,-2.0,19.0,58.8,68.8,932.4,low,28.0
Bacterial Spot,0,0,0.0,19.0,58.8,68.8,932.4,low,34.0
Early Blight,0,0,0.0,20.3,82.5,39.4,353.9,moderate,62.0
Late Blight,1,0,-1.0,20.3,82.5,39.4,353.9,moderate,44.0
Fusarium Wilt,1,0,-1.0,20.3,82.5,39.4,353.9,low,28.0
Bacterial Spot,2,0,-1.6,20.3,82.5,39.4,353.9,low,16.0
Early Blight,0,0,0.0,35.4,52.2,16.8,442.6,low,34.0
Late Blight,2,0,-1.6,35.4,52.2,16.8,442.6,low,16.0
Fusarium Wilt,1,0,-1.0,35.4,52.2,16.8,442.6,low,28.0
Bacterial Spot,2,0,-1.6,35.4,52.2,16.8,442.6,low,16.0
Early Blight,0,0,0.0,16.9,33.2,74.6,197.3,low,34.0
Late Blight,2,0,-1.6,16.9,33.2,74.6,197.3,low,28.0
Fusarium Wilt,1,0,-1.0,16.9,33.2,74.6,197.3,low,16.0
Bacterial Spot,0,0,0.0,16.9,33.2,74.6,197.3,low,34.0
Early Blight,0,0,0.0,28.0,30.8,27.6,988.8,moderate,46.0
Late Blight,2,0,-1.6,28.0,30.8,27.6,988.8,low,16.0
Fusarium Wilt,1,0,-1.0,28.0,30.8,27.6,988.8,low,28.0
Bacterial Spot,1,0,-0.6,28.0,30.8,27.6,988.8,moderate,40.0
Early Blight,1,0,-0.6,22.9,64.0,82.6,1082.6,moderate,40.0
Late Blight,1,0,-1.0,22.9,64.0,82.6,1082.6,low,28.0
Fusarium Wilt,1,0,-1.0,22.9,64.0,82.6,1082.6,low,28.0
Bacterial Spot,2,0,-1.6,22.9,64.0,82.6,1082.6,low,16.0
Early Blight,1,0,-0.6,27.4,45.8,60.8,710.8,moderate,40.0
Late Blight,2,0,-1.6,27.4,45.8,60.8,710.8,low,16.0
Fusarium Wilt,1,0,-1.0,27.4,45.8,60.8,710.8,moderate,44.0
Bacterial Spot,1,0,-1.0,27.4,45.8,60.8,710.8,low,28.0
Early Blight,1,0,-0.6,25.5,88.9,44.8,166.7,moderate,56.0
Late Blight,2,0,-1.6,25.5,88.9,44.8,166.7,low,28.0
Fusarium Wilt,0,0,0.0,25.5,88.9,44.8,166.7,moderate,62.0
Bacterial Spot,0,0,0.0,25.5,88.9,44.8,166.7,moderate,62.0
Early Blight,0,0,0.0,25.5,73.2,77.4,1027.0,moderate,62.0
Late Blight,2,0,-1.6,25.5,73.2,77.4,1027.0,low,16.0
Fusarium Wilt,2,0,-2.0,25.5,73.2,77.4,1027.0,moderate,44.0
Bacterial Spot,1,0,-0.6,25.5,73.2,77.4,1027.0,moderate,40.0
Early Blight,1,0,-0.6,34.1,79.3,36.7,930.4,moderate,40.0
Late Blight,0,0,0.0,34.1,79.3,36.7,930.4,moderate,46.0
Fusarium Wilt,1,0,-1.0,34.1,79.3,36.7,930.4,moderate,44.0
Bacterial Spot,2,0,-1.6,34.1,79.3,36.7,930.4,low,16.0
Early Blight,1,0,-0.6,27.3,32.9,34.3,1060.6,moderate,40.0
Late Blight,0,0,0.0,27.3,32.9,34.3,1060.6,low,34.0
Fusarium Wilt,0,0,0.0,27.3,32.9,34.3,1060.6,moderate,46.0
Bacterial Spot,1,0,-1.0,27.3,32.9,34.3,1060.6,low,28.0
Early Blight,0,0,0.0,34.4,41.0,14.1,753.8,low,34.0
Late Blight,1,0,-0.6,34.4,41.0,14.1,753.8,low,28.0
Fusarium Wilt,0,0,0.0,34.4,41.0,14.1,753.8,moderate,62.0
Bacterial Spot,1,0,-0.6,34.4,41.0,14.1,753.8,low,28.0
Early Blight,1,0,-0.6,17.7,37.3,48.7,1192.6,low,28.0
Late Blight,2,0,-1.6,17.7,37.3,48.7,1192.6,low,28.0
Fusarium Wilt,1,0,-1.0,17.7,37.3,48.7,1192.6,low,16.0
Bacterial Spot,2,0,-1.6,17.7,37.3,48.7,1192.6,low,16.0
Early Blight,0,0,0.0,26.8,83.7,22.1,526.1,moderate,62.0
Late Blight,2,0,-1.6,26.8,83.7,22.1,526.1,low,28.0
Fusarium Wilt,0,0,0.0,26.8,83.7,22.1,526.1,moderate,62.0
Bacterial Spot,0,0,0.0,26.8,83.7,22.1,526.1,moderate,46.0
Early Blight,1,0,-0.6,29.0,47.5,64.8,681.3,moderate,40.0
Late Blight,1,0,-1.0,29.0,47.5,64.8,681.3,low,16.0
Fusarium Wilt,1,0,-1.0,29.0,47.5,64.8,681.3,moderate,44.0
Bacterial Spot,0,0,0.0,29.0,47.5,64.8,681.3,moderate,46.0
Early Blight,1,0,-0.6,36.9,78.8,42.6,340.3,moderate,40.0
Late Blight,1,0,-1.0,36.9,78.8,42.6,340.3,low,28.0
Fusarium Wilt,1,0,-1.0,36.9,78.8,42.6,340.3,low,28.0
Bacterial Spot,2,0,-1.6,36.9,78.8,42.6,340.3,low,16.0
Early Blight,1,0,-0.6,25.5,70.5,47.5,932.6,moderate,56.0
Late Blight,0,0,0.0,25.5,70.5,47.5,932.6,low,34.0
Fusarium Wilt,2,0,-2.0,25.5,70.5,47.5,932.6,moderate,44.0
Bacterial Spot,2,0,-1.6,25.5,70.5,47.5,932.6,low,28.0
Early Blight,1,0,-0.6,32.1,81.6,45.5,837.1,moderate,40.0
Late Blight,0,0,0.0,32.1,81.6,45.5,837.1,moderate,46.0
Fusarium Wilt,1,0,-1.0,32.1,81.6,45.5,837.1,moderate,44.0
Bacterial Spot,1,0,-0.6,32.1,81.6,45.5,837.1,low,28.0
Early Blight,0,0,0.0,19.3,83.9,42.5,1163.5,moderate,46.0
Late Blight,2,0,-1.6,19.3,83.9,42.5,1163.5,moderate,44.0
Fusarium Wilt,1,0,-1.0,19.3,83.9,42.5,1163.5,low,28.0
Bacterial Spot,1,0,-0.6,19.3,83.9,42.5,1163.5,low,28.0
Early Blight,1,0,-0.6,18.3,71.9,84.3,377.5,moderate,40.0
Late Blight,0,0,0.0,18.3,71.9,84.3,377.5,moderate,46.0
Fusarium Wilt,0,0,0.0,18.3,71.9,84.3,377.5,moderate,46.0
Bacterial Spot,1,0,-0.6,18.3,71.9,84.3,377.5,low,28.0
Early Blight,1,0,-0.6,37.7,47.6,28.1,1108.8,low,28.0
Late Blight,2,0,-1.6,37.7,47.6,28.1,1108.8,low,16.0
Fusarium Wilt,1,0,-1.0,37.7,47.6,28.1,1108.8,low,28.0
Bacterial Spot,1,0,-1.0,37.7,47.6,28.1,1108.8,low,16.0
Early Blight,0,0,0.0,28.8,36.1,50.5,366.7,moderate,46.0
Late Blight,1,0,-1.0,28.8,36.1,50.5,366.7,low,16.0
Fusarium Wilt,1,0,-1.0,28.8,36.1,50.5,366.7,low,28.0
Bacterial Spot,0,0,0.0,28.8,36.1,50.5,366.7,moderate,46.0
Early Blight,1,0,-0.6,22.7,66.2,72.4,474.7,moderate,40.0
Late Blight,0,0,0.0,22.7,66.2,72.4,474.7,moderate,46.0
Fusarium Wilt,0,0,0.0,22.7,66.2,72.4,474.7,moderate,46.0
Bacterial Spot,2,0,-1.6,22.7,66.2,72.4,474.7,low,16.0
Early Blight,1,0,-0.6,23.1,51.1,21.5,982.4,moderate,40.0
Late Blight,1,0,-0.6,23.1,51.1,21.5,982.4,moderate,40.0
Fusarium Wilt,0,0,0.0,23.1,51.1,21.5,982.4,moderate,46.0
Bacterial Spot,1,0,-1.0,23.1,51.1,21.5,982.4,low,16.0
Early Blight,0,0,0.0,26.0,88.5,86.1,705.7,moderate,62.0
Late Blight,2,0,-1.6,26.0,88.5,86.1,705.7,low,28.0
Fusarium Wilt,1,0,-1.0,26.0,88.5,86.1,705.7,moderate,44.0
Bacterial Spot,0,0,0.0,26.0,88.5,86.1,705.7,moderate,62.0
Early Blight,0,0,0.0,18.9,46.9,16.0,628.6,low,34.0
Late Blight,1,0,-1.0,18.9,46.9,16.0,628.6,low,28.0
Fusarium Wilt,0,0,0.0,18.9,46.9,16.0,628.6,moderate,46.0
Bacterial Spot,0,0,0.0,18.9,46.9,16.0,628.6,low,34.0
Early Blight,1,0,-0.6,36.9,82.7,62.9,693.9,moderate,40.0
Late Blight,1,0,-0.6,36.9,82.7,62.9,693.9,moderate,40.0
Fusarium Wilt,0,0,0.0,36.9,82.7,62.9,693.9,moderate,46.0
Bacterial Spot,1,0,-1.0,36.9,82.7,62.9,693.9,low,16.0
Early Blight,0,0,0.0,16.8,84.5,74.4,724.1,moderate,46.0
Late Blight,1,0,-1.0,16.8,84.5,74.4,724.1,moderate,44.0
Fusarium Wilt,1,0,-1.0,16.8,84.5,74.4,724.1,low,28.0
Bacterial Spot,2,0,-1.6,16.8,84.5,74.4,724.1,low,16.0
Early Blight,0,0,0.0,24.8,45.9,70.8,696.1,moderate,46.0
Late Blight,2,0,-1.6,24.8,45.9,70.8,696.1,low,16.0
Fusarium Wilt,2,0,-2.0,24.8,45.9,70.8,696.1,low,28.0
Bacterial Spot,1,0,-0.6,24.8,45.9,70.8,696.1,moderate,40.0
Early Blight,0,0,0.0,30.7,40.2,11.7,849.2,low,34.0
Late Blight,1,0,-0.6,30.7,40.2,11.7,849.2,low,28.0
Fusarium Wilt,1,0,-1.0,30.7,40.2,11.7,849.2,moderate,44.0
Bacterial Spot,1,0,-1.0,30.7,40.2,11.7,849.2,low,16.0
Early Blight,0,0,0.0,16.5,48.7,49.9,251.2,low,34.0
Late Blight,1,0,-1.0,16.5,48.7,49.9,251.2,low,28.0
Fusarium Wilt,2,0,-2.0,16.5,48.7,49.9,251.2,low,28.0
Bacterial Spot,1,0,-0.6,16.5,48.7,49.9,251.2,low,28.0
Early Blight,0,0,0.0,32.0,83.0,38.4,546.3,moderate,46.0
Late Blight,2,0,-1.6,32.0,83.0,38.4,546.3,low,28.0
Fusarium Wilt,1,0,-1.0,32.0,83.0,38.4,546.3,moderate,44.0
Bacterial Spot,1,0,-0.6,32.0,83.0,38.4,546.3,low,28.0
Early Blight,0,0,0.0,27.3,82.2,33.4,697.1,moderate,62.0
Late Blight,2,0,-1.6,27.3,82.2,33.4,697.1,low,28.0
Fusarium Wilt,0,0,0.0,27.3,82.2,33.4,697.1,moderate,62.0
Bacterial Spot,1,0,-1.0,27.3,82.2,33.4,697.1,low,28.0
Early Blight,1,0,-0.6,30.8,44.7,52.8,808.7,low,28.0
Late Blight,0,0,0.0,30.8,44.7,52.8,808.7,low,34.0
Fusarium Wilt,1,0,-1.0,30.8,44.7,52.8,808.7,moderate,44.0
Bacterial Spot,2,0,-1.6,30.8,44.7,52.8,808.7,low,16.0
Early Blight,0,0,0.0,26.2,48.2,63.1,476.5,moderate,46.0
Late Blight,1,0,-0.6,26.2,48.2,63.1,476.5,low,28.0
Fusarium Wilt,2,0,-2.0,26.2,48.2,63.1,476.5,moderate,44.0
Bacterial Spot,2,0,-1.6,26.2,48.2,63.1,476.5,low,28.0
Early Blight,0,0,0.0,29.0,87.6,48.7,245.5,moderate,62.0
Late Blight,1,0,-1.0,29.0,87.6,48.7,245.5,low,28.0
Fusarium Wilt,1,0,-1.0,29.0,87.6,48.7,245.5,moderate,44.0
Bacterial Spot,1,0,-1.0,29.0,87.6,48.7,245.5,moderate,44.0
Early Blight,1,0,-0.6,23.1,46.2,66.4,1166.5,moderate,40.0
Late Blight,2,0,-1.6,23.1,46.2,66.4,1166.5,low,28.0
Fusarium Wilt,1,0,-1.0,23.1,46.2,66.4,1166.5,low,28.0
Bacterial Spot,2,0,-1.6,23.1,46.2,66.4,1166.5,low,16.0
Early Blight,0,0,0.0,18.7,91.8,37.5,1161.1,moderate,46.0
Late Blight,2,0,-1.6,18.7,91.8,37.5,1161.1,moderate,44.0
Fusarium Wilt,2,0,-2.0,18.7,91.8,37.5,1161.1,low,28.0
Bacterial Spot,1,0,-1.0,18.7,91.8,37.5,1161.1,low,28.0
Early Blight,0,0,0.0,25.2,49.2,23.2,121.3,moderate,46.0
Late Blight,1,0,-1.0,25.2,49.2,23.2,121.3,low,16.0
Fusarium Wilt,1,0,-1.0,25.2,49.2,23.2,121.3,moderate,44.0
Bacterial Spot,0,0,0.0,25.2,49.2,23.2,121.3,moderate,46.0
Early Blight,0,0,0.0,36.0,50.3,74.9,1009.4,low,34.0
Late Blight,2,0,-1.6,36.0,50.3,74.9,1009.4,low,16.0
Fusarium Wilt,0,0,0.0,36.0,50.3,74.9,1009.4,moderate,46.0
Bacterial Spot,0,0,0.0,36.0,50.3,74.9,1009.4,low,34.0
Early Blight,0,0,0.0,19.1,74.4,86.2,1164.6,moderate,46.0
Late Blight,1,0,-0.6,19.1,74.4,86.2,1164.6,moderate,40.0
Fusarium Wilt,1,0,-1.0,19.1,74.4,86.2,1164.6,low,28.0
Bacterial Spot,1,0,-0.6,19.1,74.4,86.2,1164.6,low,28.0
Early Blight,0,0,0.0,35.3,47.5,25.3,436.3,low,34.0
Late Blight,2,0,-1.6,35.3,47.5,25.3,436.3,low,16.0
Fusarium Wilt,0,0,0.0,35.3,47.5,25.3,436.3,moderate,46.0
Bacterial Spot,1,0,-1.0,35.3,47.5,25.3,436.3,low,16.0
Early Blight,0,0,0.0,23.7,62.4,37.0,546.7,moderate,46.0
Late Blight,1,0,-1.0,23.7,62.4,37.0,546.7,low,28.0
Fusarium Wilt,0,0,0.0,23.7,62.4,37.0,546.7,moderate,46.0
Bacterial Spot,0,0,0.0,23.7,62.4,37.0,546.7,low,34.0
Early Blight,0,0,0.0,28.1,81.9,28.1,1120.9,moderate,62.0
Late Blight,1,0,-0.6,28.1,81.9,28.1,1120.9,moderate,40.0
Fusarium Wilt,1,0,-1.0,28.1,81.9,28.1,1120.9,moderate,44.0
Bacterial Spot,0,0,0.0,28.1,81.9,28.1,1120.9,moderate,46.0
Early Blight,0,0,0.0,31.6,68.6,10.8,172.4,low,34.0
Late Blight,2,0,-1.6,31.6,68.6,10.8,172.4,low,16.0
Fusarium Wilt,1,0,-1.0,31.6,68.6,10.8,172.4,moderate,44.0
Bacterial Spot,1,0,-1.0,31.6,68.6,10.8,172.4,low,16.0
Early Blight,1,0,-0.6,37.3,86.7,20.1,387.9,moderate,40.0
Late Blight,2,0,-1.6,37.3,86.7,20.1,387.9,low,28.0
Fusarium Wilt,1,0,-1.0,37.3,86.7,20.1,387.9,low,28.0
Bacterial Spot,0,0,0.0,37.3,86.7,20.1,387.9,moderate,46.0
Early Blight,0,0,0.0,21.2,86.5,88.0,1103.6,moderate,62.0
Late Blight,2,0,-1.6,21.2,86.5,88.0,1103.6,moderate,44.0
Fusarium Wilt,1,0,-1.0,21.2,86.5,88.0,1103.6,low,28.0
Bacterial Spot,1,0,-1.0,21.2,86.5,88.0,1103.6,low,28.0
Early Blight,1,0,-0.6,24.1,92.0,30.7,1156.0,moderate,56.0
Late Blight,0,0,0.0,24.1,92.0,30.7,1156.0,moderate,46.0
Fusarium Wilt,0,0,0.0,24.1,92.0,30.7,1156.0,moderate,46.0
Bacterial Spot,1,0,-0.6,24.1,92.0,30.7,1156.0,moderate,56.0
Early Blight,0,0,0.0,29.0,45.1,88.3,771.9,moderate,46.0
Late Blight,1,0,-1.0,29.0,45.1,88.3,771.9,low,16.0
Fusarium Wilt,1,0,-1.0,29.0,45.1,88.3,771.9,moderate,44.0
Bacterial Spot,0,0,0.0,29.0,45.1,88.3,771.9,moderate,46.0
Early Blight,1,0,-0.6,37.1,74.0,35.8,559.0,moderate,40.0
Late Blight,0,0,0.0,37.1,74.0,35.8,559.0,low,34.0
Fusarium Wilt,1,0,-1.0,37.1,74.0,35.8,559.0,low,28.0
Bacterial Spot,1,0,-1.0,37.1,74.0,35.8,559.0,low,16.0
Early Blight,0,0,0.0,15.5,41.5,44.5,1104.1,low,34.0
Late Blight,1,0,-1.0,15.5,41.5,44.5,1104.1,low,28.0
Fusarium Wilt,2,0,-2.0,15.5,41.5,44.5,1104.1,low,28.0
Bacterial Spot,1,0,-0.6,15.5,41.5,44.5,1104.1,low,28.0
Early Blight,1,0,-0.6,27.9,69.1,66.3,799.8,moderate,40.0
Late Blight,1,0,-0.6,27.9,69.1,66.3,799.8,low,28.0
Fusarium Wilt,0,0,0.0,27.9,69.1,66.3,799.8,moderate,62.0
Bacterial Spot,2,0,-1.6,27.9,69.1,66.3,799.8,low,28.0
Early Blight,0,0,0.0,26.2,87.3,66.5,449.9,moderate,62.0
Late Blight,1,0,-1.0,26.2,87.3,66.5,449.9,low,28.0
Fusarium Wilt,2,0,-2.0,26.2,87.3,66.5,449.9,moderate,44.0
Bacterial Spot,2,0,-1.6,26.2,87.3,66.5,449.9,moderate,44.0
Early Blight,0,0,0.0,18.3,78.0,14.9,576.2,moderate,46.0
Late Blight,1,0,-0.6,18.3,78.0,14.9,576.2,moderate,56.0
Fusarium Wilt,0,0,0.0,18.3,78.0,14.9,576.2,moderate,46.0
Bacterial Spot,2,0,-1.6,18.3,78.0,14.9,576.2,low,16.0
Early Blight,0,0,0.0,28.2,69.9,32.2,1039.0,moderate,46.0
Late Blight,0,0,0.0,28.2,69.9,32.2,1039.0,low,34.0
Fusarium Wilt,0,0,0.0,28.2,69.9,32.2,1039.0,moderate,62.0
Bacterial Spot,2,0,-1.6,28.2,69.9,32.2,1039.0,low,28.0
Early Blight,0,0,0.0,31.0,52.7,25.9,1010.0,low,34.0
Late Blight,2,0,-1.6,31.0,52.7,25.9,1010.0,low,16.0
Fusarium Wilt,2,0,-2.0,31.0,52.7,25.9,1010.0,moderate,44.0
Bacterial Spot,2,0,-1.6,31.0,52.7,25.9,1010.0,low,16.0
Early Blight,1,0,-0.6,35.7,76.2,14.0,1184.3,moderate,40.0
Late Blight,2,0,-1.6,35.7,76.2,14.0,1184.3,low,28.0
Fusarium Wilt,2,0,-2.0,35.7,76.2,14.0,1184.3,low,28.0
Bacterial Spot,1,0,-1.0,35.7,76.2,14.0,1184.3,low,16.0
Early Blight,1,0,-0.6,27.4,43.0,75.5,273.0,moderate,40.0
Late Blight,2,0,-1.6,27.4,43.0,75.5,273.0,low,16.0
Fusarium Wilt,2,0,-2.0,27.4,43.0,75.5,273.0,moderate,44.0
Bacterial Spot,2,0,-1.6,27.4,43.0,75.5,273.0,low,28.0
Early Blight,1,0,-0.6,17.2,31.9,66.7,502.2,low,28.0
Late Blight,1,0,-0.6,17.2,31.9,66.7,502.2,moderate,40.0
Fusarium Wilt,0,0,0.0,17.2,31.9,66.7,502.2,low,34.0
Bacterial Spot,1,0,-1.0,17.2,31.9,66.7,502.2,low,16.0
Early Blight,0,0,0.0,16.2,40.3,81.6,999.6,low,34.0
Late Blight,1,0,-0.6,16.2,40.3,81.6,999.6,moderate,40.0
Fusarium Wilt,1,0,-1.0,16.2,40.3,81.6,999.6,low,28.0
Bacterial Spot,1,0,-1.0,16.2,40.3,81.6,999.6,low,16.0
Early Blight,1,0,-0.6,34.7,38.9,28.6,980.9,low,28.0
Late Blight,1,0,-1.0,34.7,38.9,28.6,980.9,low,16.0
Fusarium Wilt,0,0,0.0,34.7,38.9,28.6,980.9,moderate,46.0
Bacterial Spot,0,0,0.0,34.7,38.9,28.6,980.9,low,34.0
Early Blight,0,0,0.0,35.4,91.4,37.9,917.2,moderate,46.0
Late Blight,1,0,-1.0,35.4,91.4,37.9,917.2,low,28.0
Fusarium Wilt,0,0,0.0,35.4,91.4,37.9,917.2,moderate,46.0
Bacterial Spot,0,0,0.0,35.4,91.4,37.9,917.2,moderate,46.0
Early Blight,1,0,-0.6,17.5,77.1,78.7,445.5,moderate,40.0
Late Blight,1,0,-1.0,17.5,77.1,78.7,445.5,moderate,44.0
Fusarium Wilt,2,0,-2.0,17.5,77.1,78.7,445.5,low,28.0
Bacterial Spot,0,0,0.0,17.5,77.1,78.7,445.5,low,34.0
Early Blight,1,0,-0.6,18.0,48.9,29.7,1023.9,low,28.0
Late Blight,1,0,-0.6,18.0,48.9,29.7,1023.9,moderate,40.0
Fusarium Wilt,0,0,0.0,18.0,48.9,29.7,1023.9,moderate,46.0
Bacterial Spot,0,0,0.0,18.0,48.9,29.7,1023.9,low,34.0
Early Blight,0,0,0.0,35.5,78.7,29.0,244.6,moderate,46.0
Late Blight,2,0,-1.6,35.5,78.7,29.0,244.6,low,28.0
Fusarium Wilt,2,0,-2.0,35.5,78.7,29.0,244.6,low,28.0
Bacterial Spot,2,0,-1.6,35.5,78.7,29.0,244.6,low,16.0
Early Blight,1,0,-0.6,27.9,56.2,74.7,834.4,moderate,40.0
Late Blight,1,0,-1.0,27.9,56.2,74.7,834.4,low,16.0
Fusarium Wilt,1,0,-1.0,27.9,56.2,74.7,834.4,moderate,44.0
Bacterial Spot,1,0,-0.6,27.9,56.2,74.7,834.4,moderate,40.0
Early Blight,1,0,-0.6,36.0,64.4,69.6,752.1,low,28.0
Late Blight,2,0,-1.6,36.0,64.4,69.6,752.1,low,16.0
Fusarium Wilt,0,0,0.0,36.0,64.4,69.6,752.1,moderate,46.0
Bacterial Spot,0,0,0.0,36.0,64.4,69.6,752.1,low,34.0
Early Blight,1,0,-0.6,28.8,63.0,51.1,650.9,moderate,40.0
Late Blight,1,0,-0.6,28.8,63.0,51.1,650.9,low,28.0
Fusarium Wilt,0,0,0.0,28.8,63.0,51.1,650.9,moderate,62.0
Bacterial Spot,1,0,-0.6,28.8,63.0,51.1,650.9,moderate,40.0
Early Blight,0,0,0.0,20.6,65.6,42.6,659.1,moderate,46.0
Late Blight,1,0,-0.6,20.6,65.6,42.6,659.1,moderate,40.0
Fusarium Wilt,1,0,-1.0,20.6,65.6,42.6,659.1,low,28.0
Bacterial Spot,1,0,-1.0,20.6,65.6,42.6,659.1,low,16.0
Early Blight,0,0,0.0,37.8,72.7,62.9,520.0,moderate,46.0
Late Blight,0,0,0.0,37.8,72.7,62.9,520.0,low,34.0
Fusarium Wilt,2,0,-2.0,37.8,72.7,62.9,520.0,low,28.0
Bacterial Spot,1,0,-0.6,37.8,72.7,62.9,520.0,low,28.0
Early Blight,0,0,0.0,36.8,78.6,22.5,102.0,moderate,46.0
Late Blight,0,0,0.0,36.8,78.6,22.5,102.0,moderate,46.0
Fusarium Wilt,1,0,-1.0,36.8,78.6,22.5,102.0,low,28.0
Bacterial Spot,2,0,-1.6,36.8,78.6,22.5,102.0,low,16.0
Early Blight,0,0,0.0,19.8,58.6,11.4,667.3,low,34.0
Late Blight,1,0,-0.6,19.8,58.6,11.4,667.3,moderate,40.0
Fusarium Wilt,1,0,-1.0,19.8,58.6,11.4,667.3,low,28.0
Bacterial Spot,2,0,-1.6,19.8,58.6,11.4,667.3,low,16.0
Early Blight,1,0,-0.6,35.3,81.7,56.7,1187.5,moderate,40.0
Late Blight,1,0,-0.6,35.3,81.7,56.7,1187.5,moderate,40.0
Fusarium Wilt,1,0,-1.0,35.3,81.7,56.7,1187.5,low,28.0
Bacterial Spot,1,0,-1.0,35.3,81.7,56.7,1187.5,low,16.0
Early Blight,1,0,-0.6,21.0,62.7,55.1,1138.2,moderate,40.0
Late Blight,1,0,-0.6,21.0,62.7,55.1,1138.2,moderate,40.0
Fusarium Wilt,1,0,-1.0,21.0,62.7,55.1,1138.2,low,28.0
Bacterial Spot,2,0,-1.6,21.0,62.7,55.1,1138.2,low,16.0
Early Blight,0,0,0.0,17.3,58.9,38.3,150.0,low,34.0
Late Blight,0,0,0.0,17.3,58.9,38.3,150.0,moderate,46.0
Fusarium Wilt,2,0,-2.0,17.3,58.9,38.3,150.0,low,28.0
Bacterial Spot,1,0,-0.6,17.3,58.9,38.3,150.0,low,28.0
Early Blight,1,0,-0.6,16.1,72.6,45.1,747.4,moderate,40.0
Late Blight,1,0,-0.6,16.1,72.6,45.1,747.4,moderate,40.0
Fusarium Wilt,0,0,0.0,16.1,72.6,45.1,747.4,moderate,46.0
Bacterial Spot,1,0,-1.0,16.1,72.6,45.1,747.4,low,16.0
Early Blight,1,0,-0.6,19.9,82.4,66.3,630.3,moderate,40.0
Late Blight,1,0,-0.6,19.9,82.4,66.3,630.3,moderate,56.0
Fusarium Wilt,1,0,-1.0,19.9,82.4,66.3,630.3,low,28.0
Bacterial Spot,1,0,-1.0,19.9,82.4,66.3,630.3,low,16.0
Early Blight,1,0,-0.6,34.3,37.3,32.7,628.5,low,28.0
Late Blight,1,0,-0.6,34.3,37.3,32.7,628.5,low,28.0
Fusarium Wilt,1,0,-1.0,34.3,37.3,32.7,628.5,low,28.0
Bacterial Spot,1,0,-1.0,34.3,37.3,32.7,628.5,low,16.0
Early Blight,0,0,0.0,22.8,31.6,14.6,476.3,moderate,46.0
Late Blight,1,0,-1.0,22.8,31.6,14.6,476.3,low,28.0
Fusarium Wilt,0,0,0.0,22.8,31.6,14.6,476.3,low,34.0
Bacterial Spot,0,0,0.0,22.8,31.6,14.6,476.3,low,34.0
Early Blight,0,0,0.0,19.8,87.6,42.1,604.1,moderate,46.0
Late Blight,2,0,-1.6,19.8,87.6,42.1,604.1,moderate,44.0
Fusarium Wilt,2,0,-2.0,19.8,87.6,42.1,604.1,low,28.0
Bacterial Spot,1,0,-1.0,19.8,87.6,42.1,604.1,low,28.0
Early Blight,1,0,-0.6,21.5,65.8,71.8,165.4,moderate,40.0
Late Blight,2,0,-1.6,21.5,65.8,71.8,165.4,low,28.0
Fusarium Wilt,2,0,-2.0,21.5,65.8,71.8,165.4,low,28.0
Bacterial Spot,0,0,0.0,21.5,65.8,71.8,165.4,low,34.0
Early Blight,0,0,0.0,26.3,96.2,32.2,581.5,moderate,62.0
Late Blight,1,0,-0.6,26.3,96.2,32.2,581.5,moderate,40.0
Fusarium Wilt,1,0,-1.0,26.3,96.2,32.2,581.5,moderate,44.0
Bacterial Spot,1,0,-1.0,26.3,96.2,32.2,581.5,moderate,44.0
Early Blight,1,0,-0.6,26.4,43.2,18.0,766.2,moderate,40.0
Late Blight,2,0,-1.6,26.4,43.2,18.0,766.2,low,16.0
Fusarium Wilt,0,0,0.0,26.4,43.2,18.0,766.2,moderate,62.0
Bacterial Spot,2,0,-1.6,26.4,43.2,18.0,766.2,low,28.0
Early Blight,1,0,-0.6,20.7,38.8,81.7,415.7,moderate,40.0
Late Blight,1,0,-0.6,20.7,38.8,81.7,415.7,moderate,40.0
Fusarium Wilt,0,0,0.0,20.7,38.8,81.7,415.7,low,34.0
Bacterial Spot,2,0,-1.6,20.7,38.8,81.7,415.7,low,16.0
Early Blight,0,0,0.0,23.5,68.3,13.5,388.6,moderate,46.0
Late Blight,1,0,-0.6,23.5,68.3,13.5,388.6,moderate,40.0
Fusarium Wilt,0,0,0.0,23.5,68.3,13.5,388.6,moderate,46.0
Bacterial Spot,2,0,-1.6,23.5,68.3,13.5,388.6,low,16.0
Early Blight,1,0,-0.6,24.3,33.0,53.4,226.2,moderate,40.0
Late Blight,1,0,-0.6,24.3,33.0,53.4,226.2,low,28.0
Fusarium Wilt,0,0,0.0,24.3,33.0,53.4,226.2,low,34.0
Bacterial Spot,1,0,-1.0,24.3,33.0,53.4,226.2,low,28.0
Early Blight,1,0,-0.6,28.4,55.9,25.5,191.2,moderate,40.0
Late Blight,2,0,-1.6,28.4,55.9,25.5,191.2,low,16.0
Fusarium Wilt,0,0,0.0,28.4,55.9,25.5,191.2,moderate,62.0
Bacterial Spot,1,0,-0.6,28.4,55.9,25.5,191.2,moderate,40.0
Early Blight,0,0,0.0,18.6,39.8,73.9,385.5,low,34.0
Late Blight,1,0,-1.0,18.6,39.8,73.9,385.5,low,28.0
Fusarium Wilt,1,0,-1.0,18.6,39.8,73.9,385.5,low,16.0
Bacterial Spot,2,0,-1.6,18.6,39.8,73.9,385.5,low,16.0
Early Blight,0,0,0.0,25.6,50.4,13.3,1137.3,moderate,46.0
Late Blight,0,0,0.0,25.6,50.4,13.3,1137.3,low,34.0
Fusarium Wilt,2,0,-2.0,25.6,50.4,13.3,1137.3,moderate,44.0
Bacterial Spot,0,0,0.0,25.6,50.4,13.3,1137.3,moderate,46.0
Early Blight,1,0,-0.6,33.7,92.6,73.0,764.7,moderate,40.0
Late Blight,1,0,-0.6,33.7,92.6,73.0,764.7,moderate,40.0
Fusarium Wilt,2,0,-2.0,33.7,92.6,73.0,764.7,moderate,44.0
Bacterial Spot,0,0,0.0,33.7,92.6,73.0,764.7,moderate,46.0
Early Blight,0,0,0.0,35.1,68.6,69.5,1013.9,low,34.0
Late Blight,0,0,0.0,35.1,68.6,69.5,1013.9,low,34.0
Fusarium Wilt,0,0,0.0,35.1,68.6,69.5,1013.9,moderate,46.0
Bacterial Spot,1,0,-1.0,35.1,68.6,69.5,1013.9,low,16.0
Early Blight,0,0,0.0,28.8,90.4,68.1,550.1,moderate,62.0
Late Blight,1,0,-0.6,28.8,90.4,68.1,550.1,moderate,40.0
Fusarium Wilt,1,0,-1.0,28.8,90.4,68.1,550.1,moderate,44.0
Bacterial Spot,2,0,-1.6,28.8,90.4,68.1,550.1,moderate,44.0
Early Blight,0,0,0.0,32.4,65.1,18.9,1043.7,low,34.0
Late Blight,1,0,-0.6,32.4,65.1,18.9,1043.7,low,28.0
Fusarium Wilt,1,0,-1.0,32.4,65.1,18.9,1043.7,moderate,44.0
Bacterial Spot,1,0,-1.0,32.4,65.1,18.9,1043.7,low,16.0
Early Blight,1,0,-0.6,18.6,73.3,45.6,746.0,moderate,40.0
Late Blight,2,0,-1.6,18.6,73.3,45.6,746.0,low,28.0
Fusarium Wilt,2,0,-2.0,18.6,73.3,45.6,746.0,low,28.0
Bacterial Spot,0,0,0.0,18.6,73.3,45.6,746.0,low,34.0
Early Blight,0,0,0.0,33.6,91.4,46.3,425.5,moderate,46.0
Late Blight,2,0,-1.6,33.6,91.4,46.3,425.5,low,28.0
Fusarium Wilt,2,0,-2.0,33.6,91.4,46.3,425.5,moderate,44.0
Bacterial Spot,1,0,-0.6,33.6,91.4,46.3,425.5,moderate,40.0
Early Blight,1,0,-0.6,35.9,48.5,47.9,1141.0,low,28.0
Late Blight,1,0,-1.0,35.9,48.5,47.9,1141.0,low,16.0
Fusarium Wilt,0,0,0.0,35.9,48.5,47.9,1141.0,moderate,46.0
Bacterial Spot,2,0,-1.6,35.9,48.5,47.9,1141.0,low,16.0
Early Blight,0,0,0.0,20.1,88.3,85.0,392.1,moderate,62.0
Late Blight,0,0,0.0,20.1,88.3,85.0,392.1,moderate,62.0
Fusarium Wilt,1,0,-1.0,20.1,88.3,85.0,392.1,low,28.0
Bacterial Spot,1,0,-0.6,20.1,88.3,85.0,392.1,moderate,40.0
Early Blight,1,0,-0.6,17.5,45.6,69.8,1198.8,low,28.0
Late Blight,1,0,-1.0,17.5,45.6,69.8,1198.8,low,28.0
Fusarium Wilt,1,0,-1.0,17.5,45.6,69.8,1198.8,low,28.0
Bacterial Spot,1,0,-0.6,17.5,45.6,69.8,1198.8,low,28.0
Early Blight,1,0,-0.6,18.9,81.6,46.1,357.1,moderate,40.0
Late Blight,1,0,-0.6,18.9,81.6,46.1,357.1,moderate,56.0
Fusarium Wilt,1,0,-1.0,18.9,81.6,46.1,357.1,low,28.0
Bacterial Spot,1,0,-1.0,18.9,81.6,46.1,357.1,low,16.0
Early Blight,1,0,-0.6,15.8,31.8,52.7,546.7,low,28.0
Late Blight,2,0,-1.6,15.8,31.8,52.7,546.7,low,28.0
Fusarium Wilt,2,0,-2.0,15.8,31.8,52.7,546.7,low,16.0
Bacterial Spot,2,0,-1.6,15.8,31.8,52.7,546.7,low,16.0
Early Blight,0,0,0.0,16.4,60.0,86.0,540.0,low,34.0
Late Blight,1,0,-0.6,16.4,60.0,86.0,540.0,moderate,40.0
Fusarium Wilt,0,0,0.0,16.4,60.0,86.0,540.0,moderate,46.0
Bacterial Spot,1,0,-0.6,16.4,60.0,86.0,540.0,low,28.0
Early Blight,1,0,-0.6,20.8,34.7,11.0,814.6,moderate,40.0
Late Blight,1,0,-1.0,20.8,34.7,11.0,814.6,low,28.0
Fusarium Wilt,1,0,-1.0,20.8,34.7,11.0,814.6,low,16.0
Bacterial Spot,1,0,-1.0,20.8,34.7,11.0,814.6,low,16.0
Early Blight,1,0,-0.6,25.2,94.6,71.2,344.1,moderate,56.0
Late Blight,1,0,-0.6,25.2,94.6,71.2,344.1,moderate,40.0
Fusarium Wilt,2,0,-2.0,25.2,94.6,71.2,344.1,moderate,44.0
Bacterial Spot,1,0,-0.6,25.2,94.6,71.2,344.1,moderate,56.0
Early Blight,0,0,0.0,27.1,37.5,80.8,586.6,moderate,46.0
Late Blight,0,0,0.0,27.1,37.5,80.8,586.6,low,34.0
Fusarium Wilt,1,0,-1.0,27.1,37.5,80.8,586.6,low,28.0
Bacterial Spot,1,0,-1.0,27.1,37.5,80.8,586.6,low,28.0
Early Blight,1,0,-0.6,21.2,50.0,85.6,991.2,moderate,40.0
Late Blight,1,0,-0.6,21.2,50.0,85.6,991.2,moderate,40.0
Fusarium Wilt,2,0,-2.0,21.2,50.0,85.6,991.2,low,28.0
Bacterial Spot,1,0,-0.6,21.2,50.0,85.6,991.2,low,28.0
Early Blight,0,0,0.0,28.0,57.7,66.1,476.7,moderate,46.0
Late Blight,1,0,-1.0,28.0,57.7,66.1,476.7,low,16.0
Fusarium Wilt,1,0,-1.0,28.0,57.7,66.1,476.7,moderate,44.0
Bacterial Spot,0,0,0.0,28.0,57.7,66.1,476.7,moderate,46.0
Early Blight,1,0,-0.6,23.3,91.7,80.1,932.8,moderate,56.0
Late Blight,0,0,0.0,23.3,91.7,80.1,932.8,moderate,62.0
Fusarium Wilt,1,0,-1.0,23.3,91.7,80.1,932.8,low,28.0
Bacterial Spot,1,0,-0.6,23.3,91.7,80.1,932.8,moderate,40.0
Early Blight,0,0,0.0,23.9,37.6,69.2,625.4,moderate,46.0
Late Blight,1,0,-1.0,23.9,37.6,69.2,625.4,low,28.0
Fusarium Wilt,1,0,-1.0,23.9,37.6,69.2,625.4,low,16.0
Bacterial Spot,2,0,-1.6,23.9,37.6,69.2,625.4,low,16.0
Early Blight,0,0,0.0,36.0,48.6,49.6,895.1,low,34.0
Late Blight,1,0,-1.0,36.0,48.6,49.6,895.1,low,16.0
Fusarium Wilt,1,0,-1.0,36.0,48.6,49.6,895.1,low,28.0
Bacterial Spot,0,0,0.0,36.0,48.6,49.6,895.1,low,34.0
Early Blight,0,0,0.0,37.3,46.6,59.7,1052.3,low,34.0
Late Blight,2,0,-1.6,37.3,46.6,59.7,1052.3,low,16.0
Fusarium Wilt,1,0,-1.0,37.3,46.6,59.7,1052.3,low,28.0
Bacterial Spot,0,0,0.0,37.3,46.6,59.7,1052.3,low,34.0
Early Blight,0,0,0.0,21.3,43.7,19.9,941.6,moderate,46.0
Late Blight,1,0,-1.0,21.3,43.7,19.9,941.6,low,28.0
Fusarium Wilt,2,0,-2.0,21.3,43.7,19.9,941.6,low,28.0
Bacterial Spot,1,0,-0.6,21.3,43.7,19.9,941.6,low,28.0
Early Blight,0,0,0.0,35.1,86.1,47.0,237.8,moderate,46.0
Late Blight,2,0,-1.6,35.1,86.1,47.0,237.8,low,28.0
Fusarium Wilt,1,0,-1.0,35.1,86.1,47.0,237.8,low,28.0
Bacterial Spot,0,0,0.0,35.1,86.1,47.0,237.8,moderate,46.0
Early Blight,1,0,-0.6,36.5,55.2,31.0,432.5,low,28.0
Late Blight,0,0,0.0,36.5,55.2,31.0,432.5,low,34.0
Fusarium Wilt,2,0,-2.0,36.5,55.2,31.0,432.5,low,28.0
Bacterial Spot,1,0,-1.0,36.5,55.2,31.0,432.5,low,16.0
Early Blight,0,0,0.0,29.9,54.5,10.4,1061.3,moderate,46.0
Late Blight,1,0,-1.0,29.9,54.5,10.4,1061.3,low,16.0
Fusarium Wilt,1,0,-1.0,29.9,54.5,10.4,1061.3,moderate,44.0
Bacterial Spot,1,0,-1.0,29.9,54.5,10.4,1061.3,low,28.0
Early Blight,1,0,-0.6,24.1,94.9,56.7,266.0,moderate,56.0
Late Blight,0,0,0.0,24.1,94.9,56.7,266.0,moderate,46.0
Fusarium Wilt,2,0,-2.0,24.1,94.9,56.7,266.0,low,28.0
Bacterial Spot,1,0,-0.6,24.1,94.9,56.7,266.0,moderate,56.0
Early Blight,0,0,0.0,16.2,33.3,16.4,1154.3,low,34.0
Late Blight,0,0,0.0,16.2,33.3,16.4,1154.3,moderate,46.0
Fusarium Wilt,2,0,-2.0,16.2,33.3,16.4,1154.3,low,16.0
Bacterial Spot,2,0,-1.6,16.2,33.3,16.4,1154.3,low,16.0
Early Blight,0,0,0.0,28.5,43.1,30.6,377.6,moderate,46.0
Late Blight,0,0,0.0,28.5,43.1,30.6,377.6,low,34.0
Fusarium Wilt,2,0,-2.0,28.5,43.1,30.6,377.6,moderate,44.0
Bacterial Spot,2,0,-1.6,28.5,43.1,30.6,377.6,low,28.0
Early Blight,0,0,0.0,32.0,64.8,62.4,312.5,low,34.0
Late Blight,1,0,-0.6,32.0,64.8,62.4,312.5,low,28.0
Fusarium Wilt,1,0,-1.0,32.0,64.8,62.4,312.5,moderate,44.0
Bacterial Spot,0,0,0.0,32.0,64.8,62.4,312.5,low,34.0
Early Blight,1,0,-0.6,36.0,85.8,78.2,625.9,moderate,40.0
Late Blight,1,0,-0.6,36.0,85.8,78.2,625.9,moderate,40.0
Fusarium Wilt,2,0,-2.0,36.0,85.8,78.2,625.9,low,28.0
Bacterial Spot,1,0,-1.0,36.0,85.8,78.2,625.9,low,28.0
Early Blight,1,0,-0.6,36.7,61.7,60.2,790.9,low,28.0
Late Blight,1,0,-0.6,36.7,61.7,60.2,790.9,low,28.0
Fusarium Wilt,2,0,-2.0,36.7,61.7,60.2,790.9,low,28.0
Bacterial Spot,1,0,-0.6,36.7,61.7,60.2,790.9,low,28.0
Early Blight,1,0,-0.6,16.7,97.4,53.8,1066.7,moderate,40.0
Late Blight,2,0,-1.6,16.7,97.4,53.8,1066.7,moderate,44.0
Fusarium Wilt,1,0,-1.0,16.7,97.4,53.8,1066.7,low,28.0
Bacterial Spot,2,0,-1.6,16.7,97.4,53.8,1066.7,low,28.0
Early Blight,1,0,-0.6,16.5,72.8,88.0,345.7,moderate,40.0
Late Blight,2,0,-1.6,16.5,72.8,88.0,345.7,low,28.0
Fusarium Wilt,1,0,-1.0,16.5,72.8,88.0,345.7,low,28.0
Bacterial Spot,1,0,-0.6,16.5,72.8,88.0,345.7,low,28.0
Early Blight,0,0,0.0,19.4,92.1,58.8,172.7,moderate,46.0
Late Blight,2,0,-1.6,19.4,92.1,58.8,172.7,moderate,44.0
Fusarium Wilt,2,0,-2.0,19.4,92.1,58.8,172.7,low,28.0
Bacterial Spot,1,0,-0.6,19.4,92.1,58.8,172.7,moderate,40.0
Early Blight,0,0,0.0,28.1,45.5,24.4,477.6,moderate,46.0
Late Blight,0,0,0.0,28.1,45.5,24.4,477.6,low,34.0
Fusarium Wilt,1,0,-1.0,28.1,45.5,24.4,477.6,moderate,44.0
Bacterial Spot,2,0,-1.6,28.1,45.5,24.4,477.6,low,28.0
Early Blight,0,0,0.0,23.8,71.0,46.9,386.0,moderate,62.0
Late Blight,0,0,0.0,23.8,71.0,46.9,386.0,moderate,46.0
Fusarium Wilt,2,0,-2.0,23.8,71.0,46.9,386.0,low,28.0
Bacterial Spot,1,0,-1.0,23.8,71.0,46.9,386.0,low,16.0
Early Blight,0,0,0.0,32.5,47.6,64.7,406.3,low,34.0
Late Blight,0,0,0.0,32.5,47.6,64.7,406.3,low,34.0
Fusarium Wilt,1,0,-1.0,32.5,47.6,64.7,406.3,moderate,44.0
Bacterial Spot,0,0,0.0,32.5,47.6,64.7,406.3,low,34.0
Early Blight,1,0,-0.6,35.1,90.1,16.0,961.5,moderate,40.0
Late Blight,2,0,-1.6,35.1,90.1,16.0,961.5,low,28.0
Fusarium Wilt,0,0,0.0,35.1,90.1,16.0,961.5,moderate,46.0
Bacterial Spot,2,0,-1.6,35.1,90.1,16.0,961.5,low,28.0
Early Blight,0,0,0.0,17.0,52.7,66.2,753.2,low,34.0
Late Blight,0,0,0.0,17.0,52.7,66.2,753.2,moderate,46.0
Fusarium Wilt,0,0,0.0,17.0,52.7,66.2,753.2,moderate,46.0
Bacterial Spot,2,0,-1.6,17.0,52.7,66.2,753.2,low,16.0
Early Blight,1,0,-0.6,26.0,71.5,23.7,492.0,moderate,56.0
Late Blight,1,0,-1.0,26.0,71.5,23.7,492.0,low,16.0
Fusarium Wilt,2,0,-2.0,26.0,71.5,23.7,492.0,moderate,44.0
Bacterial Spot,2,0,-1.6,26.0,71.5,23.7,492.0,low,28.0
Early Blight,1,0,-0.6,24.5,90.3,87.3,534.8,moderate,56.0
Late Blight,2,0,-1.6,24.5,90.3,87.3,534.8,low,28.0
Fusarium Wilt,1,0,-1.0,24.5,90.3,87.3,534.8,low,28.0
Bacterial Spot,1,0,-1.0,24.5,90.3,87.3,534.8,moderate,44.0
Early Blight,0,0,0.0,22.9,72.1,55.4,638.7,moderate,62.0
Late Blight,0,0,0.0,22.9,72.1,55.4,638.7,moderate,46.0
Fusarium Wilt,1,0,-1.0,22.9,72.1,55.4,638.7,low,28.0
Bacterial Spot,0,0,0.0,22.9,72.1,55.4,638.7,low,34.0
Early Blight,0,0,0.0,34.6,51.5,37.7,720.8,low,34.0
Late Blight,1,0,-1.0,34.6,51.5,37.7,720.8,low,16.0
Fusarium Wilt,2,0,-2.0,34.6,51.5,37.7,720.8,moderate,44.0
Bacterial Spot,1,0,-1.0,34.6,51.5,37.7,720.8,low,16.0
Early Blight,0,0,0.0,37.7,95.5,46.5,340.3,moderate,46.0
Late Blight,2,0,-1.6,37.7,95.5,46.5,340.3,low,28.0
Fusarium Wilt,1,0,-1.0,37.7,95.5,46.5,340.3,low,28.0
Bacterial Spot,2,0,-1.6,37.7,95.5,46.5,340.3,low,28.0
Early Blight,1,0,-0.6,23.4,67.8,68.4,276.4,moderate,40.0
Late Blight,0,0,0.0,23.4,67.8,68.4,276.4,moderate,46.0
Fusarium Wilt,1,0,-1.0,23.4,67.8,68.4,276.4,low,28.0
Bacterial Spot,1,0,-1.0,23.4,67.8,68.4,276.4,low,16.0
Early Blight,0,0,0.0,31.1,69.3,23.3,378.0,low,34.0
Late Blight,2,0,-1.6,31.1,69.3,23.3,378.0,low,16.0
Fusarium Wilt,0,0,0.0,31.1,69.3,23.3,378.0,moderate,62.0
Bacterial Spot,2,0,-1.6,31.1,69.3,23.3,378.0,low,16.0
Early Blight,1,0,-0.6,35.4,76.4,51.7,323.0,moderate,40.0
Late Blight,1,0,-1.0,35.4,76.4,51.7,323.0,low,28.0
Fusarium Wilt,0,0,0.0,35.4,76.4,51.7,323.0,moderate,46.0
Bacterial Spot,2,0,-1.6,35.4,76.4,51.7,323.0,low,16.0
Early Blight,0,0,0.0,19.2,62.1,10.5,778.9,low,34.0
Late Blight,1,0,-0.6,19.2,62.1,10.5,778.9,moderate,40.0
Fusarium Wilt,1,0,-1.0,19.2,62.1,10.5,778.9,low,28.0
Bacterial Spot,1,0,-1.0,19.2,62.1,10.5,778.9,low,16.0
Early Blight,0,0,0.0,18.7,71.7,44.4,1076.8,moderate,46.0
Late Blight,2,0,-1.6,18.7,71.7,44.4,1076.8,low,28.0
Fusarium Wilt,1,0,-1.0,18.7,71.7,44.4,1076.8,low,28.0
Bacterial Spot,1,0,-1.0,18.7,71.7,44.4,1076.8,low,16.0
Early Blight,1,0,-0.6,15.4,95.1,80.8,135.6,moderate,40.0
Late Blight,1,0,-1.0,15.4,95.1,80.8,135.6,moderate,44.0
Fusarium Wilt,2,0,-2.0,15.4,95.1,80.8,135.6,low,28.0
Bacterial Spot,2,0,-1.6,15.4,95.1,80.8,135.6,low,28.0
Early Blight,1,0,-0.6,30.9,30.9,43.5,1195.6,low,28.0
Late Blight,2,0,-1.6,30.9,30.9,43.5,1195.6,low,16.0
Fusarium Wilt,0,0,0.0,30.9,30.9,43.5,1195.6,moderate,46.0
Bacterial Spot,1,0,-1.0,30.9,30.9,43.5,1195.6,low,16.0
Early Blight,1,0,-0.6,30.4,76.4,80.2,803.7,moderate,40.0
Late Blight,1,0,-1.0,30.4,76.4,80.2,803.7,low,28.0
Fusarium Wilt,0,0,0.0,30.4,76.4,80.2,803.7,moderate,62.0
Bacterial Spot,1,0,-0.6,30.4,76.4,80.2,803.7,low,28.0
Early Blight,0,0,0.0,37.0,32.0,58.5,1058.3,low,34.0
Late Blight,2,0,-1.6,37.0,32.0,58.5,1058.3,low,16.0
Fusarium Wilt,1,0,-1.0,37.0,32.0,58.5,1058.3,low,16.0
Bacterial Spot,1,0,-1.0,37.0,32.0,58.5,1058.3,low,16.0
Early Blight,1,0,-0.6,31.7,50.8,29.9,1043.9,low,28.0
Late Blight,2,0,-1.6,31.7,50.8,29.9,1043.9,low,16.0
Fusarium Wilt,1,0,-1.0,31.7,50.8,29.9,1043.9,moderate,44.0
Bacterial Spot,2,0,-1.6,31.7,50.8,29.9,1043.9,low,16.0
Early Blight,0,0,0.0,25.7,32.1,53.7,419.2,moderate,46.0
Late Blight,1,0,-0.6,25.7,32.1,53.7,419.2,low,28.0
Fusarium Wilt,1,0,-1.0,25.7,32.1,53.7,419.2,low,28.0
Bacterial Spot,2,0,-1.6,25.7,32.1,53.7,419.2,low,28.0
Early Blight,1,0,-0.6,36.7,86.4,23.6,104.0,moderate,40.0
Late Blight,2,0,-1.6,36.7,86.4,23.6,104.0,low,28.0
Fusarium Wilt,2,0,-2.0,36.7,86.4,23.6,104.0,low,28.0
Bacterial Spot,0,0,0.0,36.7,86.4,23.6,104.0,moderate,46.0
Early Blight,0,0,0.0,29.2,96.5,43.3,903.9,moderate,62.0
Late Blight,1,0,-1.0,29.2,96.5,43.3,903.9,low,28.0
Fusarium Wilt,1,0,-1.0,29.2,96.5,43.3,903.9,moderate,44.0
Bacterial Spot,0,0,0.0,29.2,96.5,43.3,903.9,moderate,62.0
Early Blight,0,0,0.0,18.1,83.9,54.2,152.8,moderate,46.0
Late Blight,0,0,0.0,18.1,83.9,54.2,152.8,moderate,62.0
Fusarium Wilt,0,0,0.0,18.1,83.9,54.2,152.8,moderate,46.0
Bacterial Spot,1,0,-1.0,18.1,83.9,54.2,152.8,low,16.0
Early Blight,0,0,0.0,32.0,94.9,78.1,436.7,moderate,46.0
Late Blight,2,0,-1.6,32.0,94.9,78.1,436.7,low,28.0
Fusarium Wilt,1,0,-1.0,32.0,94.9,78.1,436.7,moderate,44.0
Bacterial Spot,1,0,-1.0,32.0,94.9,78.1,436.7,low,28.0
Early Blight,1,0,-0.6,17.0,92.2,72.1,998.8,moderate,40.0
Late Blight,0,0,0.0,17.0,92.2,72.1,998.8,moderate,62.0
Fusarium Wilt,1,0,-1.0,17.0,92.2,72.1,998.8,low,28.0
Bacterial Spot,1,0,-0.6,17.0,92.2,72.1,998.8,moderate,40.0
Early Blight,1,0,-0.6,15.9,35.6,45.6,684.7,low,28.0
Late Blight,2,0,-1.6,15.9,35.6,45.6,684.7,low,28.0
Fusarium Wilt,0,0,0.0,15.9,35.6,45.6,684.7,low,34.0
Bacterial Spot,0,0,0.0,15.9,35.6,45.6,684.7,low,34.0
Early Blight,1,0,-0.6,15.2,81.6,47.7,1020.4,moderate,40.0
Late Blight,0,0,0.0,15.2,81.6,47.7,1020.4,moderate,62.0
Fusarium Wilt,1,0,-1.0,15.2,81.6,47.7,1020.4,low,28.0
Bacterial Spot,1,0,-1.0,15.2,81.6,47.7,1020.4,low,16.0
Early Blight,1,0,-0.6,20.1,95.1,36.3,861.4,moderate,56.0
Late Blight,0,0,0.0,20.1,95.1,36.3,861.4,moderate,62.0
Fusarium Wilt,2,0,-2.0,20.1,95.1,36.3,861.4,low,28.0
Bacterial Spot,0,0,0.0,20.1,95.1,36.3,861.4,moderate,46.0
Early Blight,1,0,-0.6,25.2,60.3,58.0,1180.8,moderate,40.0
Late Blight,0,0,0.0,25.2,60.3,58.0,1180.8,low,34.0
Fusarium Wilt,0,0,0.0,25.2,60.3,58.0,1180.8,moderate,62.0
Bacterial Spot,1,0,-1.0,25.2,60.3,58.0,1180.8,low,28.0
Early Blight,1,0,-0.6,32.4,61.8,87.7,586.4,low,28.0
Late Blight,0,0,0.0,32.4,61.8,87.7,586.4,low,34.0
Fusarium Wilt,2,0,-2.0,32.4,61.8,87.7,586.4,moderate,44.0
Bacterial Spot,0,0,0.0,32.4,61.8,87.7,586.4,low,34.0
Early Blight,1,0,-0.6,34.5,95.8,55.6,1102.7,moderate,40.0
Late Blight,0,0,0.0,34.5,95.8,55.6,1102.7,moderate,46.0
Fusarium Wilt,0,0,0.0,34.5,95.8,55.6,1102.7,moderate,62.0
Bacterial Spot,1,0,-1.0,34.5,95.8,55.6,1102.7,low,28.0
Early Blight,1,0,-0.6,19.6,78.2,57.6,513.6,moderate,40.0
Late Blight,1,0,-0.6,19.6,78.2,57.6,513.6,moderate,56.0
Fusarium Wilt,1,0,-1.0,19.6,78.2,57.6,513.6,low,28.0
Bacterial Spot,1,0,-1.0,19.6,78.2,57.6,513.6,low,16.0
Early Blight,0,0,0.0,28.3,65.1,59.4,350.0,moderate,46.0
Late Blight,1,0,-0.6,28.3,65.1,59.4,350.0,low,28.0
Fusarium Wilt,0,0,0.0,28.3,65.1,59.4,350.0,moderate,62.0
Bacterial Spot,0,0,0.0,28.3,65.1,59.4,350.0,moderate,46.0
Early Blight,0,0,0.0,28.2,81.3,48.3,1072.2,moderate,62.0
Late Blight,2,0,-1.6,28.2,81.3,48.3,1072.2,low,28.0
Fusarium Wilt,1,0,-1.0,28.2,81.3,48.3,1072.2,moderate,44.0
Bacterial Spot,2,0,-1.6,28.2,81.3,48.3,1072.2,low,28.0
Early Blight,0,0,0.0,33.0,87.7,26.9,844.4,moderate,46.0
Late Blight,0,0,0.0,33.0,87.7,26.9,844.4,moderate,46.0
Fusarium Wilt,1,0,-1.0,33.0,87.7,26.9,844.4,moderate,44.0
Bacterial Spot,1,0,-1.0,33.0,87.7,26.9,844.4,low,28.0
Early Blight,1,0,-0.6,36.7,88.5,51.0,663.8,moderate,40.0
Late Blight,1,0,-0.6,36.7,88.5,51.0,663.8,moderate,40.0
Fusarium Wilt,1,0,-1.0,36.7,88.5,51.0,663.8,low,28.0
Bacterial Spot,2,0,-1.6,36.7,88.5,51.0,663.8,low,28.0
Early Blight,1,0,-0.6,31.4,91.0,10.7,104.5,moderate,40.0
Late Blight,0,0,0.0,31.4,91.0,10.7,104.5,moderate,46.0
Fusarium Wilt,0,0,0.0,31.4,91.0,10.7,104.5,moderate,62.0
Bacterial Spot,0,0,0.0,31.4,91.0,10.7,104.5,moderate,46.0
Early Blight,0,0,0.0,21.8,48.8,47.0,1090.7,moderate,46.0
Late Blight,1,0,-0.6,21.8,48.8,47.0,1090.7,moderate,40.0
Fusarium Wilt,1,0,-1.0,21.8,48.8,47.0,1090.7,low,28.0
Bacterial Spot,1,0,-1.0,21.8,48.8,47.0,1090.7,low,16.0
Early Blight,0,0,0.0,34.1,80.6,20.8,804.3,moderate,46.0
Late Blight,2,0,-1.6,34.1,80.6,20.8,804.3,low,28.0
Fusarium Wilt,0,0,0.0,34.1,80.6,20.8,804.3,moderate,62.0
Bacterial Spot,1,0,-0.6,34.1,80.6,20.8,804.3,low,28.0
Early Blight,0,0,0.0,24.0,93.7,68.7,374.4,moderate,62.0
Late Blight,1,0,-0.6,24.0,93.7,68.7,374.4,moderate,56.0
Fusarium Wilt,1,0,-1.0,24.0,93.7,68.7,374.4,low,28.0
Bacterial Spot,0,0,0.0,24.0,93.7,68.7,374.4,moderate,62.0
Early Blight,0,0,0.0,28.1,33.7,75.0,874.4,moderate,46.0
Late Blight,1,0,-1.0,28.1,33.7,75.0,874.4,low,16.0
Fusarium Wilt,1,0,-1.0,28.1,33.7,75.0,874.4,low,28.0
Bacterial Spot,1,0,-1.0,28.1,33.7,75.0,874.4,low,28.0
Early Blight,1,0,-0.6,22.6,75.3,73.8,179.2,moderate,56.0
Late Blight,1,0,-1.0,22.6,75.3,73.8,179.2,moderate,44.0
Fusarium Wilt,0,0,0.0,22.6,75.3,73.8,179.2,moderate,46.0
Bacterial Spot,1,0,-1.0,22.6,75.3,73.8,179.2,low,16.0
Early Blight,0,0,0.0,19.8,97.7,62.2,207.6,moderate,46.0
Late Blight,1,0,-1.0,19.8,97.7,62.2,207.6,moderate,44.0
Fusarium Wilt,1,0,-1.0,19.8,97.7,62.2,207.6,low,28.0
Bacterial Spot,1,0,-0.6,19.8,97.7,62.2,207.6,moderate,40.0
Early Blight,1,0,-0.6,30.1,73.7,10.2,658.6,moderate,40.0
Late Blight,1,0,-0.6,30.1,73.7,10.2,658.6,low,28.0
Fusarium Wilt,1,0,-1.0,30.1,73.7,10.2,658.6,moderate,44.0
Bacterial Spot,2,0,-1.6,30.1,73.7,10.2,658.6,low,16.0
Early Blight,0,0,0.0,35.8,57.8,57.0,474.1,low,34.0
Late Blight,1,0,-1.0,35.8,57.8,57.0,474.1,low,16.0
Fusarium Wilt,1,0,-1.0,35.8,57.8,57.0,474.1,low,28.0
Bacterial Spot,0,0,0.0,35.8,57.8,57.0,474.1,low,34.0
Early Blight,1,0,-0.6,36.4,76.5,41.4,315.1,moderate,40.0
Late Blight,1,0,-1.0,36.4,76.5,41.4,315.1,low,28.0
Fusarium Wilt,2,0,-2.0,36.4,76.5,41.4,315.1,low,28.0
Bacterial Spot,1,0,-0.6,36.4,76.5,41.4,315.1,low,28.0
Early Blight,1,0,-0.6,28.7,33.6,21.2,240.8,moderate,40.0
Late Blight,2,0,-1.6,28.7,33.6,21.2,240.8,low,16.0
Fusarium Wilt,1,0,-1.0,28.7,33.6,21.2,240.8,low,28.0
Bacterial Spot,2,0,-1.6,28.7,33.6,21.2,240.8,low,28.0
Early Blight,1,0,-0.6,23.2,55.0,65.6,1185.4,moderate,40.0
Late Blight,1,0,-0.6,23.2,55.0,65.6,1185.4,moderate,40.0
Fusarium Wilt,2,0,-2.0,23.2,55.0,65.6,1185.4,low,28.0
Bacterial Spot,2,0,-1.6,23.2,55.0,65.6,1185.4,low,16.0
Early Blight,0,0,0.0,22.1,93.7,73.4,720.0,moderate,62.0
Late Blight,1,0,-0.6,22.1,93.7,73.4,720.0,moderate,56.0
Fusarium Wilt,1,0,-1.0,22.1,93.7,73.4,720.0,low,28.0
Bacterial Spot,1,0,-1.0,22.1,93.7,73.4,720.0,low,28.0
Early Blight,0,0,0.0,17.1,73.2,48.2,905.7,moderate,46.0
Late Blight,1,0,-0.6,17.1,73.2,48.2,905.7,moderate,40.0
Fusarium Wilt,2,0,-2.0,17.1,73.2,48.2,905.7,low,28.0
Bacterial Spot,1,0,-0.6,17.1,73.2,48.2,905.7,low,28.0
Early Blight,0,0,0.0,18.4,96.5,61.9,821.8,moderate,46.0
Late Blight,2,0,-1.6,18.4,96.5,61.9,821.8,moderate,44.0
Fusarium Wilt,1,0,-1.0,18.4,96.5,61.9,821.8,low,28.0
Bacterial Spot,2,0,-1.6,18.4,96.5,61.9,821.8,low,28.0
Early Blight,1,0,-0.6,20.9,55.1,74.9,474.1,moderate,40.0
Late Blight,2,0,-1.6,20.9,55.1,74.9,474.1,low,28.0
Fusarium Wilt,1,0,-1.0,20.9,55.1,74.9,474.1,low,28.0
Bacterial Spot,2,0,-1.6,20.9,55.1,74.9,474.1,low,16.0
Early Blight,1,0,-0.6,27.4,84.5,34.9,972.9,moderate,56.0
Late Blight,2,0,-1.6,27.4,84.5,34.9,972.9,low,28.0
Fusarium Wilt,0,0,0.0,27.4,84.5,34.9,972.9,moderate,62.0
Bacterial Spot,1,0,-0.6,27.4,84.5,34.9,972.9,moderate,40.0
Early Blight,0,0,0.0,33.9,32.4,51.6,863.7,low,34.0
Late Blight,2,0,-1.6,33.9,32.4,51.6,863.7,low,16.0
Fusarium Wilt,0,0,0.0,33.9,32.4,51.6,863.7,moderate,46.0
Bacterial Spot,1,0,-1.0,33.9,32.4,51.6,863.7,low,16.0
Early Blight,1,0,-0.6,35.5,68.3,24.7,854.2,low,28.0
Late Blight,1,0,-0.6,35.5,68.3,24.7,854.2,low,28.0
Fusarium Wilt,2,0,-2.0,35.5,68.3,24.7,854.2,low,28.0
Bacterial Spot,1,0,-1.0,35.5,68.3,24.7,854.2,low,16.0
Early Blight,0,0,0.0,15.9,73.7,83.3,126.1,moderate,46.0
Late Blight,0,0,0.0,15.9,73.7,83.3,126.1,moderate,46.0
Fusarium Wilt,2,0,-2.0,15.9,73.7,83.3,126.1,low,28.0
Bacterial Spot,1,0,-0.6,15.9,73.7,83.3,126.1,low,28.0
Early Blight,1,0,-0.6,22.1,32.3,44.9,623.2,moderate,40.0
Late Blight,2,0,-1.6,22.1,32.3,44.9,623.2,low,28.0
Fusarium Wilt,1,0,-1.0,22.1,32.3,44.9,623.2,low,16.0
Bacterial Spot,0,0,0.0,22.1,32.3,44.9,623.2,low,34.0
Early Blight,0,0,0.0,33.8,70.0,60.8,1023.0,moderate,46.0
Late Blight,1,0,-1.0,33.8,70.0,60.8,1023.0,low,16.0
Fusarium Wilt,0,0,0.0,33.8,70.0,60.8,1023.0,moderate,62.0
Bacterial Spot,1,0,-1.0,33.8,70.0,60.8,1023.0,low,16.0
Early Blight,1,0,-0.6,20.2,62.7,22.8,1111.6,moderate,40.0
Late Blight,1,0,-1.0,20.2,62.7,22.8,1111.6,low,28.0
Fusarium Wilt,0,0,0.0,20.2,62.7,22.8,1111.6,moderate,46.0
Bacterial Spot,1,0,-0.6,20.2,62.7,22.8,1111.6,low,28.0
Early Blight,0,0,0.0,21.4,60.9,14.3,414.7,moderate,46.0
Late Blight,1,0,-1.0,21.4,60.9,14.3,414.7,low,28.0
Fusarium Wilt,0,0,0.0,21.4,60.9,14.3,414.7,moderate,46.0
Bacterial Spot,0,0,0.0,21.4,60.9,14.3,414.7,low,34.0
Early Blight,0,0,0.0,16.4,43.2,22.7,826.3,low,34.0
Late Blight,1,0,-0.6,16.4,43.2,22.7,826.3,moderate,40.0
Fusarium Wilt,1,0,-1.0,16.4,43.2,22.7,826.3,low,28.0
Bacterial Spot,1,0,-1.0,16.4,43.2,22.7,826.3,low,16.0
Early Blight,0,0,0.0,16.2,49.8,43.3,561.0,low,34.0
Late Blight,1,0,-1.0,16.2,49.8,43.3,561.0,low,28.0
Fusarium Wilt,2,0,-2.0,16.2,49.8,43.3,561.0,low,28.0
Bacterial Spot,1,0,-0.6,16.2,49.8,43.3,561.0,low,28.0
Early Blight,1,0,-0.6,30.9,31.3,44.1,1013.3,low,28.0
Late Blight,1,0,-1.0,30.9,31.3,44.1,1013.3,low,16.0
Fusarium Wilt,0,0,0.0,30.9,31.3,44.1,1013.3,moderate,46.0
Bacterial Spot,2,0,-1.6,30.9,31.3,44.1,1013.3,low,16.0
Early Blight,0,0,0.0,25.4,61.7,30.0,644.3,moderate,46.0
Late Blight,2,0,-1.6,25.4,61.7,30.0,644.3,low,16.0
Fusarium Wilt,0,0,0.0,25.4,61.7,30.0,644.3,moderate,62.0
Bacterial Spot,2,0,-1.6,25.4,61.7,30.0,644.3,low,28.0
Early Blight,1,0,-0.6,25.8,82.7,14.2,577.4,moderate,56.0
Late Blight,0,0,0.0,25.8,82.7,14.2,577.4,moderate,46.0
Fusarium Wilt,1,0,-1.0,25.8,82.7,14.2,577.4,moderate,44.0
Bacterial Spot,1,0,-0.6,25.8,82.7,14.2,577.4,moderate,40.0
Early Blight,1,0,-0.6,27.0,84.1,20.9,976.3,moderate,56.0
Late Blight,1,0,-1.0,27.0,84.1,20.9,976.3,low,28.0
Fusarium Wilt,0,0,0.0,27.0,84.1,20.9,976.3,moderate,62.0
Bacterial Spot,2,0,-1.6,27.0,84.1,20.9,976.3,low,28.0
Early Blight,0,0,0.0,15.0,43.3,49.4,810.0,low,34.0
Late Blight,2,0,-1.6,15.0,43.3,49.4,810.0,low,28.0
Fusarium Wilt,0,0,0.0,15.0,43.3,49.4,810.0,moderate,46.0
Bacterial Spot,2,0,-1.6,15.0,43.3,49.4,810.0,low,16.0
Early Blight,1,0,-0.6,30.9,95.5,42.1,436.2,moderate,40.0
Late Blight,0,0,0.0,30.9,95.5,42.1,436.2,moderate,46.0
Fusarium Wilt,1,0,-1.0,30.9,95.5,42.1,436.2,moderate,44.0
Bacterial Spot,1,0,-0.6,30.9,95.5,42.1,436.2,moderate,40.0
Early Blight,0,0,0.0,17.8,41.8,70.9,388.8,low,34.0
Late Blight,1,0,-1.0,17.8,41.8,70.9,388.8,low,28.0
Fusarium Wilt,1,0,-1.0,17.8,41.8,70.9,388.8,low,28.0
Bacterial Spot,0,0,0.0,17.8,41.8,70.9,388.8,low,34.0
Early Blight,1,0,-0.6,16.9,71.1,88.2,712.0,moderate,40.0
Late Blight,2,0,-1.6,16.9,71.1,88.2,712.0,low,28.0
Fusarium Wilt,1,0,-1.0,16.9,71.1,88.2,712.0,low,28.0
Bacterial Spot,1,0,-1.0,16.9,71.1,88.2,712.0,low,16.0
Early Blight,1,0,-0.6,31.7,57.2,79.8,213.0,low,28.0
Late Blight,1,0,-1.0,31.7,57.2,79.8,213.0,low,16.0
Fusarium Wilt,1,0,-1.0,31.7,57.2,79.8,213.0,moderate,44.0
Bacterial Spot,1,0,-0.6,31.7,57.2,79.8,213.0,low,28.0
Early Blight,1,0,-0.6,20.2,58.9,53.8,510.3,moderate,40.0
Late Blight,1,0,-1.0,20.2,58.9,53.8,510.3,low,28.0
Fusarium Wilt,1,0,-1.0,20.2,58.9,53.8,510.3,low,28.0
Bacterial Spot,2,0,-1.6,20.2,58.9,53.8,510.3,low,16.0
Early Blight,1,0,-0.6,37.4,36.2,84.1,727.7,low,28.0
Late Blight,1,0,-0.6,37.4,36.2,84.1,727.7,low,28.0
Fusarium Wilt,1,0,-1.0,37.4,36.2,84.1,727.7,low,16.0
Bacterial Spot,1,0,-1.0,37.4,36.2,84.1,727.7,low,16.0
Early Blight,1,0,-0.6,15.3,33.3,37.8,418.0,low,28.0
Late Blight,0,0,0.0,15.3,33.3,37.8,418.0,moderate,46.0
Fusarium Wilt,1,0,-1.0,15.3,33.3,37.8,418.0,low,16.0
Bacterial Spot,2,0,-1.6,15.3,33.3,37.8,418.0,low,16.0
Early Blight,0,0,0.0,37.8,41.7,82.1,617.7,low,34.0
Late Blight,1,0,-0.6,37.8,41.7,82.1,617.7,low,28.0
Fusarium Wilt,0,0,0.0,37.8,41.7,82.1,617.7,moderate,46.0
Bacterial Spot,0,0,0.0,37.8,41.7,82.1,617.7,low,34.0
Early Blight,0,0,0.0,22.7,45.6,57.9,453.4,moderate,46.0
Late Blight,0,0,0.0,22.7,45.6,57.9,453.4,moderate,46.0
Fusarium Wilt,1,0,-1.0,22.7,45.6,57.9,453.4,low,28.0
Bacterial Spot,2,0,-1.6,22.7,45.6,57.9,453.4,low,16.0
Early Blight,1,0,-0.6,30.6,71.9,69.4,835.8,moderate,40.0
Late Blight,2,0,-1.6,30.6,71.9,69.4,835.8,low,16.0
Fusarium Wilt,1,0,-1.0,30.6,71.9,69.4,835.8,moderate,44.0
Bacterial Spot,2,0,-1.6,30.6,71.9,69.4,835.8,low,16.0
Early Blight,0,0,0.0,36.6,83.5,78.1,202.2,moderate,46.0
Late Blight,2,0,-1.6,36.6,83.5,78.1,202.2,low,28.0
Fusarium Wilt,0,0,0.0,36.6,83.5,78.1,202.2,moderate,46.0
Bacterial Spot,2,0,-1.6,36.6,83.5,78.1,202.2,low,16.0
Early Blight,0,0,0.0,24.7,81.1,69.3,948.6,moderate,62.0
Late Blight,1,0,-1.0,24.7,81.1,69.3,948.6,low,28.0
Fusarium Wilt,0,0,0.0,24.7,81.1,69.3,948.6,moderate,46.0
Bacterial Spot,1,0,-0.6,24.7,81.1,69.3,948.6,moderate,40.0
Early Blight,1,0,-0.6,27.2,53.4,71.3,989.2,moderate,40.0
Late Blight,1,0,-0.6,27.2,53.4,71.3,989.2,low,28.0
Fusarium Wilt,2,0,-2.0,27.2,53.4,71.3,989.2,moderate,44.0
Bacterial Spot,0,0,0.0,27.2,53.4,71.3,989.2,moderate,46.0
Early Blight,1,0,-0.6,16.8,48.6,59.0,667.1,low,28.0
Late Blight,1,0,-0.6,16.8,48.6,59.0,667.1,moderate,40.0
Fusarium Wilt,2,0,-2.0,16.8,48.6,59.0,667.1,low,28.0
Bacterial Spot,2,0,-1.6,16.8,48.6,59.0,667.1,low,16.0
Early Blight,1,0,-0.6,20.9,52.5,55.2,735.3,moderate,40.0
Late Blight,2,0,-1.6,20.9,52.5,55.2,735.3,low,28.0
Fusarium Wilt,2,0,-2.0,20.9,52.5,55.2,735.3,low,28.0
Bacterial Spot,1,0,-1.0,20.9,52.5,55.2,735.3,low,16.0
Early Blight,0,0,0.0,17.2,37.9,65.3,162.4,low,34.0
Late Blight,1,0,-1.0,17.2,37.9,65.3,162.4,low,28.0
Fusarium Wilt,1,0,-1.0,17.2,37.9,65.3,162.4,low,16.0
Bacterial Spot,2,0,-1.6,17.2,37.9,65.3,162.4,low,16.0
Early Blight,1,0,-0.6,26.8,67.7,89.6,453.7,moderate,40.0
Late Blight,2,0,-1.6,26.8,67.7,89.6,453.7,low,16.0
Fusarium Wilt,1,0,-1.0,26.8,67.7,89.6,453.7,moderate,44.0
Bacterial Spot,1,0,-0.6,26.8,67.7,89.6,453.7,moderate,40.0
Early Blight,0,0,0.0,33.8,60.9,65.6,815.9,low,34.0
Late Blight,1,0,-0.6,33.8,60.9,65.6,815.9,low,28.0
Fusarium Wilt,0,0,0.0,33.8,60.9,65.6,815.9,moderate,62.0
Bacterial Spot,1,0,-1.0,33.8,60.9,65.6,815.9,low,16.0
Early Blight,0,0,0.0,21.1,53.5,87.4,644.9,moderate,46.0
Late Blight,1,0,-1.0,21.1,53.5,87.4,644.9,low,28.0
Fusarium Wilt,1,0,-1.0,21.1,53.5,87.4,644.9,low,28.0
Bacterial Spot,0,0,0.0,21.1,53.5,87.4,644.9,low,34.0
Early Blight,0,0,0.0,35.3,62.9,73.3,1050.9,low,34.0
Late Blight,2,0,-1.6,35.3,62.9,73.3,1050.9,low,16.0
Fusarium Wilt,1,0,-1.0,35.3,62.9,73.3,1050.9,low,28.0
Bacterial Spot,1,0,-0.6,35.3,62.9,73.3,1050.9,low,28.0
Early Blight,1,0,-0.6,31.8,49.0,34.4,105.4,low,28.0
Late Blight,2,0,-1.6,31.8,49.0,34.4,105.4,low,16.0
Fusarium Wilt,1,0,-1.0,31.8,49.0,34.4,105.4,moderate,44.0
Bacterial Spot,0,0,0.0,31.8,49.0,34.4,105.4,low,34.0
Early Blight,1,0,-0.6,37.7,89.8,16.4,572.8,moderate,40.0
Late Blight,1,0,-1.0,37.7,89.8,16.4,572.8,low,28.0
Fusarium Wilt,1,0,-1.0,37.7,89.8,16.4,572.8,low,28.0
Bacterial Spot,1,0,-1.0,37.7,89.8,16.4,572.8,low,28.0
Early Blight,0,0,0.0,19.2,60.3,85.4,570.6,low,34.0
Late Blight,0,0,0.0,19.2,60.3,85.4,570.6,moderate,46.0
Fusarium Wilt,0,0,0.0,19.2,60.3,85.4,570.6,moderate,46.0
Bacterial Spot,2,0,-1.6,19.2,60.3,85.4,570.6,low,16.0
Early Blight,1,0,-0.6,21.7,52.4,30.6,597.1,moderate,40.0
Late Blight,2,0,-1.6,21.7,52.4,30.6,597.1,low,28.0
Fusarium Wilt,1,0,-1.0,21.7,52.4,30.6,597.1,low,28.0
Bacterial Spot,0,0,0.0,21.7,52.4,30.6,597.1,low,34.0
Early Blight,0,0,0.0,28.4,77.1,27.0,1194.2,moderate,62.0
Late Blight,0,0,0.0,28.4,77.1,27.0,1194.2,moderate,46.0
Fusarium Wilt,1,0,-1.0,28.4,77.1,27.0,1194.2,moderate,44.0
Bacterial Spot,1,0,-1.0,28.4,77.1,27.0,1194.2,low,28.0
Early Blight,0,0,0.0,37.7,69.5,30.1,1085.4,low,34.0
Late Blight,2,0,-1.6,37.7,69.5,30.1,1085.4,low,16.0
Fusarium Wilt,1,0,-1.0,37.7,69.5,30.1,1085.4,low,28.0
Bacterial Spot,2,0,-1.6,37.7,69.5,30.1,1085.4,low,16.0
Early Blight,1,0,-0.6,28.9,58.7,73.1,484.4,moderate,40.0
Late Blight,0,0,0.0,28.9,58.7,73.1,484.4,low,34.0
Fusarium Wilt,1,0,-1.0,28.9,58.7,73.1,484.4,moderate,44.0
Bacterial Spot,2,0,-1.6,28.9,58.7,73.1,484.4,low,28.0
Early Blight,1,0,-0.6,36.2,89.0,15.0,1136.1,moderate,40.0
Late Blight,1,0,-0.6,36.2,89.0,15.0,1136.1,moderate,40.0
Fusarium Wilt,2,0,-2.0,36.2,89.0,15.0,1136.1,low,28.0
Bacterial Spot,2,0,-1.6,36.2,89.0,15.0,1136.1,low,28.0
Early Blight,1,0,-0.6,23.7,38.9,20.4,799.2,moderate,40.0
Late Blight,2,0,-1.6,23.7,38.9,20.4,799.2,low,28.0
Fusarium Wilt,1,0,-1.0,23.7,38.9,20.4,799.2,low,16.0
Bacterial Spot,0,0,0.0,23.7,38.9,20.4,799.2,low,34.0
Early Blight,0,0,0.0,31.5,91.8,15.4,555.2,moderate,46.0
Late Blight,2,0,-1.6,31.5,91.8,15.4,555.2,low,28.0
Fusarium Wilt,1,0,-1.0,31.5,91.8,15.4,555.2,moderate,44.0
Bacterial Spot,0,0,0.0,31.5,91.8,15.4,555.2,moderate,46.0
Early Blight,1,0,-0.6,17.4,72.5,26.8,868.4,moderate,40.0
Late Blight,0,0,0.0,17.4,72.5,26.8,868.4,moderate,46.0
Fusarium Wilt,1,0,-1.0,17.4,72.5,26.8,868.4,low,28.0
Bacterial Spot,2,0,-1.6,17.4,72.5,26.8,868.4,low,16.0
Early Blight,0,0,0.0,16.8,77.4,33.9,784.8,moderate,46.0
Late Blight,1,0,-0.6,16.8,77.4,33.9,784.8,moderate,56.0
Fusarium Wilt,2,0,-2.0,16.8,77.4,33.9,784.8,low,28.0
Bacterial Spot,1,0,-0.6,16.8,77.4,33.9,784.8,low,28.0
Early Blight,1,0,-0.6,36.4,41.2,78.4,848.7,low,28.0
Late Blight,1,0,-1.0,36.4,41.2,78.4,848.7,low,16.0
Fusarium Wilt,0,0,0.0,36.4,41.2,78.4,848.7,moderate,46.0
Bacterial Spot,1,0,-0.6,36.4,41.2,78.4,848.7,low,28.0
Early Blight,1,0,-0.6,16.0,92.9,76.7,774.8,moderate,40.0
Late Blight,0,0,0.0,16.0,92.9,76.7,774.8,moderate,62.0
Fusarium Wilt,1,0,-1.0,16.0,92.9,76.7,774.8,low,28.0
Bacterial Spot,1,0,-0.6,16.0,92.9,76.7,774.8,moderate,40.0
Early Blight,1,0,-0.6,30.9,66.2,32.9,1071.8,low,28.0
Late Blight,2,0,-1.6,30.9,66.2,32.9,1071.8,low,16.0
Fusarium Wilt,1,0,-1.0,30.9,66.2,32.9,1071.8,moderate,44.0
Bacterial Spot,0,0,0.0,30.9,66.2,32.9,1071.8,low,34.0
Early Blight,1,0,-0.6,34.9,61.3,73.4,930.1,low,28.0
Late Blight,0,0,0.0,34.9,61.3,73.4,930.1,low,34.0
Fusarium Wilt,2,0,-2.0,34.9,61.3,73.4,930.1,moderate,44.0
Bacterial Spot,2,0,-1.6,34.9,61.3,73.4,930.1,low,16.0
Early Blight,0,0,0.0,21.7,83.6,84.4,923.9,moderate,62.0
Late Blight,1,0,-1.0,21.7,83.6,84.4,923.9,moderate,44.0
Fusarium Wilt,0,0,0.0,21.7,83.6,84.4,923.9,moderate,46.0
Bacterial Spot,2,0,-1.6,21.7,83.6,84.4,923.9,low,16.0
Early Blight,1,0,-0.6,25.6,55.8,12.3,367.5,moderate,40.0
Late Blight,1,0,-0.6,25.6,55.8,12.3,367.5,low,28.0
Fusarium Wilt,0,0,0.0,25.6,55.8,12.3,367.5,moderate,62.0
Bacterial Spot,2,0,-1.6,25.6,55.8,12.3,367.5,low,28.0
Early Blight,1,0,-0.6,32.1,57.7,63.3,350.3,low,28.0
Late Blight,1,0,-0.6,32.1,57.7,63.3,350.3,low,28.0
Fusarium Wilt,0,0,0.0,32.1,57.7,63.3,350.3,moderate,62.0
Bacterial Spot,0,0,0.0,32.1,57.7,63.3,350.3,low,34.0
Early Blight,0,0,0.0,26.0,53.3,44.0,312.2,moderate,46.0
Late Blight,0,0,0.0,26.0,53.3,44.0,312.2,low,34.0
Fusarium Wilt,1,0,-1.0,26.0,53.3,44.0,312.2,moderate,44.0
Bacterial Spot,1,0,-0.6,26.0,53.3,44.0,312.2,moderate,40.0
Early Blight,1,0,-0.6,22.6,53.1,38.5,742.4,moderate,40.0
Late Blight,0,0,0.0,22.6,53.1,38.5,742.4,moderate,46.0
Fusarium Wilt,1,0,-1.0,22.6,53.1,38.5,742.4,low,28.0
Bacterial Spot,1,0,-0.6,22.6,53.1,38.5,742.4,low,28.0
Early Blight,1,0,-0.6,22.9,92.9,45.9,1102.8,moderate,56.0
Late Blight,2,0,-1.6,22.9,92.9,45.9,1102.8,moderate,44.0
Fusarium Wilt,0,0,0.0,22.9,92.9,45.9,1102.8,moderate,46.0
Bacterial Spot,2,0,-1.6,22.9,92.9,45.9,1102.8,low,28.0
Early Blight,1,0,-0.6,35.9,65.4,68.1,870.4,low,28.0
Late Blight,1,0,-0.6,35.9,65.4,68.1,870.4,low,28.0
Fusarium Wilt,1,0,-1.0,35.9,65.4,68.1,870.4,low,28.0
Bacterial Spot,2,0,-1.6,35.9,65.4,68.1,870.4,low,16.0
Early Blight,1,0,-0.6,24.6,96.0,53.0,1149.8,moderate,56.0
Late Blight,0,0,0.0,24.6,96.0,53.0,1149.8,moderate,46.0
Fusarium Wilt,1,0,-1.0,24.6,96.0,53.0,1149.8,low,28.0
Bacterial Spot,1,0,-0.6,24.6,96.0,53.0,1149.8,moderate,56.0
Early Blight,1,0,-0.6,24.0,83.5,79.9,518.1,moderate,56.0
Late Blight,1,0,-0.6,24.0,83.5,79.9,518.1,moderate,56.0
Fusarium Wilt,0,0,0.0,24.0,83.5,79.9,518.1,moderate,46.0
Bacterial Spot,1,0,-0.6,24.0,83.5,79.9,518.1,moderate,40.0
Early Blight,1,0,-0.6,32.2,44.1,66.9,786.0,low,28.0
Late Blight,1,0,-0.6,32.2,44.1,66.9,786.0,low,28.0
Fusarium Wilt,1,0,-1.0,32.2,44.1,66.9,786.0,moderate,44.0
Bacterial Spot,1,0,-1.0,32.2,44.1,66.9,786.0,low,16.0
Early Blight,0,0,0.0,15.7,74.8,43.9,277.8,moderate,46.0
Late Blight,2,0,-1.6,15.7,74.8,43.9,277.8,low,28.0
Fusarium Wilt,0,0,0.0,15.7,74.8,43.9,277.8,moderate,46.0
Bacterial Spot,2,0,-1.6,15.7,74.8,43.9,277.8,low,16.0
Early Blight,1,0,-0.6,21.3,63.2,11.9,710.7,moderate,40.0
Late Blight,2,0,-1.6,21.3,63.2,11.9,710.7,low,28.0
Fusarium Wilt,1,0,-1.0,21.3,63.2,11.9,710.7,low,28.0
Bacterial Spot,0,0,0.0,21.3,63.2,11.9,710.7,low,34.0
Early Blight,1,0,-0.6,15.7,38.0,67.7,655.0,low,28.0
Late Blight,1,0,-0.6,15.7,38.0,67.7,655.0,moderate,40.0
Fusarium Wilt,2,0,-2.0,15.7,38.0,67.7,655.0,low,16.0
Bacterial Spot,1,0,-0.6,15.7,38.0,67.7,655.0,low,28.0
Early Blight,0,0,0.0,35.5,67.3,89.9,142.0,low,34.0
Late Blight,1,0,-0.6,35.5,67.3,89.9,142.0,low,28.0
Fusarium Wilt,2,0,-2.0,35.5,67.3,89.9,142.0,low,28.0
Bacterial Spot,1,0,-0.6,35.5,67.3,89.9,142.0,low,28.0
Early Blight,1,0,-0.6,24.3,31.4,60.9,594.8,moderate,40.0
Late Blight,1,0,-0.6,24.3,31.4,60.9,594.8,low,28.0
Fusarium Wilt,2,0,-2.0,24.3,31.4,60.9,594.8,low,16.0
Bacterial Spot,0,0,0.0,24.3,31.4,60.9,594.8,moderate,46.0
Early Blight,1,0,-0.6,23.5,77.4,56.5,1087.8,moderate,56.0
Late Blight,1,0,-1.0,23.5,77.4,56.5,1087.8,moderate,44.0
Fusarium Wilt,1,0,-1.0,23.5,77.4,56.5,1087.8,low,28.0
Bacterial Spot,1,0,-1.0,23.5,77.4,56.5,1087.8,low,16.0
Early Blight,0,0,0.0,22.5,74.1,65.1,525.4,moderate,62.0
Late Blight,1,0,-0.6,22.5,74.1,65.1,525.4,moderate,40.0
Fusarium Wilt,2,0,-2.0,22.5,74.1,65.1,525.4,low,28.0
Bacterial Spot,0,0,0.0,22.5,74.1,65.1,525.4,low,34.0
Early Blight,0,0,0.0,35.6,68.0,59.9,1136.3,low,34.0
Late Blight,1,0,-1.0,35.6,68.0,59.9,1136.3,low,16.0
Fusarium Wilt,1,0,-1.0,35.6,68.0,59.9,1136.3,low,28.0
Bacterial Spot,0,0,0.0,35.6,68.0,59.9,1136.3,low,34.0
Early Blight,0,0,0.0,35.6,82.6,61.6,650.7,moderate,46.0
Late Blight,1,0,-1.0,35.6,82.6,61.6,650.7,low,28.0
Fusarium Wilt,2,0,-2.0,35.6,82.6,61.6,650.7,low,28.0
Bacterial Spot,1,0,-0.6,35.6,82.6,61.6,650.7,low,28.0
Early Blight,1,0,-0.6,21.9,91.7,49.3,881.6,moderate,56.0
Late Blight,2,0,-1.6,21.9,91.7,49.3,881.6,moderate,44.0
Fusarium Wilt,0,0,0.0,21.9,91.7,49.3,881.6,moderate,46.0
Bacterial Spot,2,0,-1.6,21.9,91.7,49.3,881.6,low,28.0
Early Blight,0,0,0.0,29.3,47.8,26.2,664.2,moderate,46.0
Late Blight,1,0,-1.0,29.3,47.8,26.2,664.2,low,16.0
Fusarium Wilt,1,0,-1.0,29.3,47.8,26.2,664.2,moderate,44.0
Bacterial Spot,1,0,-0.6,29.3,47.8,26.2,664.2,moderate,40.0
Early Blight,0,0,0.0,31.6,36.2,23.5,1191.2,low,34.0
Late Blight,1,0,-1.0,31.6,36.2,23.5,1191.2,low,16.0
Fusarium Wilt,2,0,-2.0,31.6,36.2,23.5,1191.2,low,28.0
Bacterial Spot,1,0,-0.6,31.6,36.2,23.5,1191.2,low,28.0
Early Blight,1,0,-0.6,29.8,84.0,11.8,375.6,moderate,56.0
Late Blight,0,0,0.0,29.8,84.0,11.8,375.6,moderate,46.0
Fusarium Wilt,1,0,-1.0,29.8,84.0,11.8,375.6,moderate,44.0
Bacterial Spot,1,0,-0.6,29.8,84.0,11.8,375.6,moderate,40.0
Early Blight,1,0,-0.6,26.0,51.6,55.5,878.1,moderate,40.0
Late Blight,0,0,0.0,26.0,51.6,55.5,878.1,low,34.0
Fusarium Wilt,2,0,-2.0,26.0,51.6,55.5,878.1,moderate,44.0
Bacterial Spot,1,0,-0.6,26.0,51.6,55.5,878.1,moderate,40.0
Early Blight,0,0,0.0,18.5,50.6,10.7,709.1,low,34.0
Late Blight,0,0,0.0,18.5,50.6,10.7,709.1,moderate,46.0
Fusarium Wilt,2,0,-2.0,18.5,50.6,10.7,709.1,low,28.0
Bacterial Spot,0,0,0.0,18.5,50.6,10.7,709.1,low,34.0
Early Blight,1,0,-0.6,21.0,64.2,39.4,175.5,moderate,40.0
Late Blight,0,0,0.0,21.0,64.2,39.4,175.5,moderate,46.0
Fusarium Wilt,0,0,0.0,21.0,64.2,39.4,175.5,moderate,46.0
Bacterial Spot,2,0,-1.6,21.0,64.2,39.4,175.5,low,16.0
Early Blight,1,0,-0.6,19.3,46.3,75.6,227.6,low,28.0
Late Blight,2,0,-1.6,19.3,46.3,75.6,227.6,low,28.0
Fusarium Wilt,1,0,-1.0,19.3,46.3,75.6,227.6,low,28.0
Bacterial Spot,2,0,-1.6,19.3,46.3,75.6,227.6,low,16.0
Early Blight,1,0,-0.6,20.1,36.3,57.4,435.8,moderate,40.0
Late Blight,0,0,0.0,20.1,36.3,57.4,435.8,moderate,46.0
Fusarium Wilt,1,0,-1.0,20.1,36.3,57.4,435.8,low,16.0
Bacterial Spot,1,0,-0.6,20.1,36.3,57.4,435.8,low,28.0
Early Blight,1,0,-0.6,23.7,58.0,74.8,273.6,moderate,40.0
Late Blight,0,0,0.0,23.7,58.0,74.8,273.6,moderate,46.0
Fusarium Wilt,1,0,-1.0,23.7,58.0,74.8,273.6,low,28.0
Bacterial Spot,1,0,-1.0,23.7,58.0,74.8,273.6,low,16.0
Early Blight,1,0,-0.6,19.4,56.7,54.9,998.3,low,28.0
Late Blight,2,0,-1.6,19.4,56.7,54.9,998.3,low,28.0
Fusarium Wilt,0,0,0.0,19.4,56.7,54.9,998.3,moderate,46.0
Bacterial Spot,1,0,-0.6,19.4,56.7,54.9,998.3,low,28.0
Early Blight,1,0,-0.6,37.8,96.2,66.9,865.3,moderate,40.0
Late Blight,2,0,-1.6,37.8,96.2,66.9,865.3,low,28.0
Fusarium Wilt,0,0,0.0,37.8,96.2,66.9,865.3,moderate,46.0
Bacterial Spot,1,0,-0.6,37.8,96.2,66.9,865.3,moderate,40.0
Early Blight,1,0,-0.6,17.6,64.4,71.0,419.6,low,28.0
Late Blight,1,0,-0.6,17.6,64.4,71.0,419.6,moderate,40.0
Fusarium Wilt,0,0,0.0,17.6,64.4,71.0,419.6,moderate,46.0
Bacterial Spot,1,0,-1.0,17.6,64.4,71.0,419.6,low,16.0
Early Blight,1,0,-0.6,20.7,94.8,31.1,504.7,moderate,56.0
Late Blight,2,0,-1.6,20.7,94.8,31.1,504.7,moderate,44.0
Fusarium Wilt,0,0,0.0,20.7,94.8,31.1,504.7,moderate,46.0
Bacterial Spot,1,0,-1.0,20.7,94.8,31.1,504.7,low,28.0
Early Blight,0,0,0.0,26.4,53.6,66.3,493.9,moderate,46.0
Late Blight,2,0,-1.6,26.4,53.6,66.3,493.9,low,16.0
Fusarium Wilt,0,0,0.0,26.4,53.6,66.3,493.9,moderate,62.0
Bacterial Spot,2,0,-1.6,26.4,53.6,66.3,493.9,low,28.0
Early Blight,1,0,-0.6,34.2,75.0,86.8,654.2,moderate,40.0
Late Blight,0,0,0.0,34.2,75.0,86.8,654.2,moderate,46.0
Fusarium Wilt,0,0,0.0,34.2,75.0,86.8,654.2,moderate,62.0
Bacterial Spot,1,0,-1.0,34.2,75.0,86.8,654.2,low,16.0
Early Blight,0,0,0.0,32.4,96.4,87.7,1149.5,moderate,46.0
Late Blight,1,0,-0.6,32.4,96.4,87.7,1149.5,moderate,40.0
Fusarium Wilt,1,0,-1.0,32.4,96.4,87.7,1149.5,moderate,44.0
Bacterial Spot,2,0,-1.6,32.4,96.4,87.7,1149.5,low,28.0
Early Blight,0,0,0.0,15.3,70.4,32.5,1105.4,moderate,46.0
Late Blight,1,0,-0.6,15.3,70.4,32.5,1105.4,moderate,40.0
Fusarium Wilt,0,0,0.0,15.3,70.4,32.5,1105.4,moderate,46.0
Bacterial Spot,1,0,-1.0,15.3,70.4,32.5,1105.4,low,16.0
Early Blight,0,0,0.0,20.0,61.4,12.3,218.9,moderate,46.0
Late Blight,1,0,-0.6,20.0,61.4,12.3,218.9,moderate,40.0
Fusarium Wilt,2,0,-2.0,20.0,61.4,12.3,218.9,low,28.0
Bacterial Spot,1,0,-0.6,20.0,61.4,12.3,218.9,low,28.0
Early Blight,1,0,-0.6,16.1,58.6,30.0,337.8,low,28.0
Late Blight,1,0,-1.0,16.1,58.6,30.0,337.8,low,28.0
Fusarium Wilt,1,0,-1.0,16.1,58.6,30.0,337.8,low,28.0
Bacterial Spot,2,0,-1.6,16.1,58.6,30.0,337.8,low,16.0
Early Blight,0,0,0.0,31.0,77.2,54.2,785.4,moderate,46.0
Late Blight,2,0,-1.6,31.0,77.2,54.2,785.4,low,28.0
Fusarium Wilt,0,0,0.0,31.0,77.2,54.2,785.4,moderate,62.0
Bacterial Spot,2,0,-1.6,31.0,77.2,54.2,785.4,low,16.0
Early Blight,0,0,0.0,34.6,52.1,53.3,861.7,low,34.0
Late Blight,1,0,-0.6,34.6,52.1,53.3,861.7,low,28.0
Fusarium Wilt,2,0,-2.0,34.6,52.1,53.3,861.7,moderate,44.0
Bacterial Spot,1,0,-0.6,34.6,52.1,53.3,861.7,low,28.0
Early Blight,0,0,0.0,32.7,90.8,86.4,959.9,moderate,46.0
Late Blight,0,0,0.0,32.7,90.8,86.4,959.9,moderate,46.0
Fusarium Wilt,1,0,-1.0,32.7,90.8,86.4,959.9,moderate,44.0
Bacterial Spot,1,0,-1.0,32.7,90.8,86.4,959.9,low,28.0
Early Blight,0,0,0.0,35.9,67.3,49.1,536.0,low,34.0
Late Blight,1,0,-0.6,35.9,67.3,49.1,536.0,low,28.0
Fusarium Wilt,2,0,-2.0,35.9,67.3,49.1,536.0,low,28.0
Bacterial Spot,2,0,-1.6,35.9,67.3,49.1,536.0,low,16.0
Early Blight,0,0,0.0,20.9,54.8,34.9,563.2,moderate,46.0
Late Blight,0,0,0.0,20.9,54.8,34.9,563.2,moderate,46.0
Fusarium Wilt,1,0,-1.0,20.9,54.8,34.9,563.2,low,28.0
Bacterial Spot,2,0,-1.6,20.9,54.8,34.9,563.2,low,16.0
Early Blight,1,0,-0.6,17.0,32.6,28.2,603.1,low,28.0
Late Blight,2,0,-1.6,17.0,32.6,28.2,603.1,low,28.0
Fusarium Wilt,2,0,-2.0,17.0,32.6,28.2,603.1,low,16.0
Bacterial Spot,2,0,-1.6,17.0,32.6,28.2,603.1,low,16.0
Early Blight,1,0,-0.6,26.8,37.5,72.1,378.4,moderate,40.0
Late Blight,1,0,-1.0,26.8,37.5,72.1,378.4,low,16.0
Fusarium Wilt,0,0,0.0,26.8,37.5,72.1,378.4,moderate,46.0
Bacterial Spot,0,0,0.0,26.8,37.5,72.1,378.4,moderate,46.0
Early Blight,0,0,0.0,16.7,66.7,19.5,437.6,low,34.0
Late Blight,0,0,0.0,16.7,66.7,19.5,437.6,moderate,46.0
Fusarium Wilt,1,0,-1.0,16.7,66.7,19.5,437.6,low,28.0
Bacterial Spot,1,0,-1.0,16.7,66.7,19.5,437.6,low,16.0
Early Blight,1,0,-0.6,15.5,52.6,37.2,793.7,low,28.0
Late Blight,2,0,-1.6,15.5,52.6,37.2,793.7,low,28.0
Fusarium Wilt,0,0,0.0,15.5,52.6,37.2,793.7,moderate,46.0
Bacterial Spot,1,0,-1.0,15.5,52.6,37.2,793.7,low,16.0
Early Blight,1,0,-0.6,20.9,87.8,72.3,1030.2,moderate,56.0
Late Blight,1,0,-1.0,20.9,87.8,72.3,1030.2,moderate,44.0
Fusarium Wilt,1,0,-1.0,20.9,87.8,72.3,1030.2,low,28.0
Bacterial Spot,0,0,0.0,20.9,87.8,72.3,1030.2,moderate,46.0
Early Blight,1,0,-0.6,29.5,51.4,89.4,1032.4,moderate,40.0
Late Blight,2,0,-1.6,29.5,51.4,89.4,1032.4,low,16.0
Fusarium Wilt,1,0,-1.0,29.5,51.4,89.4,1032.4,moderate,44.0
Bacterial Spot,1,0,-0.6,29.5,51.4,89.4,1032.4,moderate,40.0
Early Blight,1,0,-0.6,37.0,73.8,21.0,646.2,moderate,40.0
Late Blight,1,0,-1.0,37.0,73.8,21.0,646.2,low,16.0
Fusarium Wilt,1,0,-1.0,37.0,73.8,21.0,646.2,low,28.0
Bacterial Spot,2,0,-1.6,37.0,73.8,21.0,646.2,low,16.0
Early Blight,0,0,0.0,17.3,88.3,87.3,589.5,moderate,46.0
Late Blight,1,0,-1.0,17.3,88.3,87.3,589.5,moderate,44.0
Fusarium Wilt,2,0,-2.0,17.3,88.3,87.3,589.5,low,28.0
Bacterial Spot,1,0,-0.6,17.3,88.3,87.3,589.5,moderate,40.0
Early Blight,0,0,0.0,28.4,87.0,60.5,123.6,moderate,62.0
Late Blight,2,0,-1.6,28.4,87.0,60.5,123.6,low,28.0
Fusarium Wilt,0,0,0.0,28.4,87.0,60.5,123.6,moderate,62.0
Bacterial Spot,1,0,-1.0,28.4,87.0,60.5,123.6,moderate,44.0
Early Blight,0,0,0.0,23.3,67.0,15.6,553.0,moderate,46.0
Late Blight,1,0,-1.0,23.3,67.0,15.6,553.0,low,28.0
Fusarium Wilt,1,0,-1.0,23.3,67.0,15.6,553.0,low,28.0
Bacterial Spot,1,0,-1.0,23.3,67.0,15.6,553.0,low,16.0
Early Blight,0,0,0.0,20.8,48.5,79.7,1157.3,moderate,46.0
Late Blight,1,0,-1.0,20.8,48.5,79.7,1157.3,low,28.0
Fusarium Wilt,2,0,-2.0,20.8,48.5,79.7,1157.3,low,28.0
Bacterial Spot,0,0,0.0,20.8,48.5,79.7,1157.3,low,34.0
Early Blight,0,0,0.0,28.3,89.6,19.9,992.4,moderate,62.0
Late Blight,2,0,-1.6,28.3,89.6,19.9,992.4,low,28.0
Fusarium Wilt,1,0,-1.0,28.3,89.6,19.9,992.4,moderate,44.0
Bacterial Spot,2,0,-1.6,28.3,89.6,19.9,992.4,moderate,44.0
Early Blight,0,0,0.0,16.9,80.4,65.7,1026.8,moderate,46.0
Late Blight,2,0,-1.6,16.9,80.4,65.7,1026.8,moderate,44.0
Fusarium Wilt,2,0,-2.0,16.9,80.4,65.7,1026.8,low,28.0
Bacterial Spot,2,0,-1.6,16.9,80.4,65.7,1026.8,low,16.0
Early Blight,0,0,0.0,24.5,93.3,81.1,1076.7,moderate,62.0
Late Blight,1,0,-1.0,24.5,93.3,81.1,1076.7,low,28.0
Fusarium Wilt,2,0,-2.0,24.5,93.3,81.1,1076.7,low,28.0
Bacterial Spot,0,0,0.0,24.5,93.3,81.1,1076.7,moderate,62.0
Early Blight,1,0,-0.6,31.0,51.7,24.7,444.3,low,28.0
Late Blight,2,0,-1.6,31.0,51.7,24.7,444.3,low,16.0
Fusarium Wilt,2,0,-2.0,31.0,51.7,24.7,444.3,moderate,44.0
Bacterial Spot,1,0,-1.0,31.0,51.7,24.7,444.3,low,16.0
Early Blight,1,0,-0.6,28.9,78.9,64.9,851.9,moderate,56.0
Late Blight,2,0,-1.6,28.9,78.9,64.9,851.9,low,28.0
Fusarium Wilt,0,0,0.0,28.9,78.9,64.9,851.9,moderate,62.0
Bacterial Spot,1,0,-1.0,28.9,78.9,64.9,851.9,low,28.0
Early Blight,0,0,0.0,21.5,74.6,45.9,1147.2,moderate,62.0
Late Blight,1,0,-1.0,21.5,74.6,45.9,1147.2,low,28.0
Fusarium Wilt,0,0,0.0,21.5,74.6,45.9,1147.2,moderate,46.0
Bacterial Spot,1,0,-0.6,21.5,74.6,45.9,1147.2,low,28.0
Early Blight,0,0,0.0,21.5,77.5,78.3,291.1,moderate,62.0
Late Blight,0,0,0.0,21.5,77.5,78.3,291.1,moderate,62.0
Fusarium Wilt,1,0,-1.0,21.5,77.5,78.3,291.1,low,28.0
Bacterial Spot,0,0,0.0,21.5,77.5,78.3,291.1,low,34.0
Early Blight,1,0,-0.6,35.4,90.7,26.2,334.6,moderate,40.0
Late Blight,1,0,-0.6,35.4,90.7,26.2,334.6,moderate,40.0
Fusarium Wilt,2,0,-2.0,35.4,90.7,26.2,334.6,low,28.0
Bacterial Spot,1,0,-1.0,35.4,90.7,26.2,334.6,low,28.0
Early Blight,1,0,-0.6,17.9,44.2,83.5,556.0,low,28.0
Late Blight,2,0,-1.6,17.9,44.2,83.5,556.0,low,28.0
Fusarium Wilt,1,0,-1.0,17.9,44.2,83.5,556.0,low,28.0
Bacterial Spot,1,0,-1.0,17.9,44.2,83.5,556.0,low,16.0
Early Blight,0,0,0.0,18.0,79.6,88.8,1019.4,moderate,46.0
Late Blight,0,0,0.0,18.0,79.6,88.8,1019.4,moderate,62.0
Fusarium Wilt,0,0,0.0,18.0,79.6,88.8,1019.4,moderate,46.0
Bacterial Spot,1,0,-0.6,18.0,79.6,88.8,1019.4,low,28.0
Early Blight,0,0,0.0,31.6,30.1,68.2,232.9,low,34.0
Late Blight,2,0,-1.6,31.6,30.1,68.2,232.9,low,16.0
Fusarium Wilt,2,0,-2.0,31.6,30.1,68.2,232.9,low,28.0
Bacterial Spot,1,0,-0.6,31.6,30.1,68.2,232.9,low,28.0
Early Blight,0,0,0.0,17.4,69.6,50.4,166.4,low,34.0
Late Blight,2,0,-1.6,17.4,69.6,50.4,166.4,low,28.0
Fusarium Wilt,1,0,-1.0,17.4,69.6,50.4,166.4,low,28.0
Bacterial Spot,1,0,-0.6,17.4,69.6,50.4,166.4,low,28.0
Early Blight,0,0,0.0,31.8,82.3,51.3,701.3,moderate,46.0
Late Blight,1,0,-1.0,31.8,82.3,51.3,701.3,low,28.0
Fusarium Wilt,1,0,-1.0,31.8,82.3,51.3,701.3,moderate,44.0
Bacterial Spot,0,0,0.0,31.8,82.3,51.3,701.3,low,34.0
Early Blight,1,0,-0.6,27.9,87.0,68.2,604.3,moderate,56.0
Late Blight,0,0,0.0,27.9,87.0,68.2,604.3,moderate,46.0
Fusarium Wilt,1,0,-1.0,27.9,87.0,68.2,604.3,moderate,44.0
Bacterial Spot,1,0,-1.0,27.9,87.0,68.2,604.3,moderate,44.0
Early Blight,1,0,-0.6,18.6,81.1,68.2,710.4,moderate,40.0
Late Blight,0,0,0.0,18.6,81.1,68.2,710.4,moderate,62.0
Fusarium Wilt,1,0,-1.0,18.6,81.1,68.2,710.4,low,28.0
Bacterial Spot,0,0,0.0,18.6,81.1,68.2,710.4,low,34.0
Early Blight,1,0,-0.6,30.3,58.0,11.6,695.3,low,28.0
Late Blight,1,0,-0.6,30.3,58.0,11.6,695.3,low,28.0
Fusarium Wilt,0,0,0.0,30.3,58.0,11.6,695.3,moderate,62.0
Bacterial Spot,1,0,-0.6,30.3,58.0,11.6,695.3,low,28.0
Early Blight,1,0,-0.6,16.5,50.9,70.6,835.5,low,28.0
Late Blight,1,0,-1.0,16.5,50.9,70.6,835.5,low,28.0
Fusarium Wilt,1,0,-1.0,16.5,50.9,70.6,835.5,low,28.0
Bacterial Spot,1,0,-0.6,16.5,50.9,70.6,835.5,low,28.0
Early Blight,1,0,-0.6,34.1,80.9,77.4,123.3,moderate,40.0
Late Blight,1,0,-1.0,34.1,80.9,77.4,123.3,low,28.0
Fusarium Wilt,1,0,-1.0,34.1,80.9,77.4,123.3,moderate,44.0
Bacterial Spot,1,0,-0.6,34.1,80.9,77.4,123.3,low,28.0
Early Blight,1,0,-0.6,31.4,81.9,70.1,1133.1,moderate,40.0
Late Blight,1,0,-1.0,31.4,81.9,70.1,1133.1,low,28.0
Fusarium Wilt,0,0,0.0,31.4,81.9,70.1,1133.1,moderate,62.0
Bacterial Spot,0,0,0.0,31.4,81.9,70.1,1133.1,low,34.0
Early Blight,0,0,0.0,26.8,48.6,31.7,270.0,moderate,46.0
Late Blight,1,0,-1.0,26.8,48.6,31.7,270.0,low,16.0
Fusarium Wilt,0,0,0.0,26.8,48.6,31.7,270.0,moderate,62.0
Bacterial Spot,1,0,-0.6,26.8,48.6,31.7,270.0,moderate,40.0
Early Blight,0,0,0.0,24.4,34.0,48.0,415.0,moderate,46.0
Late Blight,1,0,-0.6,24.4,34.0,48.0,415.0,low,28.0
Fusarium Wilt,2,0,-2.0,24.4,34.0,48.0,415.0,low,16.0
Bacterial Spot,1,0,-1.0,24.4,34.0,48.0,415.0,low,28.0
Early Blight,0,0,0.0,17.1,70.7,22.8,213.3,moderate,46.0
Late Blight,2,0,-1.6,17.1,70.7,22.8,213.3,low,28.0
Fusarium Wilt,1,0,-1.0,17.1,70.7,22.8,213.3,low,28.0
Bacterial Spot,1,0,-0.6,17.1,70.7,22.8,213.3,low,28.0
Early Blight,0,0,0.0,22.7,39.0,21.9,304.5,moderate,46.0
Late Blight,1,0,-1.0,22.7,39.0,21.9,304.5,low,28.0
Fusarium Wilt,2,0,-2.0,22.7,39.0,21.9,304.5,low,16.0
Bacterial Spot,1,0,-0.6,22.7,39.0,21.9,304.5,low,28.0
Early Blight,0,0,0.0,36.9,47.4,23.7,1119.0,low,34.0
Late Blight,2,0,-1.6,36.9,47.4,23.7,1119.0,low,16.0
Fusarium Wilt,0,0,0.0,36.9,47.4,23.7,1119.0,moderate,46.0
Bacterial Spot,1,0,-0.6,36.9,47.4,23.7,1119.0,low,28.0
Early Blight,1,0,-0.6,32.8,47.5,70.8,905.7,low,28.0
Late Blight,1,0,-1.0,32.8,47.5,70.8,905.7,low,16.0
Fusarium Wilt,2,0,-2.0,32.8,47.5,70.8,905.7,moderate,44.0
Bacterial Spot,1,0,-1.0,32.8,47.5,70.8,905.7,low,16.0
Early Blight,0,0,0.0,23.5,38.5,66.6,320.1,moderate,46.0
Late Blight,0,0,0.0,23.5,38.5,66.6,320.1,moderate,46.0
Fusarium Wilt,1,0,-1.0,23.5,38.5,66.6,320.1,low,16.0
Bacterial Spot,0,0,0.0,23.5,38.5,66.6,320.1,low,34.0
Early Blight,1,0,-0.6,24.2,92.8,42.7,1123.8,moderate,56.0
Late Blight,2,0,-1.6,24.2,92.8,42.7,1123.8,low,28.0
Fusarium Wilt,1,0,-1.0,24.2,92.8,42.7,1123.8,low,28.0
Bacterial Spot,1,0,-0.6,24.2,92.8,42.7,1123.8,moderate,56.0
Early Blight,1,0,-0.6,24.2,82.6,71.7,354.0,moderate,56.0
Late Blight,0,0,0.0,24.2,82.6,71.7,354.0,moderate,46.0
Fusarium Wilt,1,0,-1.0,24.2,82.6,71.7,354.0,low,28.0
Bacterial Spot,1,0,-1.0,24.2,82.6,71.7,354.0,low,28.0
Early Blight,0,0,0.0,19.8,32.4,74.8,889.2,low,34.0
Late Blight,0,0,0.0,19.8,32.4,74.8,889.2,moderate,46.0
Fusarium Wilt,1,0,-1.0,19.8,32.4,74.8,889.2,low,16.0
Bacterial Spot,1,0,-0.6,19.8,32.4,74.8,889.2,low,28.0
Early Blight,1,0,-0.6,19.8,93.6,12.7,917.4,moderate,40.0
Late Blight,2,0,-1.6,19.8,93.6,12.7,917.4,moderate,44.0
Fusarium Wilt,0,0,0.0,19.8,93.6,12.7,917.4,moderate,46.0
Bacterial Spot,0,0,0.0,19.8,93.6,12.7,917.4,moderate,46.0
Early Blight,0,0,0.0,33.6,44.3,32.5,538.5,low,34.0
Late Blight,2,0,-1.6,33.6,44.3,32.5,538.5,low,16.0
Fusarium Wilt,1,0,-1.0,33.6,44.3,32.5,538.5,moderate,44.0
Bacterial Spot,1,0,-0.6,33.6,44.3,32.5,538.5,low,28.0
Early Blight,0,0,0.0,20.0,36.9,51.9,882.0,moderate,46.0
Late Blight,0,0,0.0,20.0,36.9,51.9,882.0,moderate,46.0
Fusarium Wilt,1,0,-1.0,20.0,36.9,51.9,882.0,low,16.0
Bacterial Spot,1,0,-0.6,20.0,36.9,51.9,882.0,low,28.0
Early Blight,0,0,0.0,15.4,96.5,60.2,425.4,moderate,46.0
Late Blight,2,0,-1.6,15.4,96.5,60.2,425.4,moderate,44.0
Fusarium Wilt,1,0,-1.0,15.4,96.5,60.2,425.4,low,28.0
Bacterial Spot,1,0,-1.0,15.4,96.5,60.2,425.4,low,28.0
Early Blight,1,0,-0.6,27.4,45.1,59.7,273.1,moderate,40.0
Late Blight,1,0,-1.0,27.4,45.1,59.7,273.1,low,16.0
Fusarium Wilt,1,0,-1.0,27.4,45.1,59.7,273.1,moderate,44.0
Bacterial Spot,0,0,0.0,27.4,45.1,59.7,273.1,moderate,46.0
Early Blight,0,0,0.0,28.9,65.5,39.0,324.6,moderate,46.0
Late Blight,1,0,-1.0,28.9,65.5,39.0,324.6,low,16.0
Fusarium Wilt,1,0,-1.0,28.9,65.5,39.0,324.6,moderate,44.0
Bacterial Spot,1,0,-1.0,28.9,65.5,39.0,324.6,low,28.0
Early Blight,0,0,0.0,29.1,71.3,83.1,844.6,moderate,62.0
Late Blight,2,0,-1.6,29.1,71.3,83.1,844.6,low,16.0
Fusarium Wilt,1,0,-1.0,29.1,71.3,83.1,844.6,moderate,44.0
Bacterial Spot,1,0,-1.0,29.1,71.3,83.1,844.6,low,28.0
Early Blight,0,0,0.0,23.6,69.6,63.9,1160.3,moderate,46.0
Late Blight,0,0,0.0,23.6,69.6,63.9,1160.3,moderate,46.0
Fusarium Wilt,1,0,-1.0,23.6,69.6,63.9,1160.3,low,28.0
Bacterial Spot,2,0,-1.6,23.6,69.6,63.9,1160.3,low,16.0
Early Blight,0,0,0.0,35.2,80.1,51.9,801.7,moderate,46.0
Late Blight,2,0,-1.6,35.2,80.1,51.9,801.7,low,28.0
Fusarium Wilt,1,0,-1.0,35.2,80.1,51.9,801.7,low,28.0
Bacterial Spot,1,0,-1.0,35.2,80.1,51.9,801.7,low,16.0
Early Blight,0,0,0.0,34.1,69.2,52.6,371.3,low,34.0
Late Blight,1,0,-1.0,34.1,69.2,52.6,371.3,low,16.0
Fusarium Wilt,1,0,-1.0,34.1,69.2,52.6,371.3,moderate,44.0
Bacterial Spot,1,0,-0.6,34.1,69.2,52.6,371.3,low,28.0
Early Blight,1,0,-0.6,18.4,61.9,23.5,213.5,low,28.0
Late Blight,1,0,-0.6,18.4,61.9,23.5,213.5,moderate,40.0
Fusarium Wilt,1,0,-1.0,18.4,61.9,23.5,213.5,low,28.0
Bacterial Spot,0,0,0.0,18.4,61.9,23.5,213.5,low,34.0
Early Blight,1,0,-0.6,20.2,71.1,59.2,1108.6,moderate,56.0
Late Blight,1,0,-1.0,20.2,71.1,59.2,1108.6,low,28.0
Fusarium Wilt,1,0,-1.0,20.2,71.1,59.2,1108.6,low,28.0
Bacterial Spot,2,0,-1.6,20.2,71.1,59.2,1108.6,low,16.0
Early Blight,1,0,-0.6,30.2,55.0,16.0,164.0,low,28.0
Late Blight,2,0,-1.6,30.2,55.0,16.0,164.0,low,16.0
Fusarium Wilt,1,0,-1.0,30.2,55.0,16.0,164.0,moderate,44.0
Bacterial Spot,1,0,-1.0,30.2,55.0,16.0,164.0,low,16.0
Early Blight,0,0,0.0,25.8,43.9,63.7,343.6,moderate,46.0
Late Blight,1,0,-1.0,25.8,43.9,63.7,343.6,low,16.0
Fusarium Wilt,1,0,-1.0,25.8,43.9,63.7,343.6,moderate,44.0
Bacterial Spot,0,0,0.0,25.8,43.9,63.7,343.6,moderate,46.0
Early Blight,1,0,-0.6,18.9,79.6,32.8,655.5,moderate,40.0
Late Blight,1,0,-1.0,18.9,79.6,32.8,655.5,moderate,44.0
Fusarium Wilt,2,0,-2.0,18.9,79.6,32.8,655.5,low,28.0
Bacterial Spot,0,0,0.0,18.9,79.6,32.8,655.5,low,34.0
Early Blight,0,0,0.0,15.8,30.7,53.9,573.9,low,34.0
Late Blight,0,0,0.0,15.8,30.7,53.9,573.9,moderate,46.0
Fusarium Wilt,1,0,-1.0,15.8,30.7,53.9,573.9,low,16.0
Bacterial Spot,2,0,-1.6,15.8,30.7,53.9,573.9,low,16.0
Early Blight,0,0,0.0,36.3,60.4,71.5,1075.2,low,34.0
Late Blight,2,0,-1.6,36.3,60.4,71.5,1075.2,low,16.0
Fusarium Wilt,2,0,-2.0,36.3,60.4,71.5,1075.2,low,28.0
Bacterial Spot,1,0,-0.6,36.3,60.4,71.5,1075.2,low,28.0
Early Blight,1,0,-0.6,37.8,84.1,73.0,778.0,moderate,40.0
Late Blight,2,0,-1.6,37.8,84.1,73.0,778.0,low,28.0
Fusarium Wilt,1,0,-1.0,37.8,84.1,73.0,778.0,low,28.0
Bacterial Spot,0,0,0.0,37.8,84.1,73.0,778.0,low,34.0
Early Blight,0,0,0.0,23.4,94.6,18.6,414.1,moderate,62.0
Late Blight,0,0,0.0,23.4,94.6,18.6,414.1,moderate,62.0
Fusarium Wilt,1,0,-1.0,23.4,94.6,18.6,414.1,low,28.0
Bacterial Spot,1,0,-0.6,23.4,94.6,18.6,414.1,moderate,40.0
Early Blight,1,0,-0.6,26.4,44.5,86.8,357.2,moderate,40.0
Late Blight,1,0,-0.6,26.4,44.5,86.8,357.2,low,28.0
Fusarium Wilt,0,0,0.0,26.4,44.5,86.8,357.2,moderate,62.0
Bacterial Spot,1,0,-0.6,26.4,44.5,86.8,357.2,moderate,40.0
Early Blight,0,0,0.0,36.7,32.0,36.5,580.4,low,34.0
Late Blight,2,0,-1.6,36.7,32.0,36.5,580.4,low,16.0
Fusarium Wilt,0,0,0.0,36.7,32.0,36.5,580.4,low,34.0
Bacterial Spot,1,0,-0.6,36.7,32.0,36.5,580.4,low,28.0
Early Blight,1,0,-0.6,28.6,92.7,53.2,360.0,moderate,56.0
Late Blight,2,0,-1.6,28.6,92.7,53.2,360.0,low,28.0
Fusarium Wilt,1,0,-1.0,28.6,92.7,53.2,360.0,moderate,44.0
Bacterial Spot,0,0,0.0,28.6,92.7,53.2,360.0,moderate,62.0
Early Blight,1,0,-0.6,26.6,56.9,69.8,163.5,moderate,40.0
Late Blight,0,0,0.0,26.6,56.9,69.8,163.5,low,34.0
Fusarium Wilt,0,0,0.0,26.6,56.9,69.8,163.5,moderate,62.0
Bacterial Spot,1,0,-1.0,26.6,56.9,69.8,163.5,low,28.0
Early Blight,0,0,0.0,36.9,41.2,84.4,428.0,low,34.0
Late Blight,1,0,-1.0,36.9,41.2,84.4,428.0,low,16.0
Fusarium Wilt,1,0,-1.0,36.9,41.2,84.4,428.0,low,28.0
Bacterial Spot,1,0,-1.0,36.9,41.2,84.4,428.0,low,16.0
Early Blight,1,0,-0.6,30.8,56.4,75.8,654.8,low,28.0
Late Blight,1,0,-0.6,30.8,56.4,75.8,654.8,low,28.0
Fusarium Wilt,2,0,-2.0,30.8,56.4,75.8,654.8,moderate,44.0
Bacterial Spot,1,0,-0.6,30.8,56.4,75.8,654.8,low,28.0
Early Blight,1,0,-0.6,15.0,50.4,74.2,333.1,low,28.0
Late Blight,2,0,-1.6,15.0,50.4,74.2,333.1,low,28.0
Fusarium Wilt,0,0,0.0,15.0,50.4,74.2,333.1,moderate,46.0
Bacterial Spot,0,0,0.0,15.0,50.4,74.2,333.1,low,34.0
Early Blight,0,0,0.0,24.8,42.7,19.3,471.8,moderate,46.0
Late Blight,1,0,-1.0,24.8,42.7,19.3,471.8,low,16.0
Fusarium Wilt,0,0,0.0,24.8,42.7,19.3,471.8,moderate,46.0
Bacterial Spot,0,0,0.0,24.8,42.7,19.3,471.8,moderate,46.0
Early Blight,0,0,0.0,24.4,64.2,84.1,177.1,moderate,46.0
Late Blight,1,0,-0.6,24.4,64.2,84.1,177.1,low,28.0
Fusarium Wilt,1,0,-1.0,24.4,64.2,84.1,177.1,low,28.0
Bacterial Spot,1,0,-0.6,24.4,64.2,84.1,177.1,moderate,40.0
Early Blight,0,0,0.0,20.0,38.9,53.5,886.1,moderate,46.0
Late Blight,1,0,-1.0,20.0,38.9,53.5,886.1,low,28.0
Fusarium Wilt,1,0,-1.0,20.0,38.9,53.5,886.1,low,16.0
Bacterial Spot,1,0,-1.0,20.0,38.9,53.5,886.1,low,16.0
Early Blight,0,0,0.0,18.8,53.0,78.4,312.3,low,34.0
Late Blight,1,0,-1.0,18.8,53.0,78.4,312.3,low,28.0
Fusarium Wilt,2,0,-2.0,18.8,53.0,78.4,312.3,low,28.0
Bacterial Spot,2,0,-1.6,18.8,53.0,78.4,312.3,low,16.0
Early Blight,1,0,-0.6,25.7,95.5,17.4,512.3,moderate,56.0
Late Blight,0,0,0.0,25.7,95.5,17.4,512.3,moderate,46.0
Fusarium Wilt,2,0,-2.0,25.7,95.5,17.4,512.3,moderate,44.0
Bacterial Spot,0,0,0.0,25.7,95.5,17.4,512.3,moderate,62.0
Early Blight,0,0,0.0,19.4,57.3,72.8,511.0,low,34.0
Late Blight,1,0,-1.0,19.4,57.3,72.8,511.0,low,28.0
Fusarium Wilt,0,0,0.0,19.4,57.3,72.8,511.0,moderate,46.0
Bacterial Spot,0,0,0.0,19.4,57.3,72.8,511.0,low,34.0
Early Blight,0,0,0.0,28.3,66.2,16.5,576.4,moderate,46.0
Late Blight,2,0,-1.6,28.3,66.2,16.5,576.4,low,16.0
Fusarium Wilt,2,0,-2.0,28.3,66.2,16.5,576.4,moderate,44.0
Bacterial Spot,0,0,0.0,28.3,66.2,16.5,576.4,moderate,46.0
Early Blight,0,0,0.0,19.7,41.1,76.8,1154.1,low,34.0
Late Blight,0,0,0.0,19.7,41.1,76.8,1154.1,moderate,46.0
Fusarium Wilt,1,0,-1.0,19.7,41.1,76.8,1154.1,low,28.0
Bacterial Spot,1,0,-1.0,19.7,41.1,76.8,1154.1,low,16.0
Early Blight,1,0,-0.6,17.3,58.7,22.3,750.1,low,28.0
Late Blight,1,0,-1.0,17.3,58.7,22.3,750.1,low,28.0
Fusarium Wilt,2,0,-2.0,17.3,58.7,22.3,750.1,low,28.0
Bacterial Spot,1,0,-0.6,17.3,58.7,22.3,750.1,low,28.0
Early Blight,1,0,-0.6,35.0,88.5,74.7,145.5,moderate,40.0
Late Blight,1,0,-0.6,35.0,88.5,74.7,145.5,moderate,40.0
Fusarium Wilt,1,0,-1.0,35.0,88.5,74.7,145.5,moderate,44.0
Bacterial Spot,1,0,-0.6,35.0,88.5,74.7,145.5,moderate,40.0
Early Blight,0,0,0.0,27.0,53.7,22.4,593.9,moderate,46.0
Late Blight,2,0,-1.6,27.0,53.7,22.4,593.9,low,16.0
Fusarium Wilt,0,0,0.0,27.0,53.7,22.4,593.9,moderate,62.0
Bacterial Spot,0,0,0.0,27.0,53.7,22.4,593.9,moderate,46.0
Early Blight,0,0,0.0,33.1,80.4,67.7,814.6,moderate,46.0
Late Blight,0,0,0.0,33.1,80.4,67.7,814.6,moderate,46.0
Fusarium Wilt,0,0,0.0,33.1,80.4,67.7,814.6,moderate,62.0
Bacterial Spot,2,0,-1.6,33.1,80.4,67.7,814.6,low,16.0
Early Blight,0,0,0.0,17.1,37.5,54.3,152.9,low,34.0
Late Blight,0,0,0.0,17.1,37.5,54.3,152.9,moderate,46.0
Fusarium Wilt,1,0,-1.0,17.1,37.5,54.3,152.9,low,16.0
Bacterial Spot,0,0,0.0,17.1,37.5,54.3,152.9,low,34.0
Early Blight,1,0,-0.6,20.3,76.2,77.5,1118.8,moderate,56.0
Late Blight,2,0,-1.6,20.3,76.2,77.5,1118.8,moderate,44.0
Fusarium Wilt,0,0,0.0,20.3,76.2,77.5,1118.8,moderate,46.0
Bacterial Spot,1,0,-1.0,20.3,76.2,77.5,1118.8,low,16.0
Early Blight,1,0,-0.6,18.1,59.2,22.1,226.5,low,28.0
Late Blight,0,0,0.0,18.1,59.2,22.1,226.5,moderate,46.0
Fusarium Wilt,0,0,0.0,18.1,59.2,22.1,226.5,moderate,46.0
Bacterial Spot,0,0,0.0,18.1,59.2,22.1,226.5,low,34.0
Early Blight,0,0,0.0,33.8,87.5,80.5,874.3,moderate,46.0
Late Blight,1,0,-0.6,33.8,87.5,80.5,874.3,moderate,40.0
Fusarium Wilt,0,0,0.0,33.8,87.5,80.5,874.3,moderate,62.0
Bacterial Spot,2,0,-1.6,33.8,87.5,80.5,874.3,low,28.0
Early Blight,1,0,-0.6,17.0,39.6,13.9,338.9,low,28.0
Late Blight,1,0,-0.6,17.0,39.6,13.9,338.9,moderate,40.0
Fusarium Wilt,2,0,-2.0,17.0,39.6,13.9,338.9,low,16.0
Bacterial Spot,0,0,0.0,17.0,39.6,13.9,338.9,low,34.0
Early Blight,1,0,-0.6,15.3,47.3,73.7,547.8,low,28.0
Late Blight,1,0,-0.6,15.3,47.3,73.7,547.8,moderate,40.0
Fusarium Wilt,0,0,0.0,15.3,47.3,73.7,547.8,moderate,46.0
Bacterial Spot,1,0,-1.0,15.3,47.3,73.7,547.8,low,16.0
Early Blight,1,0,-0.6,27.7,46.1,44.0,458.3,moderate,40.0
Late Blight,1,0,-0.6,27.7,46.1,44.0,458.3,low,28.0
Fusarium Wilt,1,0,-1.0,27.7,46.1,44.0,458.3,moderate,44.0
Bacterial Spot,0,0,0.0,27.7,46.1,44.0,458.3,moderate,46.0
Early Blight,0,0,0.0,34.1,92.0,12.8,1010.5,moderate,46.0
Late Blight,2,0,-1.6,34.1,92.0,12.8,1010.5,low,28.0
Fusarium Wilt,1,0,-1.0,34.1,92.0,12.8,1010.5,moderate,44.0
Bacterial Spot,0,0,0.0,34.1,92.0,12.8,1010.5,moderate,46.0
Early Blight,1,0,-0.6,36.0,53.7,62.3,635.8,low,28.0
Late Blight,1,0,-0.6,36.0,53.7,62.3,635.8,low,28.0
Fusarium Wilt,1,0,-1.0,36.0,53.7,62.3,635.8,low,28.0
Bacterial Spot,1,0,-1.0,36.0,53.7,62.3,635.8,low,16.0
Early Blight,1,0,-0.6,25.4,88.4,62.0,1098.5,moderate,56.0
Late Blight,0,0,0.0,25.4,88.4,62.0,1098.5,moderate,46.0
Fusarium Wilt,1,0,-1.0,25.4,88.4,62.0,1098.5,moderate,44.0
Bacterial Spot,2,0,-1.6,25.4,88.4,62.0,1098.5,moderate,44.0
Early Blight,1,0,-0.6,17.0,70.8,37.6,149.4,moderate,40.0
Late Blight,1,0,-0.6,17.0,70.8,37.6,149.4,moderate,40.0
Fusarium Wilt,1,0,-1.0,17.0,70.8,37.6,149.4,low,28.0
Bacterial Spot,2,0,-1.6,17.0,70.8,37.6,149.4,low,16.0
Early Blight,0,0,0.0,21.8,78.4,81.2,452.2,moderate,62.0
Late Blight,1,0,-1.0,21.8,78.4,81.2,452.2,moderate,44.0
Fusarium Wilt,1,0,-1.0,21.8,78.4,81.2,452.2,low,28.0
Bacterial Spot,0,0,0.0,21.8,78.4,81.2,452.2,low,34.0
Early Blight,0,0,0.0,17.0,81.6,41.0,945.6,moderate,46.0
Late Blight,1,0,-1.0,17.0,81.6,41.0,945.6,moderate,44.0
Fusarium Wilt,1,0,-1.0,17.0,81.6,41.0,945.6,low,28.0
Bacterial Spot,1,0,-1.0,17.0,81.6,41.0,945.6,low,16.0
Early Blight,1,0,-0.6,35.2,70.4,60.5,964.7,moderate,40.0
Late Blight,1,0,-0.6,35.2,70.4,60.5,964.7,low,28.0
Fusarium Wilt,2,0,-2.0,35.2,70.4,60.5,964.7,low,28.0
Bacterial Spot,2,0,-1.6,35.2,70.4,60.5,964.7,low,16.0
Early Blight,0,0,0.0,30.7,33.0,15.0,500.3,low,34.0
Late Blight,1,0,-0.6,30.7,33.0,15.0,500.3,low,28.0
Fusarium Wilt,1,0,-1.0,30.7,33.0,15.0,500.3,low,28.0
Bacterial Spot,2,0,-1.6,30.7,33.0,15.0,500.3,low,16.0
Early Blight,1,0,-0.6,19.7,40.3,76.2,529.3,low,28.0
Late Blight,0,0,0.0,19.7,40.3,76.2,529.3,moderate,46.0
Fusarium Wilt,0,0,0.0,19.7,40.3,76.2,529.3,moderate,46.0
Bacterial Spot,0,0,0.0,19.7,40.3,76.2,529.3,low,34.0
Early Blight,0,0,0.0,25.4,37.3,86.5,162.2,moderate,46.0
Late Blight,2,0,-1.6,25.4,37.3,86.5,162.2,low,16.0
Fusarium Wilt,1,0,-1.0,25.4,37.3,86.5,162.2,low,28.0
Bacterial Spot,2,0,-1.6,25.4,37.3,86.5,162.2,low,28.0
Early Blight,1,0,-0.6,31.5,65.0,39.7,555.1,low,28.0
Late Blight,0,0,0.0,31.5,65.0,39.7,555.1,low,34.0
Fusarium Wilt,2,0,-2.0,31.5,65.0,39.7,555.1,moderate,44.0
Bacterial Spot,1,0,-1.0,31.5,65.0,39.7,555.1,low,16.0
Early Blight,0,0,0.0,31.4,30.5,16.8,261.6,low,34.0
Late Blight,2,0,-1.6,31.4,30.5,16.8,261.6,low,16.0
Fusarium Wilt,0,0,0.0,31.4,30.5,16.8,261.6,moderate,46.0
Bacterial Spot,1,0,-0.6,31.4,30.5,16.8,261.6,low,28.0
Early Blight,0,0,0.0,31.1,84.3,32.5,134.1,moderate,46.0
Late Blight,1,0,-0.6,31.1,84.3,32.5,134.1,moderate,40.0
Fusarium Wilt,1,0,-1.0,31.1,84.3,32.5,134.1,moderate,44.0
Bacterial Spot,1,0,-0.6,31.1,84.3,32.5,134.1,low,28.0
Early Blight,0,0,0.0,34.4,61.7,76.8,750.9,low,34.0
Late Blight,1,0,-0.6,34.4,61.7,76.8,750.9,low,28.0
Fusarium Wilt,1,0,-1.0,34.4,61.7,76.8,750.9,moderate,44.0
Bacterial Spot,1,0,-1.0,34.4,61.7,76.8,750.9,low,16.0
Early Blight,0,0,0.0,18.4,36.3,49.4,1134.4,low,34.0
Late Blight,0,0,0.0,18.4,36.3,49.4,1134.4,moderate,46.0
Fusarium Wilt,0,0,0.0,18.4,36.3,49.4,1134.4,low,34.0
Bacterial Spot,0,0,0.0,18.4,36.3,49.4,1134.4,low,34.0
Early Blight,1,0,-0.6,28.0,40.2,34.9,1170.8,moderate,40.0
Late Blight,1,0,-1.0,28.0,40.2,34.9,1170.8,low,16.0
Fusarium Wilt,1,0,-1.0,28.0,40.2,34.9,1170.8,moderate,44.0
Bacterial Spot,2,0,-1.6,28.0,40.2,34.9,1170.8,low,28.0
Early Blight,1,0,-0.6,26.6,60.7,32.6,1138.6,moderate,40.0
Late Blight,2,0,-1.6,26.6,60.7,32.6,1138.6,low,16.0
Fusarium Wilt,0,0,0.0,26.6,60.7,32.6,1138.6,moderate,62.0
Bacterial Spot,1,0,-0.6,26.6,60.7,32.6,1138.6,moderate,40.0
Early Blight,1,0,-0.6,32.2,97.5,75.9,264.0,moderate,40.0
Late Blight,1,0,-0.6,32.2,97.5,75.9,264.0,moderate,40.0
Fusarium Wilt,2,0,-2.0,32.2,97.5,75.9,264.0,moderate,44.0
Bacterial Spot,2,0,-1.6,32.2,97.5,75.9,264.0,low,28.0
Early Blight,1,0,-0.6,27.1,67.9,24.9,127.8,moderate,40.0
Late Blight,2,0,-1.6,27.1,67.9,24.9,127.8,low,16.0
Fusarium Wilt,1,0,-1.0,27.1,67.9,24.9,127.8,moderate,44.0
Bacterial Spot,1,0,-1.0,27.1,67.9,24.9,127.8,low,28.0
Early Blight,1,0,-0.6,18.7,97.1,45.3,620.1,moderate,40.0
Late Blight,2,0,-1.6,18.7,97.1,45.3,620.1,moderate,44.0
Fusarium Wilt,1,0,-1.0,18.7,97.1,45.3,620.1,low,28.0
Bacterial Spot,2,0,-1.6,18.7,97.1,45.3,620.1,low,28.0
Early Blight,1,0,-0.6,31.0,64.0,16.3,831.6,low,28.0
Late Blight,2,0,-1.6,31.0,64.0,16.3,831.6,low,16.0
Fusarium Wilt,0,0,0.0,31.0,64.0,16.3,831.6,moderate,62.0
Bacterial Spot,1,0,-0.6,31.0,64.0,16.3,831.6,low,28.0
Early Blight,1,0,-0.6,23.3,42.9,39.7,925.1,moderate,40.0
Late Blight,1,0,-1.0,23.3,42.9,39.7,925.1,low,28.0
Fusarium Wilt,1,0,-1.0,23.3,42.9,39.7,925.1,low,28.0
Bacterial Spot,0,0,0.0,23.3,42.9,39.7,925.1,low,34.0
Early Blight,1,0,-0.6,20.9,94.9,27.6,799.1,moderate,56.0
Late Blight,1,0,-0.6,20.9,94.9,27.6,799.1,moderate,56.0
Fusarium Wilt,1,0,-1.0,20.9,94.9,27.6,799.1,low,28.0
Bacterial Spot,0,0,0.0,20.9,94.9,27.6,799.1,moderate,46.0
Early Blight,0,0,0.0,23.8,50.8,66.6,443.1,moderate,46.0
Late Blight,1,0,-1.0,23.8,50.8,66.6,443.1,low,28.0
Fusarium Wilt,1,0,-1.0,23.8,50.8,66.6,443.1,low,28.0
Bacterial Spot,0,0,0.0,23.8,50.8,66.6,443.1,low,34.0
Early Blight,0,0,0.0,23.3,45.4,29.4,404.3,moderate,46.0
Late Blight,1,0,-1.0,23.3,45.4,29.4,404.3,low,28.0
Fusarium Wilt,1,0,-1.0,23.3,45.4,29.4,404.3,low,28.0
Bacterial Spot,1,0,-1.0,23.3,45.4,29.4,404.3,low,16.0
Early Blight,0,0,0.0,32.2,83.8,34.2,423.9,moderate,46.0
Late Blight,1,0,-1.0,32.2,83.8,34.2,423.9,low,28.0
Fusarium Wilt,1,0,-1.0,32.2,83.8,34.2,423.9,moderate,44.0
Bacterial Spot,1,0,-0.6,32.2,83.8,34.2,423.9,low,28.0
Early Blight,1,0,-0.6,16.6,66.1,50.5,1021.7,low,28.0
Late Blight,1,0,-1.0,16.6,66.1,50.5,1021.7,low,28.0
Fusarium Wilt,0,0,0.0,16.6,66.1,50.5,1021.7,moderate,46.0
Bacterial Spot,2,0,-1.6,16.6,66.1,50.5,1021.7,low,16.0
Early Blight,0,0,0.0,28.6,63.9,30.4,602.0,moderate,46.0
Late Blight,2,0,-1.6,28.6,63.9,30.4,602.0,low,16.0
Fusarium Wilt,0,0,0.0,28.6,63.9,30.4,602.0,moderate,62.0
Bacterial Spot,1,0,-1.0,28.6,63.9,30.4,602.0,low,28.0
Early Blight,1,0,-0.6,19.9,40.9,24.9,1058.0,low,28.0
Late Blight,0,0,0.0,19.9,40.9,24.9,1058.0,moderate,46.0
Fusarium Wilt,2,0,-2.0,19.9,40.9,24.9,1058.0,low,28.0
Bacterial Spot,2,0,-1.6,19.9,40.9,24.9,1058.0,low,16.0
Early Blight,1,0,-0.6,22.2,94.0,69.0,1093.4,moderate,56.0
Late Blight,2,0,-1.6,22.2,94.0,69.0,1093.4,moderate,44.0
Fusarium Wilt,1,0,-1.0,22.2,94.0,69.0,1093.4,low,28.0
Bacterial Spot,2,0,-1.6,22.2,94.0,69.0,1093.4,low,28.0
Early Blight,0,0,0.0,15.4,57.4,42.9,1197.8,low,34.0
Late Blight,2,0,-1.6,15.4,57.4,42.9,1197.8,low,28.0
Fusarium Wilt,1,0,-1.0,15.4,57.4,42.9,1197.8,low,28.0
Bacterial Spot,1,0,-0.6,15.4,57.4,42.9,1197.8,low,28.0
Early Blight,0,0,0.0,37.8,88.0,19.6,1163.8,moderate,46.0
Late Blight,1,0,-0.6,37.8,88.0,19.6,1163.8,moderate,40.0
Fusarium Wilt,0,0,0.0,37.8,88.0,19.6,1163.8,moderate,46.0
Bacterial Spot,0,0,0.0,37.8,88.0,19.6,1163.8,moderate,46.0
Early Blight,0,0,0.0,34.9,66.5,48.5,969.1,low,34.0
Late Blight,2,0,-1.6,34.9,66.5,48.5,969.1,low,16.0
Fusarium Wilt,0,0,0.0,34.9,66.5,48.5,969.1,moderate,62.0
Bacterial Spot,2,0,-1.6,34.9,66.5,48.5,969.1,low,16.0
Early Blight,1,0,-0.6,21.9,83.0,61.5,1198.1,moderate,56.0
Late Blight,1,0,-1.0,21.9,83.0,61.5,1198.1,moderate,44.0
Fusarium Wilt,1,0,-1.0,21.9,83.0,61.5,1198.1,low,28.0
Bacterial Spot,1,0,-0.6,21.9,83.0,61.5,1198.1,low,28.0
Early Blight,1,0,-0.6,21.3,54.0,28.5,299.9,moderate,40.0
Late Blight,1,0,-0.6,21.3,54.0,28.5,299.9,moderate,40.0
Fusarium Wilt,1,0,-1.0,21.3,54.0,28.5,299.9,low,28.0
Bacterial Spot,1,0,-1.0,21.3,54.0,28.5,299.9,low,16.0
Early Blight,0,0,0.0,27.9,37.6,51.7,440.2,moderate,46.0
Late Blight,2,0,-1.6,27.9,37.6,51.7,440.2,low,16.0
Fusarium Wilt,1,0,-1.0,27.9,37.6,51.7,440.2,low,28.0
Bacterial Spot,2,0,-1.6,27.9,37.6,51.7,440.2,low,28.0
Early Blight,1,0,-0.6,20.4,67.9,17.1,932.9,moderate,40.0
Late Blight,0,0,0.0,20.4,67.9,17.1,932.9,moderate,46.0
Fusarium Wilt,2,0,-2.0,20.4,67.9,17.1,932.9,low,28.0
Bacterial Spot,0,0,0.0,20.4,67.9,17.1,932.9,low,34.0
Early Blight,1,0,-0.6,16.9,57.9,37.0,484.6,low,28.0
Late Blight,0,0,0.0,16.9,57.9,37.0,484.6,moderate,46.0
Fusarium Wilt,1,0,-1.0,16.9,57.9,37.0,484.6,low,28.0
Bacterial Spot,1,0,-0.6,16.9,57.9,37.0,484.6,low,28.0
Early Blight,1,0,-0.6,29.3,64.0,70.4,1113.5,moderate,40.0
Late Blight,1,0,-0.6,29.3,64.0,70.4,1113.5,low,28.0
Fusarium Wilt,1,0,-1.0,29.3,64.0,70.4,1113.5,moderate,44.0
Bacterial Spot,2,0,-1.6,29.3,64.0,70.4,1113.5,low,28.0
Early Blight,1,0,-0.6,25.6,65.3,48.1,502.7,moderate,40.0
Late Blight,1,0,-0.6,25.6,65.3,48.1,502.7,low,28.0
Fusarium Wilt,1,0,-1.0,25.6,65.3,48.1,502.7,moderate,44.0
Bacterial Spot,2,0,-1.6,25.6,65.3,48.1,502.7,low,28.0
Early Blight,0,0,0.0,28.7,69.8,27.6,995.4,moderate,46.0
Late Blight,0,0,0.0,28.7,69.8,27.6,995.4,low,34.0
Fusarium Wilt,1,0,-1.0,28.7,69.8,27.6,995.4,moderate,44.0
Bacterial Spot,0,0,0.0,28.7,69.8,27.6,995.4,moderate,46.0
Early Blight,0,0,0.0,19.4,71.3,11.0,992.6,moderate,46.0
Late Blight,1,0,-1.0,19.4,71.3,11.0,992.6,low,28.0
Fusarium Wilt,2,0,-2.0,19.4,71.3,11.0,992.6,low,28.0
Bacterial Spot,2,0,-1.6,19.4,71.3,11.0,992.6,low,16.0
Early Blight,1,0,-0.6,22.1,95.8,34.6,301.8,moderate,56.0
Late Blight,1,0,-0.6,22.1,95.8,34.6,301.8,moderate,56.0
Fusarium Wilt,2,0,-2.0,22.1,95.8,34.6,301.8,low,28.0
Bacterial Spot,0,0,0.0,22.1,95.8,34.6,301.8,moderate,46.0
Early Blight,0,0,0.0,17.0,88.8,52.0,533.2,moderate,46.0
Late Blight,1,0,-1.0,17.0,88.8,52.0,533.2,moderate,44.0
Fusarium Wilt,0,0,0.0,17.0,88.8,52.0,533.2,moderate,46.0
Bacterial Spot,1,0,-0.6,17.0,88.8,52.0,533.2,moderate,40.0
Early Blight,1,0,-0.6,34.3,96.7,62.7,727.8,moderate,40.0
Late Blight,1,0,-0.6,34.3,96.7,62.7,727.8,moderate,40.0
Fusarium Wilt,0,0,0.0,34.3,96.7,62.7,727.8,moderate,62.0
Bacterial Spot,1,0,-1.0,34.3,96.7,62.7,727.8,low,28.0
Early Blight,0,0,0.0,28.2,61.4,28.5,597.3,moderate,46.0
Late Blight,1,0,-0.6,28.2,61.4,28.5,597.3,low,28.0
Fusarium Wilt,2,0,-2.0,28.2,61.4,28.5,597.3,moderate,44.0
Bacterial Spot,2,0,-1.6,28.2,61.4,28.5,597.3,low,28.0
Early Blight,1,0,-0.6,22.0,75.9,14.6,659.8,moderate,56.0
Late Blight,0,0,0.0,22.0,75.9,14.6,659.8,moderate,62.0
Fusarium Wilt,0,0,0.0,22.0,75.9,14.6,659.8,moderate,46.0
Bacterial Spot,1,0,-0.6,22.0,75.9,14.6,659.8,low,28.0
Early Blight,1,0,-0.6,30.3,81.2,39.1,1106.5,moderate,40.0
Late Blight,1,0,-1.0,30.3,81.2,39.1,1106.5,low,28.0
Fusarium Wilt,2,0,-2.0,30.3,81.2,39.1,1106.5,moderate,44.0
Bacterial Spot,2,0,-1.6,30.3,81.2,39.1,1106.5,low,16.0
Early Blight,1,0,-0.6,30.6,36.5,87.2,843.5,low,28.0
Late Blight,0,0,0.0,30.6,36.5,87.2,843.5,low,34.0
Fusarium Wilt,1,0,-1.0,30.6,36.5,87.2,843.5,low,28.0
Bacterial Spot,1,0,-0.6,30.6,36.5,87.2,843.5,low,28.0
Early Blight,0,0,0.0,22.8,64.6,65.0,1054.2,moderate,46.0
Late Blight,2,0,-1.6,22.8,64.6,65.0,1054.2,low,28.0
Fusarium Wilt,0,0,0.0,22.8,64.6,65.0,1054.2,moderate,46.0
Bacterial Spot,1,0,-0.6,22.8,64.6,65.0,1054.2,low,28.0
Early Blight,0,0,0.0,36.7,64.1,88.9,626.7,low,34.0
Late Blight,0,0,0.0,36.7,64.1,88.9,626.7,low,34.0
Fusarium Wilt,0,0,0.0,36.7,64.1,88.9,626.7,moderate,46.0
Bacterial Spot,0,0,0.0,36.7,64.1,88.9,626.7,low,34.0
Early Blight,1,0,-0.6,24.4,48.5,49.7,285.0,moderate,40.0
Late Blight,1,0,-1.0,24.4,48.5,49.7,285.0,low,16.0
Fusarium Wilt,0,0,0.0,24.4,48.5,49.7,285.0,moderate,46.0
Bacterial Spot,1,0,-0.6,24.4,48.5,49.7,285.0,moderate,40.0
Early Blight,1,0,-0.6,24.1,89.3,31.1,468.3,moderate,56.0
Late Blight,1,0,-0.6,24.1,89.3,31.1,468.3,moderate,40.0
Fusarium Wilt,1,0,-1.0,24.1,89.3,31.1,468.3,low,28.0
Bacterial Spot,2,0,-1.6,24.1,89.3,31.1,468.3,moderate,44.0
Early Blight,1,0,-0.6,16.8,54.0,60.3,912.1,low,28.0
Late Blight,2,0,-1.6,16.8,54.0,60.3,912.1,low,28.0
Fusarium Wilt,2,0,-2.0,16.8,54.0,60.3,912.1,low,28.0
Bacterial Spot,1,0,-0.6,16.8,54.0,60.3,912.1,low,28.0
Early Blight,1,0,-0.6,32.8,46.4,49.6,760.6,low,28.0
Late Blight,0,0,0.0,32.8,46.4,49.6,760.6,low,34.0
Fusarium Wilt,0,0,0.0,32.8,46.4,49.6,760.6,moderate,62.0
Bacterial Spot,2,0,-1.6,32.8,46.4,49.6,760.6,low,16.0
Early Blight,0,0,0.0,29.3,52.6,12.2,585.0,moderate,46.0
Late Blight,1,0,-1.0,29.3,52.6,12.2,585.0,low,16.0
Fusarium Wilt,1,0,-1.0,29.3,52.6,12.2,585.0,moderate,44.0
Bacterial Spot,1,0,-0.6,29.3,52.6,12.2,585.0,moderate,40.0
Early Blight,0,0,0.0,27.2,43.5,52.7,1117.4,moderate,46.0
Late Blight,1,0,-1.0,27.2,43.5,52.7,1117.4,low,16.0
Fusarium Wilt,1,0,-1.0,27.2,43.5,52.7,1117.4,moderate,44.0
Bacterial Spot,1,0,-1.0,27.2,43.5,52.7,1117.4,low,28.0
Early Blight,1,0,-0.6,16.0,92.5,74.9,132.1,moderate,40.0
Late Blight,1,0,-1.0,16.0,92.5,74.9,132.1,moderate,44.0
Fusarium Wilt,1,0,-1.0,16.0,92.5,74.9,132.1,low,28.0
Bacterial Spot,1,0,-1.0,16.0,92.5,74.9,132.1,low,28.0
Early Blight,1,0,-0.6,20.0,85.1,66.5,1022.3,moderate,56.0
Late Blight,1,0,-1.0,20.0,85.1,66.5,1022.3,moderate,44.0
Fusarium Wilt,2,0,-2.0,20.0,85.1,66.5,1022.3,low,28.0
Bacterial Spot,1,0,-1.0,20.0,85.1,66.5,1022.3,low,28.0
Early Blight,1,0,-0.6,29.5,59.4,26.2,420.5,moderate,40.0
Late Blight,2,0,-1.6,29.5,59.4,26.2,420.5,low,16.0
Fusarium Wilt,0,0,0.0,29.5,59.4,26.2,420.5,moderate,62.0
Bacterial Spot,1,0,-0.6,29.5,59.4,26.2,420.5,moderate,40.0
Early Blight,1,0,-0.6,24.9,32.5,27.5,1042.8,moderate,40.0
Late Blight,1,0,-1.0,24.9,32.5,27.5,1042.8,low,16.0
Fusarium Wilt,1,0,-1.0,24.9,32.5,27.5,1042.8,low,16.0
Bacterial Spot,1,0,-1.0,24.9,32.5,27.5,1042.8,low,28.0
Early Blight,0,0,0.0,33.0,78.2,70.6,412.0,moderate,46.0
Late Blight,2,0,-1.6,33.0,78.2,70.6,412.0,low,28.0
Fusarium Wilt,2,0,-2.0,33.0,78.2,70.6,412.0,moderate,44.0
Bacterial Spot,1,0,-1.0,33.0,78.2,70.6,412.0,low,16.0
Early Blight,0,0,0.0,17.5,89.4,36.2,530.9,moderate,46.0
Late Blight,1,0,-1.0,17.5,89.4,36.2,530.9,moderate,44.0
Fusarium Wilt,1,0,-1.0,17.5,89.4,36.2,530.9,low,28.0
Bacterial Spot,2,0,-1.6,17.5,89.4,36.2,530.9,low,28.0
Early Blight,1,0,-0.6,20.4,86.7,44.2,389.9,moderate,56.0
Late Blight,1,0,-1.0,20.4,86.7,44.2,389.9,moderate,44.0
Fusarium Wilt,1,0,-1.0,20.4,86.7,44.2,389.9,low,28.0
Bacterial Spot,1,0,-1.0,20.4,86.7,44.2,389.9,low,28.0
Early Blight,0,0,0.0,34.7,31.6,74.7,478.3,low,34.0
Late Blight,1,0,-0.6,34.7,31.6,74.7,478.3,low,28.0
Fusarium Wilt,1,0,-1.0,34.7,31.6,74.7,478.3,low,28.0
Bacterial Spot,2,0,-1.6,34.7,31.6,74.7,478.3,low,16.0
Early Blight,1,0,-0.6,27.1,52.7,70.5,166.5,moderate,40.0
Late Blight,0,0,0.0,27.1,52.7,70.5,166.5,low,34.0
Fusarium Wilt,1,0,-1.0,27.1,52.7,70.5,166.5,moderate,44.0
Bacterial Spot,2,0,-1.6,27.1,52.7,70.5,166.5,low,28.0
Early Blight,1,0,-0.6,35.3,57.1,17.6,340.3,low,28.0
Late Blight,2,0,-1.6,35.3,57.1,17.6,340.3,low,16.0
Fusarium Wilt,1,0,-1.0,35.3,57.1,17.6,340.3,low,28.0
Bacterial Spot,1,0,-0.6,35.3,57.1,17.6,340.3,low,28.0
Early Blight,1,0,-0.6,30.5,77.6,87.3,1100.1,moderate,40.0
Late Blight,1,0,-1.0,30.5,77.6,87.3,1100.1,low,28.0
Fusarium Wilt,1,0,-1.0,30.5,77.6,87.3,1100.1,moderate,44.0
Bacterial Spot,0,0,0.0,30.5,77.6,87.3,1100.1,low,34.0
Early Blight,1,0,-0.6,26.3,34.5,13.6,982.9,moderate,40.0
Late Blight,1,0,-0.6,26.3,34.5,13.6,982.9,low,28.0
Fusarium Wilt,2,0,-2.0,26.3,34.5,13.6,982.9,low,28.0
Bacterial Spot,2,0,-1.6,26.3,34.5,13.6,982.9,low,28.0
Early Blight,1,0,-0.6,25.5,43.9,53.0,810.0,moderate,40.0
Late Blight,0,0,0.0,25.5,43.9,53.0,810.0,low,34.0
Fusarium Wilt,2,0,-2.0,25.5,43.9,53.0,810.0,moderate,44.0
Bacterial Spot,1,0,-1.0,25.5,43.9,53.0,810.0,low,28.0
Early Blight,1,0,-0.6,23.1,44.5,84.4,461.4,moderate,40.0
Late Blight,0,0,0.0,23.1,44.5,84.4,461.4,moderate,46.0
Fusarium Wilt,0,0,0.0,23.1,44.5,84.4,461.4,moderate,46.0
Bacterial Spot,1,0,-1.0,23.1,44.5,84.4,461.4,low,16.0
Early Blight,0,0,0.0,29.1,42.9,79.3,709.5,moderate,46.0
Late Blight,1,0,-1.0,29.1,42.9,79.3,709.5,low,16.0
Fusarium Wilt,1,0,-1.0,29.1,42.9,79.3,709.5,moderate,44.0
Bacterial Spot,1,0,-1.0,29.1,42.9,79.3,709.5,low,28.0
Early Blight,0,0,0.0,24.8,80.6,36.0,786.6,moderate,62.0
Late Blight,0,0,0.0,24.8,80.6,36.0,786.6,moderate,46.0
Fusarium Wilt,0,0,0.0,24.8,80.6,36.0,786.6,moderate,46.0
Bacterial Spot,0,0,0.0,24.8,80.6,36.0,786.6,moderate,46.0
Early Blight,0,0,0.0,37.9,70.0,11.9,1195.4,moderate,46.0
Late Blight,1,0,-1.0,37.9,70.0,11.9,1195.4,low,16.0
Fusarium Wilt,2,0,-2.0,37.9,70.0,11.9,1195.4,low,28.0
Bacterial Spot,1,0,-0.6,37.9,70.0,11.9,1195.4,low,28.0
Early Blight,1,0,-0.6,24.7,72.5,14.3,917.5,moderate,56.0
Late Blight,0,0,0.0,24.7,72.5,14.3,917.5,low,34.0
Fusarium Wilt,0,0,0.0,24.7,72.5,14.3,917.5,moderate,46.0
Bacterial Spot,0,0,0.0,24.7,72.5,14.3,917.5,moderate,46.0
Early Blight,1,0,-0.6,23.8,44.9,86.8,1004.8,moderate,40.0
Late Blight,1,0,-1.0,23.8,44.9,86.8,1004.8,low,28.0
Fusarium Wilt,2,0,-2.0,23.8,44.9,86.8,1004.8,low,28.0
Bacterial Spot,2,0,-1.6,23.8,44.9,86.8,1004.8,low,16.0
Early Blight,0,0,0.0,25.1,73.7,19.4,488.5,moderate,62.0
Late Blight,0,0,0.0,25.1,73.7,19.4,488.5,low,34.0
Fusarium Wilt,1,0,-1.0,25.1,73.7,19.4,488.5,moderate,44.0
Bacterial Spot,2,0,-1.6,25.1,73.7,19.4,488.5,low,28.0
Early Blight,0,0,0.0,34.9,72.7,38.6,202.8,moderate,46.0
Late Blight,2,0,-1.6,34.9,72.7,38.6,202.8,low,16.0
Fusarium Wilt,2,0,-2.0,34.9,72.7,38.6,202.8,moderate,44.0
Bacterial Spot,1,0,-0.6,34.9,72.7,38.6,202.8,low,28.0
Early Blight,1,0,-0.6,15.9,97.8,78.3,1126.6,moderate,40.0
Late Blight,1,0,-0.6,15.9,97.8,78.3,1126.6,moderate,56.0
Fusarium Wilt,0,0,0.0,15.9,97.8,78.3,1126.6,moderate,46.0
Bacterial Spot,2,0,-1.6,15.9,97.8,78.3,1126.6,low,28.0
Early Blight,0,0,0.0,37.3,91.8,37.7,683.8,moderate,46.0
Late Blight,1,0,-1.0,37.3,91.8,37.7,683.8,low,28.0
Fusarium Wilt,1,0,-1.0,37.3,91.8,37.7,683.8,low,28.0
Bacterial Spot,0,0,0.0,37.3,91.8,37.7,683.8,moderate,46.0
Early Blight,0,0,0.0,28.5,65.7,69.9,398.0,moderate,46.0
Late Blight,1,0,-0.6,28.5,65.7,69.9,398.0,low,28.0
Fusarium Wilt,1,0,-1.0,28.5,65.7,69.9,398.0,moderate,44.0
Bacterial Spot,0,0,0.0,28.5,65.7,69.9,398.0,moderate,46.0
Early Blight,1,0,-0.6,26.2,88.5,25.0,666.7,moderate,56.0
Late Blight,0,0,0.0,26.2,88.5,25.0,666.7,moderate,46.0
Fusarium Wilt,0,0,0.0,26.2,88.5,25.0,666.7,moderate,62.0
Bacterial Spot,2,0,-1.6,26.2,88.5,25.0,666.7,moderate,44.0
Early Blight,0,0,0.0,35.0,54.8,47.4,560.7,low,34.0
Late Blight,0,0,0.0,35.0,54.8,47.4,560.7,low,34.0
Fusarium Wilt,2,0,-2.0,35.0,54.8,47.4,560.7,moderate,44.0
Bacterial Spot,2,0,-1.6,35.0,54.8,47.4,560.7,low,16.0
Early Blight,0,0,0.0,26.8,69.1,68.2,1037.6,moderate,46.0
Late Blight,1,0,-0.6,26.8,69.1,68.2,1037.6,low,28.0
Fusarium Wilt,1,0,-1.0,26.8,69.1,68.2,1037.6,moderate,44.0
Bacterial Spot,1,0,-0.6,26.8,69.1,68.2,1037.6,moderate,40.0
Early Blight,0,0,0.0,34.0,81.8,51.0,409.9,moderate,46.0
Late Blight,0,0,0.0,34.0,81.8,51.0,409.9,moderate,46.0
Fusarium Wilt,0,0,0.0,34.0,81.8,51.0,409.9,moderate,62.0
Bacterial Spot,2,0,-1.6,34.0,81.8,51.0,409.9,low,16.0
Early Blight,1,0,-0.6,24.4,49.8,29.0,465.7,moderate,40.0
Late Blight,0,0,0.0,24.4,49.8,29.0,465.7,low,34.0
Fusarium Wilt,1,0,-1.0,24.4,49.8,29.0,465.7,low,28.0
Bacterial Spot,0,0,0.0,24.4,49.8,29.0,465.7,moderate,46.0
Early Blight,0,0,0.0,36.5,55.0,36.6,661.9,low,34.0
Late Blight,0,0,0.0,36.5,55.0,36.6,661.9,low,34.0
Fusarium Wilt,1,0,-1.0,36.5,55.0,36.6,661.9,low,28.0
Bacterial Spot,1,0,-0.6,36.5,55.0,36.6,661.9,low,28.0
Early Blight,1,0,-0.6,32.7,60.7,49.7,642.5,low,28.0
Late Blight,1,0,-0.6,32.7,60.7,49.7,642.5,low,28.0
Fusarium Wilt,1,0,-1.0,32.7,60.7,49.7,642.5,moderate,44.0
Bacterial Spot,2,0,-1.6,32.7,60.7,49.7,642.5,low,16.0
Early Blight,0,0,0.0,34.6,80.1,75.0,373.2,moderate,46.0
Late Blight,1,0,-0.6,34.6,80.1,75.0,373.2,moderate,40.0
Fusarium Wilt,2,0,-2.0,34.6,80.1,75.0,373.2,moderate,44.0
Bacterial Spot,2,0,-1.6,34.6,80.1,75.0,373.2,low,16.0
Early Blight,1,0,-0.6,37.6,67.2,34.8,856.8,low,28.0
Late Blight,0,0,0.0,37.6,67.2,34.8,856.8,low,34.0
Fusarium Wilt,1,0,-1.0,37.6,67.2,34.8,856.8,low,28.0
Bacterial Spot,2,0,-1.6,37.6,67.2,34.8,856.8,low,16.0
Early Blight,1,0,-0.6,28.0,83.6,62.7,637.4,moderate,56.0
Late Blight,2,0,-1.6,28.0,83.6,62.7,637.4,low,28.0
Fusarium Wilt,0,0,0.0,28.0,83.6,62.7,637.4,moderate,62.0
Bacterial Spot,1,0,-0.6,28.0,83.6,62.7,637.4,moderate,40.0
Early Blight,0,0,0.0,21.1,79.9,11.7,431.2,moderate,62.0
Late Blight,0,0,0.0,21.1,79.9,11.7,431.2,moderate,62.0
Fusarium Wilt,1,0,-1.0,21.1,79.9,11.7,431.2,low,28.0
Bacterial Spot,2,0,-1.6,21.1,79.9,11.7,431.2,low,16.0
Early Blight,0,0,0.0,16.4,49.2,39.4,224.5,low,34.0
Late Blight,2,0,-1.6,16.4,49.2,39.4,224.5,low,28.0
Fusarium Wilt,0,0,0.0,16.4,49.2,39.4,224.5,moderate,46.0
Bacterial Spot,2,0,-1.6,16.4,49.2,39.4,224.5,low,16.0
Early Blight,0,0,0.0,23.4,67.8,73.2,488.5,moderate,46.0
Late Blight,1,0,-1.0,23.4,67.8,73.2,488.5,low,28.0
Fusarium Wilt,0,0,0.0,23.4,67.8,73.2,488.5,moderate,46.0
Bacterial Spot,1,0,-0.6,23.4,67.8,73.2,488.5,low,28.0
Early Blight,0,0,0.0,27.8,96.0,27.2,510.3,moderate,62.0
Late Blight,0,0,0.0,27.8,96.0,27.2,510.3,moderate,46.0
Fusarium Wilt,1,0,-1.0,27.8,96.0,27.2,510.3,moderate,44.0
Bacterial Spot,0,0,0.0,27.8,96.0,27.2,510.3,moderate,62.0
Early Blight,0,0,0.0,33.0,54.2,10.6,1187.4,low,34.0
Late Blight,1,0,-1.0,33.0,54.2,10.6,1187.4,low,16.0
Fusarium Wilt,1,0,-1.0,33.0,54.2,10.6,1187.4,moderate,44.0
Bacterial Spot,2,0,-1.6,33.0,54.2,10.6,1187.4,low,16.0
Early Blight,1,0,-0.6,23.5,52.4,47.7,453.2,moderate,40.0
Late Blight,0,0,0.0,23.5,52.4,47.7,453.2,moderate,46.0
Fusarium Wilt,1,0,-1.0,23.5,52.4,47.7,453.2,low,28.0
Bacterial Spot,0,0,0.0,23.5,52.4,47.7,453.2,low,34.0
Early Blight,0,0,0.0,32.9,71.9,87.2,1057.4,moderate,46.0
Late Blight,1,0,-1.0,32.9,71.9,87.2,1057.4,low,16.0
Fusarium Wilt,0,0,0.0,32.9,71.9,87.2,1057.4,moderate,62.0
Bacterial Spot,0,0,0.0,32.9,71.9,87.2,1057.4,low,34.0
Early Blight,0,0,0.0,29.9,31.7,17.0,505.4,moderate,46.0
Late Blight,0,0,0.0,29.9,31.7,17.0,505.4,low,34.0
Fusarium Wilt,2,0,-2.0,29.9,31.7,17.0,505.4,low,28.0
Bacterial Spot,2,0,-1.6,29.9,31.7,17.0,505.4,low,28.0
Early Blight,0,0,0.0,24.3,33.3,58.9,308.8,moderate,46.0
Late Blight,2,0,-1.6,24.3,33.3,58.9,308.8,low,16.0
Fusarium Wilt,1,0,-1.0,24.3,33.3,58.9,308.8,low,16.0
Bacterial Spot,1,0,-0.6,24.3,33.3,58.9,308.8,moderate,40.0
Early Blight,1,0,-0.6,15.1,75.5,28.9,716.6,moderate,40.0
Late Blight,1,0,-1.0,15.1,75.5,28.9,716.6,moderate,44.0
Fusarium Wilt,0,0,0.0,15.1,75.5,28.9,716.6,moderate,46.0
Bacterial Spot,0,0,0.0,15.1,75.5,28.9,716.6,low,34.0
Early Blight,1,0,-0.6,21.5,93.9,51.6,928.0,moderate,56.0
Late Blight,2,0,-1.6,21.5,93.9,51.6,928.0,moderate,44.0
Fusarium Wilt,1,0,-1.0,21.5,93.9,51.6,928.0,low,28.0
Bacterial Spot,1,0,-0.6,21.5,93.9,51.6,928.0,moderate,40.0
Early Blight,1,0,-0.6,15.2,45.8,51.0,202.0,low,28.0
Late Blight,1,0,-0.6,15.2,45.8,51.0,202.0,moderate,40.0
Fusarium Wilt,2,0,-2.0,15.2,45.8,51.0,202.0,low,28.0
Bacterial Spot,1,0,-0.6,15.2,45.8,51.0,202.0,low,28.0
Early Blight,0,0,0.0,21.3,32.0,47.0,714.7,moderate,46.0
Late Blight,0,0,0.0,21.3,32.0,47.0,714.7,moderate,46.0
Fusarium Wilt,1,0,-1.0,21.3,32.0,47.0,714.7,low,16.0
Bacterial Spot,1,0,-1.0,21.3,32.0,47.0,714.7,low,16.0
Early Blight,1,0,-0.6,30.0,65.2,64.6,704.6,moderate,40.0
Late Blight,1,0,-0.6,30.0,65.2,64.6,704.6,low,28.0
Fusarium Wilt,1,0,-1.0,30.0,65.2,64.6,704.6,moderate,44.0
Bacterial Spot,0,0,0.0,30.0,65.2,64.6,704.6,moderate,46.0
Early Blight,0,0,0.0,22.0,94.6,40.7,770.8,moderate,62.0
Late Blight,0,0,0.0,22.0,94.6,40.7,770.8,moderate,62.0
Fusarium Wilt,1,0,-1.0,22.0,94.6,40.7,770.8,low,28.0
Bacterial Spot,2,0,-1.6,22.0,94.6,40.7,770.8,low,28.0
Early Blight,1,0,-0.6,22.2,39.8,59.2,111.3,moderate,40.0
Late Blight,1,0,-1.0,22.2,39.8,59.2,111.3,low,28.0
Fusarium Wilt,0,0,0.0,22.2,39.8,59.2,111.3,low,34.0
Bacterial Spot,0,0,0.0,22.2,39.8,59.2,111.3,low,34.0
Early Blight,0,0,0.0,21.2,95.0,41.1,560.1,moderate,62.0
Late Blight,0,0,0.0,21.2,95.0,41.1,560.1,moderate,62.0
Fusarium Wilt,1,0,-1.0,21.2,95.0,41.1,560.1,low,28.0
Bacterial Spot,2,0,-1.6,21.2,95.0,41.1,560.1,low,28.0
Early Blight,0,0,0.0,33.0,39.9,63.2,814.9,low,34.0
Late Blight,1,0,-0.6,33.0,39.9,63.2,814.9,low,28.0
Fusarium Wilt,1,0,-1.0,33.0,39.9,63.2,814.9,low,28.0
Bacterial Spot,1,0,-0.6,33.0,39.9,63.2,814.9,low,28.0
Early Blight,0,0,0.0,19.8,63.0,54.6,396.8,low,34.0
Late Blight,1,0,-0.6,19.8,63.0,54.6,396.8,moderate,40.0
Fusarium Wilt,1,0,-1.0,19.8,63.0,54.6,396.8,low,28.0
Bacterial Spot,1,0,-1.0,19.8,63.0,54.6,396.8,low,16.0
Early Blight,1,0,-0.6,27.0,52.2,50.1,156.6,moderate,40.0
Late Blight,1,0,-1.0,27.0,52.2,50.1,156.6,low,16.0
Fusarium Wilt,0,0,0.0,27.0,52.2,50.1,156.6,moderate,62.0
Bacterial Spot,1,0,-1.0,27.0,52.2,50.1,156.6,low,28.0
Early Blight,1,0,-0.6,30.2,74.3,63.3,969.9,moderate,40.0
Late Blight,0,0,0.0,30.2,74.3,63.3,969.9,low,34.0
Fusarium Wilt,1,0,-1.0,30.2,74.3,63.3,969.9,moderate,44.0
Bacterial Spot,1,0,-0.6,30.2,74.3,63.3,969.9,low,28.0
Early Blight,0,0,0.0,34.5,39.0,41.6,923.5,low,34.0
Late Blight,2,0,-1.6,34.5,39.0,41.6,923.5,low,16.0
Fusarium Wilt,1,0,-1.0,34.5,39.0,41.6,923.5,low,28.0
Bacterial Spot,2,0,-1.6,34.5,39.0,41.6,923.5,low,16.0
Early Blight,1,0,-0.6,25.7,55.0,18.6,1158.3,moderate,40.0
Late Blight,0,0,0.0,25.7,55.0,18.6,1158.3,low,34.0
Fusarium Wilt,2,0,-2.0,25.7,55.0,18.6,1158.3,moderate,44.0
Bacterial Spot,1,0,-1.0,25.7,55.0,18.6,1158.3,low,28.0
Early Blight,1,0,-0.6,26.7,60.1,46.5,209.7,moderate,40.0
Late Blight,2,0,-1.6,26.7,60.1,46.5,209.7,low,16.0
Fusarium Wilt,1,0,-1.0,26.7,60.1,46.5,209.7,moderate,44.0
Bacterial Spot,1,0,-0.6,26.7,60.1,46.5,209.7,moderate,40.0
Early Blight,1,0,-0.6,36.7,31.5,37.2,511.5,low,28.0
Late Blight,1,0,-1.0,36.7,31.5,37.2,511.5,low,16.0
Fusarium Wilt,1,0,-1.0,36.7,31.5,37.2,511.5,low,16.0
Bacterial Spot,2,0,-1.6,36.7,31.5,37.2,511.5,low,16.0
Early Blight,0,0,0.0,19.3,42.6,24.9,718.9,low,34.0
Late Blight,2,0,-1.6,19.3,42.6,24.9,718.9,low,28.0
Fusarium Wilt,1,0,-1.0,19.3,42.6,24.9,718.9,low,28.0
Bacterial Spot,0,0,0.0,19.3,42.6,24.9,718.9,low,34.0
Early Blight,0,0,0.0,30.9,33.2,32.3,327.9,low,34.0
Late Blight,2,0,-1.6,30.9,33.2,32.3,327.9,low,16.0
Fusarium Wilt,0,0,0.0,30.9,33.2,32.3,327.9,moderate,46.0
Bacterial Spot,1,0,-0.6,30.9,33.2,32.3,327.9,low,28.0
Early Blight,1,0,-0.6,33.9,32.9,39.1,239.6,low,28.0
Late Blight,2,0,-1.6,33.9,32.9,39.1,239.6,low,16.0
Fusarium Wilt,0,0,0.0,33.9,32.9,39.1,239.6,moderate,46.0
Bacterial Spot,0,0,0.0,33.9,32.9,39.1,239.6,low,34.0
Early Blight,1,0,-0.6,32.6,54.6,57.9,467.1,low,28.0
Late Blight,2,0,-1.6,32.6,54.6,57.9,467.1,low,16.0
Fusarium Wilt,1,0,-1.0,32.6,54.6,57.9,467.1,moderate,44.0
Bacterial Spot,0,0,0.0,32.6,54.6,57.9,467.1,low,34.0
Early Blight,1,0,-0.6,20.0,91.4,50.3,313.1,moderate,56.0
Late Blight,0,0,0.0,20.0,91.4,50.3,313.1,moderate,62.0
Fusarium Wilt,1,0,-1.0,20.0,91.4,50.3,313.1,low,28.0
Bacterial Spot,1,0,-0.6,20.0,91.4,50.3,313.1,moderate,40.0
Early Blight,0,0,0.0,15.9,35.2,57.6,268.5,low,34.0
Late Blight,2,0,-1.6,15.9,35.2,57.6,268.5,low,28.0
Fusarium Wilt,1,0,-1.0,15.9,35.2,57.6,268.5,low,16.0
Bacterial Spot,1,0,-0.6,15.9,35.2,57.6,268.5,low,28.0
Early Blight,1,0,-0.6,25.6,49.2,45.8,1163.1,moderate,40.0
Late Blight,2,0,-1.6,25.6,49.2,45.8,1163.1,low,16.0
Fusarium Wilt,2,0,-2.0,25.6,49.2,45.8,1163.1,moderate,44.0
Bacterial Spot,1,0,-0.6,25.6,49.2,45.8,1163.1,moderate,40.0
Early Blight,1,0,-0.6,24.8,53.9,78.5,293.1,moderate,40.0
Late Blight,2,0,-1.6,24.8,53.9,78.5,293.1,low,16.0
Fusarium Wilt,1,0,-1.0,24.8,53.9,78.5,293.1,low,28.0
Bacterial Spot,2,0,-1.6,24.8,53.9,78.5,293.1,low,28.0
Early Blight,1,0,-0.6,25.4,52.6,22.0,602.6,moderate,40.0
Late Blight,2,0,-1.6,25.4,52.6,22.0,602.6,low,16.0
Fusarium Wilt,1,0,-1.0,25.4,52.6,22.0,602.6,moderate,44.0
Bacterial Spot,2,0,-1.6,25.4,52.6,22.0,602.6,low,28.0
Early Blight,0,0,0.0,22.2,30.5,81.1,491.9,moderate,46.0
Late Blight,0,0,0.0,22.2,30.5,81.1,491.9,moderate,46.0
Fusarium Wilt,2,0,-2.0,22.2,30.5,81.1,491.9,low,16.0
Bacterial Spot,2,0,-1.6,22.2,30.5,81.1,491.9,low,16.0
Early Blight,0,0,0.0,25.6,35.2,15.7,295.6,moderate,46.0
Late Blight,2,0,-1.6,25.6,35.2,15.7,295.6,low,16.0
Fusarium Wilt,0,0,0.0,25.6,35.2,15.7,295.6,moderate,46.0
Bacterial Spot,0,0,0.0,25.6,35.2,15.7,295.6,moderate,46.0
Early Blight,0,0,0.0,23.4,84.1,55.9,352.6,moderate,62.0
Late Blight,1,0,-1.0,23.4,84.1,55.9,352.6,moderate,44.0
Fusarium Wilt,1,0,-1.0,23.4,84.1,55.9,352.6,low,28.0
Bacterial Spot,0,0,0.0,23.4,84.1,55.9,352.6,low,34.0
Early Blight,1,0,-0.6,37.3,89.2,43.5,620.4,moderate,40.0
Late Blight,2,0,-1.6,37.3,89.2,43.5,620.4,low,28.0
Fusarium Wilt,2,0,-2.0,37.3,89.2,43.5,620.4,low,28.0
Bacterial Spot,1,0,-0.6,37.3,89.2,43.5,620.4,moderate,40.0
Early Blight,0,0,0.0,21.2,56.9,31.2,924.9,moderate,46.0
Late Blight,0,0,0.0,21.2,56.9,31.2,924.9,moderate,46.0
Fusarium Wilt,0,0,0.0,21.2,56.9,31.2,924.9,moderate,46.0
Bacterial Spot,2,0,-1.6,21.2,56.9,31.2,924.9,low,16.0
Early Blight,1,0,-0.6,16.6,82.7,82.5,455.3,moderate,40.0
Late Blight,0,0,0.0,16.6,82.7,82.5,455.3,moderate,62.0
Fusarium Wilt,1,0,-1.0,16.6,82.7,82.5,455.3,low,28.0
Bacterial Spot,2,0,-1.6,16.6,82.7,82.5,455.3,low,16.0
Early Blight,1,0,-0.6,23.4,46.9,88.4,323.4,moderate,40.0
Late Blight,1,0,-1.0,23.4,46.9,88.4,323.4,low,28.0
Fusarium Wilt,2,0,-2.0,23.4,46.9,88.4,323.4,low,28.0
Bacterial Spot,1,0,-1.0,23.4,46.9,88.4,323.4,low,16.0
Early Blight,0,0,0.0,15.1,85.7,82.0,231.5,moderate,46.0
Late Blight,2,0,-1.6,15.1,85.7,82.0,231.5,moderate,44.0
Fusarium Wilt,1,0,-1.0,15.1,85.7,82.0,231.5,low,28.0
Bacterial Spot,1,0,-1.0,15.1,85.7,82.0,231.5,low,28.0
Early Blight,0,0,0.0,15.2,95.7,31.6,167.6,moderate,46.0
Late Blight,1,0,-1.0,15.2,95.7,31.6,167.6,moderate,44.0
Fusarium Wilt,0,0,0.0,15.2,95.7,31.6,167.6,moderate,46.0
Bacterial Spot,0,0,0.0,15.2,95.7,31.6,167.6,moderate,46.0
Early Blight,1,0,-0.6,34.8,92.6,60.2,721.9,moderate,40.0
Late Blight,1,0,-1.0,34.8,92.6,60.2,721.9,low,28.0
Fusarium Wilt,1,0,-1.0,34.8,92.6,60.2,721.9,moderate,44.0
Bacterial Spot,2,0,-1.6,34.8,92.6,60.2,721.9,low,28.0
Early Blight,0,0,0.0,25.2,32.5,58.3,642.9,moderate,46.0
Late Blight,0,0,0.0,25.2,32.5,58.3,642.9,low,34.0
Fusarium Wilt,1,0,-1.0,25.2,32.5,58.3,642.9,low,28.0
Bacterial Spot,2,0,-1.6,25.2,32.5,58.3,642.9,low,28.0
Early Blight,1,0,-0.6,23.0,54.7,76.0,192.4,moderate,40.0
Late Blight,1,0,-0.6,23.0,54.7,76.0,192.4,moderate,40.0
Fusarium Wilt,1,0,-1.0,23.0,54.7,76.0,192.4,low,28.0
Bacterial Spot,0,0,0.0,23.0,54.7,76.0,192.4,low,34.0
Early Blight,0,0,0.0,23.6,73.8,12.2,762.4,moderate,62.0
Late Blight,1,0,-0.6,23.6,73.8,12.2,762.4,moderate,40.0
Fusarium Wilt,1,0,-1.0,23.6,73.8,12.2,762.4,low,28.0
Bacterial Spot,0,0,0.0,23.6,73.8,12.2,762.4,low,34.0
Early Blight,1,0,-0.6,35.0,86.3,88.3,467.5,moderate,40.0
Late Blight,1,0,-0.6,35.0,86.3,88.3,467.5,moderate,40.0
Fusarium Wilt,0,0,0.0,35.0,86.3,88.3,467.5,moderate,62.0
Bacterial Spot,0,0,0.0,35.0,86.3,88.3,467.5,moderate,46.0
Early Blight,0,0,0.0,15.2,47.7,24.4,113.6,low,34.0
Late Blight,1,0,-0.6,15.2,47.7,24.4,113.6,moderate,40.0
Fusarium Wilt,0,0,0.0,15.2,47.7,24.4,113.6,moderate,46.0
Bacterial Spot,1,0,-1.0,15.2,47.7,24.4,113.6,low,16.0
Early Blight,0,0,0.0,33.8,57.9,70.8,1176.0,low,34.0
Late Blight,0,0,0.0,33.8,57.9,70.8,1176.0,low,34.0
Fusarium Wilt,1,0,-1.0,33.8,57.9,70.8,1176.0,moderate,44.0
Bacterial Spot,0,0,0.0,33.8,57.9,70.8,1176.0,low,34.0
Early Blight,0,0,0.0,34.9,80.3,12.1,767.0,moderate,46.0
Late Blight,1,0,-1.0,34.9,80.3,12.1,767.0,low,28.0
Fusarium Wilt,1,0,-1.0,34.9,80.3,12.1,767.0,moderate,44.0
Bacterial Spot,1,0,-1.0,34.9,80.3,12.1,767.0,low,16.0
Early Blight,1,0,-0.6,33.7,34.6,47.4,153.9,low,28.0
Late Blight,1,0,-1.0,33.7,34.6,47.4,153.9,low,16.0
Fusarium Wilt,0,0,0.0,33.7,34.6,47.4,153.9,moderate,46.0
Bacterial Spot,1,0,-1.0,33.7,34.6,47.4,153.9,low,16.0
Early Blight,0,0,0.0,30.4,76.9,46.9,1005.6,moderate,46.0
Late Blight,1,0,-0.6,30.4,76.9,46.9,1005.6,moderate,40.0
Fusarium Wilt,1,0,-1.0,30.4,76.9,46.9,1005.6,moderate,44.0
Bacterial Spot,0,0,0.0,30.4,76.9,46.9,1005.6,low,34.0
Early Blight,0,0,0.0,35.3,36.8,55.1,569.5,low,34.0
Late Blight,0,0,0.0,35.3,36.8,55.1,569.5,low,34.0
Fusarium Wilt,2,0,-2.0,35.3,36.8,55.1,569.5,low,16.0
Bacterial Spot,2,0,-1.6,35.3,36.8,55.1,569.5,low,16.0
Early Blight,0,0,0.0,22.3,70.4,41.2,978.0,moderate,62.0
Late Blight,0,0,0.0,22.3,70.4,41.2,978.0,moderate,46.0
Fusarium Wilt,2,0,-2.0,22.3,70.4,41.2,978.0,low,28.0
Bacterial Spot,0,0,0.0,22.3,70.4,41.2,978.0,low,34.0
Early Blight,0,0,0.0,37.3,55.1,29.2,1120.2,low,34.0
Late Blight,0,0,0.0,37.3,55.1,29.2,1120.2,low,34.0
Fusarium Wilt,0,0,0.0,37.3,55.1,29.2,1120.2,moderate,46.0
Bacterial Spot,0,0,0.0,37.3,55.1,29.2,1120.2,low,34.0
Early Blight,0,0,0.0,23.1,33.3,38.6,566.9,moderate,46.0
Late Blight,0,0,0.0,23.1,33.3,38.6,566.9,moderate,46.0
Fusarium Wilt,2,0,-2.0,23.1,33.3,38.6,566.9,low,16.0
Bacterial Spot,2,0,-1.6,23.1,33.3,38.6,566.9,low,16.0
Early Blight,1,0,-0.6,18.0,37.7,68.2,388.4,low,28.0
Late Blight,1,0,-0.6,18.0,37.7,68.2,388.4,moderate,40.0
Fusarium Wilt,1,0,-1.0,18.0,37.7,68.2,388.4,low,16.0
Bacterial Spot,0,0,0.0,18.0,37.7,68.2,388.4,low,34.0
Early Blight,0,0,0.0,30.3,94.3,62.4,437.6,moderate,46.0
Late Blight,1,0,-1.0,30.3,94.3,62.4,437.6,low,28.0
Fusarium Wilt,0,0,0.0,30.3,94.3,62.4,437.6,moderate,62.0
Bacterial Spot,2,0,-1.6,30.3,94.3,62.4,437.6,low,28.0
Early Blight,0,0,0.0,15.8,35.5,26.0,866.7,low,34.0
Late Blight,1,0,-1.0,15.8,35.5,26.0,866.7,low,28.0
Fusarium Wilt,1,0,-1.0,15.8,35.5,26.0,866.7,low,16.0
Bacterial Spot,2,0,-1.6,15.8,35.5,26.0,866.7,low,16.0
Early Blight,0,0,0.0,24.7,69.8,25.1,506.5,moderate,46.0
Late Blight,2,0,-1.6,24.7,69.8,25.1,506.5,low,16.0
Fusarium Wilt,1,0,-1.0,24.7,69.8,25.1,506.5,low,28.0
Bacterial Spot,2,0,-1.6,24.7,69.8,25.1,506.5,low,28.0
Early Blight,1,0,-0.6,24.0,39.0,73.8,896.1,moderate,40.0
Late Blight,2,0,-1.6,24.0,39.0,73.8,896.1,low,28.0
Fusarium Wilt,2,0,-2.0,24.0,39.0,73.8,896.1,low,16.0
Bacterial Spot,2,0,-1.6,24.0,39.0,73.8,896.1,low,28.0
Early Blight,0,0,0.0,30.5,82.7,86.5,378.9,moderate,46.0
Late Blight,1,0,-1.0,30.5,82.7,86.5,378.9,low,28.0
Fusarium Wilt,1,0,-1.0,30.5,82.7,86.5,378.9,moderate,44.0
Bacterial Spot,1,0,-0.6,30.5,82.7,86.5,378.9,low,28.0
Early Blight,1,0,-0.6,23.5,60.7,55.6,281.7,moderate,40.0
Late Blight,1,0,-0.6,23.5,60.7,55.6,281.7,moderate,40.0
Fusarium Wilt,0,0,0.0,23.5,60.7,55.6,281.7,moderate,46.0
Bacterial Spot,1,0,-1.0,23.5,60.7,55.6,281.7,low,16.0
Early Blight,0,0,0.0,33.2,68.6,32.2,893.3,low,34.0
Late Blight,1,0,-1.0,33.2,68.6,32.2,893.3,low,16.0
Fusarium Wilt,1,0,-1.0,33.2,68.6,32.2,893.3,moderate,44.0
Bacterial Spot,0,0,0.0,33.2,68.6,32.2,893.3,low,34.0
Early Blight,1,0,-0.6,26.4,62.8,77.6,186.8,moderate,40.0
Late Blight,2,0,-1.6,26.4,62.8,77.6,186.8,low,16.0
Fusarium Wilt,2,0,-2.0,26.4,62.8,77.6,186.8,moderate,44.0
Bacterial Spot,2,0,-1.6,26.4,62.8,77.6,186.8,low,28.0
Early Blight,1,0,-0.6,26.6,77.3,15.5,463.5,moderate,56.0
Late Blight,1,0,-0.6,26.6,77.3,15.5,463.5,moderate,40.0
Fusarium Wilt,1,0,-1.0,26.6,77.3,15.5,463.5,moderate,44.0
Bacterial Spot,0,0,0.0,26.6,77.3,15.5,463.5,moderate,46.0
Early Blight,1,0,-0.6,31.9,42.8,57.3,1040.1,low,28.0
Late Blight,2,0,-1.6,31.9,42.8,57.3,1040.1,low,16.0
Fusarium Wilt,1,0,-1.0,31.9,42.8,57.3,1040.1,moderate,44.0
Bacterial Spot,2,0,-1.6,31.9,42.8,57.3,1040.1,low,16.0
Early Blight,0,0,0.0,27.3,90.5,73.3,1174.1,moderate,62.0
Late Blight,1,0,-0.6,27.3,90.5,73.3,1174.1,moderate,40.0
Fusarium Wilt,1,0,-1.0,27.3,90.5,73.3,1174.1,moderate,44.0
Bacterial Spot,1,0,-1.0,27.3,90.5,73.3,1174.1,moderate,44.0
Early Blight,0,0,0.0,29.8,48.5,74.1,166.5,moderate,46.0
Late Blight,2,0,-1.6,29.8,48.5,74.1,166.5,low,16.0
Fusarium Wilt,1,0,-1.0,29.8,48.5,74.1,166.5,moderate,44.0
Bacterial Spot,1,0,-1.0,29.8,48.5,74.1,166.5,low,28.0
Early Blight,1,0,-0.6,23.0,87.2,22.0,1112.9,moderate,56.0
Late Blight,0,0,0.0,23.0,87.2,22.0,1112.9,moderate,62.0
Fusarium Wilt,0,0,0.0,23.0,87.2,22.0,1112.9,moderate,46.0
Bacterial Spot,0,0,0.0,23.0,87.2,22.0,1112.9,moderate,46.0
Early Blight,0,0,0.0,36.6,73.6,27.1,271.2,moderate,46.0
Late Blight,1,0,-0.6,36.6,73.6,27.1,271.2,low,28.0
Fusarium Wilt,1,0,-1.0,36.6,73.6,27.1,271.2,low,28.0
Bacterial Spot,2,0,-1.6,36.6,73.6,27.1,271.2,low,16.0
Early Blight,1,0,-0.6,26.6,73.1,18.1,457.4,moderate,56.0
Late Blight,1,0,-0.6,26.6,73.1,18.1,457.4,low,28.0
Fusarium Wilt,2,0,-2.0,26.6,73.1,18.1,457.4,moderate,44.0
Bacterial Spot,1,0,-1.0,26.6,73.1,18.1,457.4,low,28.0
Early Blight,1,0,-0.6,24.5,87.2,80.3,277.5,moderate,56.0
Late Blight,1,0,-0.6,24.5,87.2,80.3,277.5,moderate,40.0
Fusarium Wilt,2,0,-2.0,24.5,87.2,80.3,277.5,low,28.0
Bacterial Spot,1,0,-1.0,24.5,87.2,80.3,277.5,moderate,44.0
Early Blight,1,0,-0.6,37.1,86.5,37.3,375.7,moderate,40.0
Late Blight,1,0,-0.6,37.1,86.5,37.3,375.7,moderate,40.0
Fusarium Wilt,0,0,0.0,37.1,86.5,37.3,375.7,moderate,46.0
Bacterial Spot,1,0,-1.0,37.1,86.5,37.3,375.7,low,28.0
Early Blight,1,0,-0.6,16.9,60.2,63.3,352.0,low,28.0
Late Blight,0,0,0.0,16.9,60.2,63.3,352.0,moderate,46.0
Fusarium Wilt,0,0,0.0,16.9,60.2,63.3,352.0,moderate,46.0
Bacterial Spot,1,0,-0.6,16.9,60.2,63.3,352.0,low,28.0
Early Blight,0,0,0.0,30.8,79.0,14.1,155.8,moderate,46.0
Late Blight,0,0,0.0,30.8,79.0,14.1,155.8,moderate,46.0
Fusarium Wilt,1,0,-1.0,30.8,79.0,14.1,155.8,moderate,44.0
Bacterial Spot,0,0,0.0,30.8,79.0,14.1,155.8,low,34.0
Early Blight,0,0,0.0,17.5,42.9,20.7,385.7,low,34.0
Late Blight,2,0,-1.6,17.5,42.9,20.7,385.7,low,28.0
Fusarium Wilt,1,0,-1.0,17.5,42.9,20.7,385.7,low,28.0
Bacterial Spot,1,0,-0.6,17.5,42.9,20.7,385.7,low,28.0
Early Blight,1,0,-0.6,24.2,56.0,13.3,768.1,moderate,40.0
Late Blight,1,0,-0.6,24.2,56.0,13.3,768.1,low,28.0
Fusarium Wilt,0,0,0.0,24.2,56.0,13.3,768.1,moderate,46.0
Bacterial Spot,2,0,-1.6,24.2,56.0,13.3,768.1,low,28.0
Early Blight,1,0,-0.6,30.5,59.6,38.8,984.0,low,28.0
Late Blight,1,0,-1.0,30.5,59.6,38.8,984.0,low,16.0
Fusarium Wilt,1,0,-1.0,30.5,59.6,38.8,984.0,moderate,44.0
Bacterial Spot,0,0,0.0,30.5,59.6,38.8,984.0,low,34.0
Early Blight,0,0,0.0,35.2,67.5,45.1,773.9,low,34.0
Late Blight,0,0,0.0,35.2,67.5,45.1,773.9,low,34.0
Fusarium Wilt,0,0,0.0,35.2,67.5,45.1,773.9,moderate,46.0
Bacterial Spot,1,0,-1.0,35.2,67.5,45.1,773.9,low,16.0
Early Blight,0,0,0.0,28.6,41.6,75.2,1049.1,moderate,46.0
Late Blight,2,0,-1.6,28.6,41.6,75.2,1049.1,low,16.0
Fusarium Wilt,0,0,0.0,28.6,41.6,75.2,1049.1,moderate,62.0
Bacterial Spot,2,0,-1.6,28.6,41.6,75.2,1049.1,low,28.0
Early Blight,0,0,0.0,17.5,30.5,16.7,997.1,low,34.0
Late Blight,1,0,-0.6,17.5,30.5,16.7,997.1,moderate,40.0
Fusarium Wilt,1,0,-1.0,17.5,30.5,16.7,997.1,low,16.0
Bacterial Spot,1,0,-1.0,17.5,30.5,16.7,997.1,low,16.0
Early Blight,0,0,0.0,24.5,40.5,82.5,1011.7,moderate,46.0
Late Blight,2,0,-1.6,24.5,40.5,82.5,1011.7,low,16.0
Fusarium Wilt,1,0,-1.0,24.5,40.5,82.5,1011.7,low,28.0
Bacterial Spot,0,0,0.0,24.5,40.5,82.5,1011.7,moderate,46.0
Early Blight,0,0,0.0,22.0,50.9,59.5,653.5,moderate,46.0
Late Blight,2,0,-1.6,22.0,50.9,59.5,653.5,low,28.0
Fusarium Wilt,2,0,-2.0,22.0,50.9,59.5,653.5,low,28.0
Bacterial Spot,1,0,-0.6,22.0,50.9,59.5,653.5,low,28.0
Early Blight,0,0,0.0,36.6,70.8,29.8,524.1,moderate,46.0
Late Blight,1,0,-1.0,36.6,70.8,29.8,524.1,low,16.0
Fusarium Wilt,2,0,-2.0,36.6,70.8,29.8,524.1,low,28.0
Bacterial Spot,0,0,0.0,36.6,70.8,29.8,524.1,low,34.0
Early Blight,1,0,-0.6,28.3,97.7,87.3,310.5,moderate,56.0
Late Blight,1,0,-1.0,28.3,97.7,87.3,310.5,low,28.0
Fusarium Wilt,1,0,-1.0,28.3,97.7,87.3,310.5,moderate,44.0
Bacterial Spot,2,0,-1.6,28.3,97.7,87.3,310.5,moderate,44.0
Early Blight,0,0,0.0,18.2,37.0,42.2,1065.6,low,34.0
Late Blight,1,0,-0.6,18.2,37.0,42.2,1065.6,moderate,40.0
Fusarium Wilt,2,0,-2.0,18.2,37.0,42.2,1065.6,low,16.0
Bacterial Spot,1,0,-0.6,18.2,37.0,42.2,1065.6,low,28.0
Early Blight,1,0,-0.6,17.9,89.9,80.1,1113.2,moderate,40.0
Late Blight,1,0,-0.6,17.9,89.9,80.1,1113.2,moderate,56.0
Fusarium Wilt,2,0,-2.0,17.9,89.9,80.1,1113.2,low,28.0
Bacterial Spot,1,0,-0.6,17.9,89.9,80.1,1113.2,moderate,40.0
Early Blight,1,0,-0.6,18.2,46.8,76.8,933.3,low,28.0
Late Blight,2,0,-1.6,18.2,46.8,76.8,933.3,low,28.0
Fusarium Wilt,0,0,0.0,18.2,46.8,76.8,933.3,moderate,46.0
Bacterial Spot,2,0,-1.6,18.2,46.8,76.8,933.3,low,16.0
Early Blight,0,0,0.0,32.8,72.1,68.5,817.0,moderate,46.0
Late Blight,0,0,0.0,32.8,72.1,68.5,817.0,low,34.0
Fusarium Wilt,0,0,0.0,32.8,72.1,68.5,817.0,moderate,62.0
Bacterial Spot,1,0,-0.6,32.8,72.1,68.5,817.0,low,28.0
Early Blight,0,0,0.0,24.1,61.9,14.1,693.0,moderate,46.0
Late Blight,1,0,-0.6,24.1,61.9,14.1,693.0,low,28.0
Fusarium Wilt,2,0,-2.0,24.1,61.9,14.1,693.0,low,28.0
Bacterial Spot,1,0,-0.6,24.1,61.9,14.1,693.0,moderate,40.0
Early Blight,0,0,0.0,21.7,76.8,11.6,1015.8,moderate,62.0
Late Blight,1,0,-0.6,21.7,76.8,11.6,1015.8,moderate,56.0
Fusarium Wilt,1,0,-1.0,21.7,76.8,11.6,1015.8,low,28.0
Bacterial Spot,0,0,0.0,21.7,76.8,11.6,1015.8,low,34.0
Early Blight,1,0,-0.6,31.4,63.5,83.4,412.0,low,28.0
Late Blight,1,0,-0.6,31.4,63.5,83.4,412.0,low,28.0
Fusarium Wilt,2,0,-2.0,31.4,63.5,83.4,412.0,moderate,44.0
Bacterial Spot,1,0,-0.6,31.4,63.5,83.4,412.0,low,28.0
Early Blight,1,0,-0.6,33.6,97.2,57.4,328.1,moderate,40.0
Late Blight,1,0,-0.6,33.6,97.2,57.4,328.1,moderate,40.0
Fusarium Wilt,0,0,0.0,33.6,97.2,57.4,328.1,moderate,62.0
Bacterial Spot,0,0,0.0,33.6,97.2,57.4,328.1,moderate,46.0
Early Blight,0,0,0.0,22.3,42.6,54.4,213.7,moderate,46.0
Late Blight,0,0,0.0,22.3,42.6,54.4,213.7,moderate,46.0
Fusarium Wilt,2,0,-2.0,22.3,42.6,54.4,213.7,low,28.0
Bacterial Spot,1,0,-1.0,22.3,42.6,54.4,213.7,low,16.0
Early Blight,1,0,-0.6,18.8,86.7,53.9,569.1,moderate,40.0
Late Blight,0,0,0.0,18.8,86.7,53.9,569.1,moderate,62.0
Fusarium Wilt,2,0,-2.0,18.8,86.7,53.9,569.1,low,28.0
Bacterial Spot,1,0,-0.6,18.8,86.7,53.9,569.1,moderate,40.0
Early Blight,0,0,0.0,36.0,82.6,28.5,673.2,moderate,46.0
Late Blight,1,0,-0.6,36.0,82.6,28.5,673.2,moderate,40.0
Fusarium Wilt,2,0,-2.0,36.0,82.6,28.5,673.2,low,28.0
Bacterial Spot,1,0,-0.6,36.0,82.6,28.5,673.2,low,28.0
Early Blight,0,0,0.0,16.9,43.0,30.0,877.8,low,34.0
Late Blight,1,0,-1.0,16.9,43.0,30.0,877.8,low,28.0
Fusarium Wilt,0,0,0.0,16.9,43.0,30.0,877.8,moderate,46.0
Bacterial Spot,2,0,-1.6,16.9,43.0,30.0,877.8,low,16.0
Early Blight,0,0,0.0,15.1,68.0,83.5,1092.6,low,34.0
Late Blight,0,0,0.0,15.1,68.0,83.5,1092.6,moderate,46.0
Fusarium Wilt,1,0,-1.0,15.1,68.0,83.5,1092.6,low,28.0
Bacterial Spot,1,0,-0.6,15.1,68.0,83.5,1092.6,low,28.0
Early Blight,1,0,-0.6,26.6,77.9,43.2,945.6,moderate,56.0
Late Blight,0,0,0.0,26.6,77.9,43.2,945.6,moderate,46.0
Fusarium Wilt,1,0,-1.0,26.6,77.9,43.2,945.6,moderate,44.0
Bacterial Spot,0,0,0.0,26.6,77.9,43.2,945.6,moderate,46.0
Early Blight,0,0,0.0,27.7,80.3,32.2,288.4,moderate,62.0
Late Blight,1,0,-0.6,27.7,80.3,32.2,288.4,moderate,40.0
Fusarium Wilt,1,0,-1.0,27.7,80.3,32.2,288.4,moderate,44.0
Bacterial Spot,2,0,-1.6,27.7,80.3,32.2,288.4,low,28.0
Early Blight,1,0,-0.6,22.5,34.6,33.5,740.0,moderate,40.0
Late Blight,1,0,-0.6,22.5,34.6,33.5,740.0,moderate,40.0
Fusarium Wilt,0,0,0.0,22.5,34.6,33.5,740.0,low,34.0
Bacterial Spot,1,0,-1.0,22.5,34.6,33.5,740.0,low,16.0
Early Blight,0,0,0.0,26.5,53.3,63.8,1175.1,moderate,46.0
Late Blight,2,0,-1.6,26.5,53.3,63.8,1175.1,low,16.0
Fusarium Wilt,1,0,-1.0,26.5,53.3,63.8,1175.1,moderate,44.0
Bacterial Spot,1,0,-0.6,26.5,53.3,63.8,1175.1,moderate,40.0
Early Blight,0,0,0.0,15.7,34.4,29.0,1071.2,low,34.0
Late Blight,2,0,-1.6,15.7,34.4,29.0,1071.2,low,28.0
Fusarium Wilt,1,0,-1.0,15.7,34.4,29.0,1071.2,low,16.0
Bacterial Spot,0,0,0.0,15.7,34.4,29.0,1071.2,low,34.0
Early Blight,0,0,0.0,25.7,95.3,13.2,880.3,moderate,62.0
Late Blight,1,0,-0.6,25.7,95.3,13.2,880.3,moderate,40.0
Fusarium Wilt,0,0,0.0,25.7,95.3,13.2,880.3,moderate,62.0
Bacterial Spot,2,0,-1.6,25.7,95.3,13.2,880.3,moderate,44.0
Early Blight,0,0,0.0,16.5,83.9,52.1,784.3,moderate,46.0
Late Blight,1,0,-0.6,16.5,83.9,52.1,784.3,moderate,56.0
Fusarium Wilt,0,0,0.0,16.5,83.9,52.1,784.3,moderate,46.0
Bacterial Spot,0,0,0.0,16.5,83.9,52.1,784.3,low,34.0
Early Blight,1,0,-0.6,22.4,39.5,75.7,177.7,moderate,40.0
Late Blight,0,0,0.0,22.4,39.5,75.7,177.7,moderate,46.0
Fusarium Wilt,1,0,-1.0,22.4,39.5,75.7,177.7,low,16.0
Bacterial Spot,1,0,-1.0,22.4,39.5,75.7,177.7,low,16.0
Early Blight,0,0,0.0,16.6,50.8,77.3,326.4,low,34.0
Late Blight,2,0,-1.6,16.6,50.8,77.3,326.4,low,28.0
Fusarium Wilt,1,0,-1.0,16.6,50.8,77.3,326.4,low,28.0
Bacterial Spot,1,0,-0.6,16.6,50.8,77.3,326.4,low,28.0
Early Blight,1,0,-0.6,24.9,82.1,72.5,739.6,moderate,56.0
Late Blight,1,0,-0.6,24.9,82.1,72.5,739.6,moderate,40.0
Fusarium Wilt,0,0,0.0,24.9,82.1,72.5,739.6,moderate,46.0
Bacterial Spot,1,0,-0.6,24.9,82.1,72.5,739.6,moderate,40.0
Early Blight,0,0,0.0,31.2,50.3,86.1,886.8,low,34.0
Late Blight,1,0,-0.6,31.2,50.3,86.1,886.8,low,28.0
Fusarium Wilt,1,0,-1.0,31.2,50.3,86.1,886.8,moderate,44.0
Bacterial Spot,1,0,-0.6,31.2,50.3,86.1,886.8,low,28.0
Early Blight,1,0,-0.6,17.0,33.1,51.4,1169.8,low,28.0
Late Blight,1,0,-0.6,17.0,33.1,51.4,1169.8,moderate,40.0
Fusarium Wilt,1,0,-1.0,17.0,33.1,51.4,1169.8,low,16.0
Bacterial Spot,1,0,-1.0,17.0,33.1,51.4,1169.8,low,16.0
Early Blight,1,0,-0.6,21.5,71.2,48.3,1106.2,moderate,56.0
Late Blight,0,0,0.0,21.5,71.2,48.3,1106.2,moderate,46.0
Fusarium Wilt,1,0,-1.0,21.5,71.2,48.3,1106.2,low,28.0
Bacterial Spot,1,0,-0.6,21.5,71.2,48.3,1106.2,low,28.0
Early Blight,1,0,-0.6,31.7,50.9,20.4,147.7,low,28.0
Late Blight,0,0,0.0,31.7,50.9,20.4,147.7,low,34.0
Fusarium Wilt,2,0,-2.0,31.7,50.9,20.4,147.7,moderate,44.0
Bacterial Spot,1,0,-1.0,31.7,50.9,20.4,147.7,low,16.0
Early Blight,0,0,0.0,17.5,38.3,36.9,467.4,low,34.0
Late Blight,1,0,-0.6,17.5,38.3,36.9,467.4,moderate,40.0
Fusarium Wilt,0,0,0.0,17.5,38.3,36.9,467.4,low,34.0
Bacterial Spot,0,0,0.0,17.5,38.3,36.9,467.4,low,34.0
Early Blight,0,0,0.0,17.9,45.8,86.8,565.6,low,34.0
Late Blight,1,0,-0.6,17.9,45.8,86.8,565.6,moderate,40.0
Fusarium Wilt,2,0,-2.0,17.9,45.8,86.8,565.6,low,28.0
Bacterial Spot,0,0,0.0,17.9,45.8,86.8,565.6,low,34.0
Early Blight,0,0,0.0,33.4,70.8,70.7,1135.0,moderate,46.0
Late Blight,0,0,0.0,33.4,70.8,70.7,1135.0,low,34.0
Fusarium Wilt,1,0,-1.0,33.4,70.8,70.7,1135.0,moderate,44.0
Bacterial Spot,2,0,-1.6,33.4,70.8,70.7,1135.0,low,16.0
Early Blight,1,0,-0.6,23.5,34.3,50.0,611.2,moderate,40.0
Late Blight,0,0,0.0,23.5,34.3,50.0,611.2,moderate,46.0
Fusarium Wilt,1,0,-1.0,23.5,34.3,50.0,611.2,low,16.0
Bacterial Spot,2,0,-1.6,23.5,34.3,50.0,611.2,low,16.0
Early Blight,1,0,-0.6,29.6,40.9,32.2,624.2,moderate,40.0
Late Blight,1,0,-1.0,29.6,40.9,32.2,624.2,low,16.0
Fusarium Wilt,1,0,-1.0,29.6,40.9,32.2,624.2,moderate,44.0
Bacterial Spot,1,0,-1.0,29.6,40.9,32.2,624.2,low,28.0
Early Blight,1,0,-0.6,34.1,73.9,73.2,1011.1,moderate,40.0
Late Blight,1,0,-1.0,34.1,73.9,73.2,1011.1,low,16.0
Fusarium Wilt,1,0,-1.0,34.1,73.9,73.2,1011.1,moderate,44.0
Bacterial Spot,0,0,0.0,34.1,73.9,73.2,1011.1,low,34.0
Early Blight,0,0,0.0,32.9,79.5,13.2,789.0,moderate,46.0
Late Blight,2,0,-1.6,32.9,79.5,13.2,789.0,low,28.0
Fusarium Wilt,2,0,-2.0,32.9,79.5,13.2,789.0,moderate,44.0
Bacterial Spot,1,0,-1.0,32.9,79.5,13.2,789.0,low,16.0
Early Blight,0,0,0.0,32.6,66.7,36.0,827.8,low,34.0
Late Blight,1,0,-1.0,32.6,66.7,36.0,827.8,low,16.0
Fusarium Wilt,0,0,0.0,32.6,66.7,36.0,827.8,moderate,62.0
Bacterial Spot,0,0,0.0,32.6,66.7,36.0,827.8,low,34.0
Early Blight,1,0,-0.6,25.3,75.9,35.3,134.2,moderate,56.0
Late Blight,0,0,0.0,25.3,75.9,35.3,134.2,moderate,46.0
Fusarium Wilt,1,0,-1.0,25.3,75.9,35.3,134.2,moderate,44.0
Bacterial Spot,0,0,0.0,25.3,75.9,35.3,134.2,moderate,46.0
Early Blight,0,0,0.0,37.2,35.1,38.4,604.5,low,34.0
Late Blight,1,0,-1.0,37.2,35.1,38.4,604.5,low,16.0
Fusarium Wilt,1,0,-1.0,37.2,35.1,38.4,604.5,low,16.0
Bacterial Spot,2,0,-1.6,37.2,35.1,38.4,604.5,low,16.0
Early Blight,1,0,-0.6,20.0,51.7,32.6,935.3,moderate,40.0
Late Blight,0,0,0.0,20.0,51.7,32.6,935.3,moderate,46.0
Fusarium Wilt,0,0,0.0,20.0,51.7,32.6,935.3,moderate,46.0
Bacterial Spot,1,0,-1.0,20.0,51.7,32.6,935.3,low,16.0
Early Blight,0,0,0.0,26.6,65.7,87.8,746.6,moderate,46.0
Late Blight,0,0,0.0,26.6,65.7,87.8,746.6,low,34.0
Fusarium Wilt,1,0,-1.0,26.6,65.7,87.8,746.6,moderate,44.0
Bacterial Spot,1,0,-1.0,26.6,65.7,87.8,746.6,low,28.0
Early Blight,0,0,0.0,32.0,61.0,21.2,832.7,low,34.0
Late Blight,1,0,-1.0,32.0,61.0,21.2,832.7,low,16.0
Fusarium Wilt,1,0,-1.0,32.0,61.0,21.2,832.7,moderate,44.0
Bacterial Spot,2,0,-1.6,32.0,61.0,21.2,832.7,low,16.0
Early Blight,1,0,-0.6,19.0,57.4,65.0,503.8,low,28.0
Late Blight,0,0,0.0,19.0,57.4,65.0,503.8,moderate,46.0
Fusarium Wilt,1,0,-1.0,19.0,57.4,65.0,503.8,low,28.0
Bacterial Spot,1,0,-1.0,19.0,57.4,65.0,503.8,low,16.0
Early Blight,1,0,-0.6,22.1,59.1,48.7,674.0,moderate,40.0
Late Blight,1,0,-1.0,22.1,59.1,48.7,674.0,low,28.0
Fusarium Wilt,2,0,-2.0,22.1,59.1,48.7,674.0,low,28.0
Bacterial Spot,0,0,0.0,22.1,59.1,48.7,674.0,low,34.0
Early Blight,1,0,-0.6,16.4,47.6,53.9,617.0,low,28.0
Late Blight,2,0,-1.6,16.4,47.6,53.9,617.0,low,28.0
Fusarium Wilt,1,0,-1.0,16.4,47.6,53.9,617.0,low,28.0
Bacterial Spot,2,0,-1.6,16.4,47.6,53.9,617.0,low,16.0
Early Blight,0,0,0.0,25.7,33.2,32.8,423.1,moderate,46.0
Late Blight,2,0,-1.6,25.7,33.2,32.8,423.1,low,16.0
Fusarium Wilt,2,0,-2.0,25.7,33.2,32.8,423.1,low,28.0
Bacterial Spot,1,0,-1.0,25.7,33.2,32.8,423.1,low,28.0
Early Blight,0,0,0.0,37.8,89.5,62.6,382.0,moderate,46.0
Late Blight,0,0,0.0,37.8,89.5,62.6,382.0,moderate,46.0
Fusarium Wilt,1,0,-1.0,37.8,89.5,62.6,382.0,low,28.0
Bacterial Spot,1,0,-0.6,37.8,89.5,62.6,382.0,moderate,40.0
Early Blight,0,0,0.0,37.6,84.6,45.4,754.3,moderate,46.0
Late Blight,0,0,0.0,37.6,84.6,45.4,754.3,moderate,46.0
Fusarium Wilt,1,0,-1.0,37.6,84.6,45.4,754.3,low,28.0
Bacterial Spot,2,0,-1.6,37.6,84.6,45.4,754.3,low,16.0
Early Blight,1,0,-0.6,21.5,65.9,18.4,1128.4,moderate,40.0
Late Blight,2,0,-1.6,21.5,65.9,18.4,1128.4,low,28.0
Fusarium Wilt,1,0,-1.0,21.5,65.9,18.4,1128.4,low,28.0
Bacterial Spot,1,0,-1.0,21.5,65.9,18.4,1128.4,low,16.0
Early Blight,0,0,0.0,36.2,76.9,75.2,206.6,moderate,46.0
Late Blight,2,0,-1.6,36.2,76.9,75.2,206.6,low,28.0
Fusarium Wilt,1,0,-1.0,36.2,76.9,75.2,206.6,low,28.0
Bacterial Spot,2,0,-1.6,36.2,76.9,75.2,206.6,low,16.0
Early Blight,1,0,-0.6,20.6,81.6,31.7,901.7,moderate,56.0
Late Blight,0,0,0.0,20.6,81.6,31.7,901.7,moderate,62.0
Fusarium Wilt,2,0,-2.0,20.6,81.6,31.7,901.7,low,28.0
Bacterial Spot,0,0,0.0,20.6,81.6,31.7,901.7,low,34.0
Early Blight,0,0,0.0,30.8,44.3,21.0,200.6,low,34.0
Late Blight,2,0,-1.6,30.8,44.3,21.0,200.6,low,16.0
Fusarium Wilt,1,0,-1.0,30.8,44.3,21.0,200.6,moderate,44.0
Bacterial Spot,1,0,-0.6,30.8,44.3,21.0,200.6,low,28.0
Early Blight,1,0,-0.6,34.2,91.3,61.2,130.5,moderate,40.0
Late Blight,1,0,-1.0,34.2,91.3,61.2,130.5,low,28.0
Fusarium Wilt,1,0,-1.0,34.2,91.3,61.2,130.5,moderate,44.0
Bacterial Spot,1,0,-0.6,34.2,91.3,61.2,130.5,moderate,40.0
Early Blight,0,0,0.0,18.0,35.1,64.0,391.3,low,34.0
Late Blight,1,0,-1.0,18.0,35.1,64.0,391.3,low,28.0
Fusarium Wilt,0,0,0.0,18.0,35.1,64.0,391.3,low,34.0
Bacterial Spot,1,0,-0.6,18.0,35.1,64.0,391.3,low,28.0
Early Blight,1,0,-0.6,19.6,48.1,20.9,952.5,low,28.0
Late Blight,1,0,-0.6,19.6,48.1,20.9,952.5,moderate,40.0
Fusarium Wilt,0,0,0.0,19.6,48.1,20.9,952.5,moderate,46.0
Bacterial Spot,0,0,0.0,19.6,48.1,20.9,952.5,low,34.0
Early Blight,0,0,0.0,22.2,79.9,43.0,872.0,moderate,62.0
Late Blight,1,0,-0.6,22.2,79.9,43.0,872.0,moderate,56.0
Fusarium Wilt,1,0,-1.0,22.2,79.9,43.0,872.0,low,28.0
Bacterial Spot,1,0,-0.6,22.2,79.9,43.0,872.0,low,28.0
Early Blight,1,0,-0.6,37.3,57.3,20.2,805.3,low,28.0
Late Blight,1,0,-0.6,37.3,57.3,20.2,805.3,low,28.0
Fusarium Wilt,0,0,0.0,37.3,57.3,20.2,805.3,moderate,46.0
Bacterial Spot,0,0,0.0,37.3,57.3,20.2,805.3,low,34.0
Early Blight,0,0,0.0,19.2,43.0,25.6,710.7,low,34.0
Late Blight,0,0,0.0,19.2,43.0,25.6,710.7,moderate,46.0
Fusarium Wilt,0,0,0.0,19.2,43.0,25.6,710.7,moderate,46.0
Bacterial Spot,0,0,0.0,19.2,43.0,25.6,710.7,low,34.0
Early Blight,0,0,0.0,35.1,41.7,51.4,469.7,low,34.0
Late Blight,2,0,-1.6,35.1,41.7,51.4,469.7,low,16.0
Fusarium Wilt,1,0,-1.0,35.1,41.7,51.4,469.7,low,28.0
Bacterial Spot,1,0,-1.0,35.1,41.7,51.4,469.7,low,16.0
Early Blight,0,0,0.0,35.5,85.8,74.7,496.8,moderate,46.0
Late Blight,0,0,0.0,35.5,85.8,74.7,496.8,moderate,46.0
Fusarium Wilt,2,0,-2.0,35.5,85.8,74.7,496.8,low,28.0
Bacterial Spot,1,0,-0.6,35.5,85.8,74.7,496.8,moderate,40.0
Early Blight,1,0,-0.6,26.1,49.4,82.8,722.0,moderate,40.0
Late Blight,1,0,-0.6,26.1,49.4,82.8,722.0,low,28.0
Fusarium Wilt,1,0,-1.0,26.1,49.4,82.8,722.0,moderate,44.0
Bacterial Spot,2,0,-1.6,26.1,49.4,82.8,722.0,low,28.0
Early Blight,0,0,0.0,28.1,89.4,83.9,529.2,moderate,62.0
Late Blight,1,0,-1.0,28.1,89.4,83.9,529.2,low,28.0
Fusarium Wilt,1,0,-1.0,28.1,89.4,83.9,529.2,moderate,44.0
Bacterial Spot,1,0,-0.6,28.1,89.4,83.9,529.2,moderate,56.0
Early Blight,0,0,0.0,28.7,83.4,75.2,718.7,moderate,62.0
Late Blight,0,0,0.0,28.7,83.4,75.2,718.7,moderate,46.0
Fusarium Wilt,1,0,-1.0,28.7,83.4,75.2,718.7,moderate,44.0
Bacterial Spot,2,0,-1.6,28.7,83.4,75.2,718.7,low,28.0
Early Blight,0,0,0.0,34.5,31.7,22.6,496.5,low,34.0
Late Blight,2,0,-1.6,34.5,31.7,22.6,496.5,low,16.0
Fusarium Wilt,2,0,-2.0,34.5,31.7,22.6,496.5,low,28.0
Bacterial Spot,1,0,-1.0,34.5,31.7,22.6,496.5,low,16.0
Early Blight,0,0,0.0,37.8,88.1,75.1,255.5,moderate,46.0
Late Blight,2,0,-1.6,37.8,88.1,75.1,255.5,low,28.0
Fusarium Wilt,1,0,-1.0,37.8,88.1,75.1,255.5,low,28.0
Bacterial Spot,1,0,-1.0,37.8,88.1,75.1,255.5,low,28.0
Early Blight,0,0,0.0,35.5,37.1,48.2,321.4,low,34.0
Late Blight,1,0,-0.6,35.5,37.1,48.2,321.4,low,28.0
Fusarium Wilt,1,0,-1.0,35.5,37.1,48.2,321.4,low,16.0
Bacterial Spot,1,0,-1.0,35.5,37.1,48.2,321.4,low,16.0
Early Blight,0,0,0.0,30.9,69.7,29.7,798.1,low,34.0
Late Blight,0,0,0.0,30.9,69.7,29.7,798.1,low,34.0
Fusarium Wilt,1,0,-1.0,30.9,69.7,29.7,798.1,moderate,44.0
Bacterial Spot,1,0,-0.6,30.9,69.7,29.7,798.1,low,28.0
Early Blight,0,0,0.0,36.3,59.1,72.9,649.3,low,34.0
Late Blight,0,0,0.0,36.3,59.1,72.9,649.3,low,34.0
Fusarium Wilt,1,0,-1.0,36.3,59.1,72.9,649.3,low,28.0
Bacterial Spot,0,0,0.0,36.3,59.1,72.9,649.3,low,34.0
Early Blight,0,0,0.0,23.1,72.4,77.4,906.4,moderate,62.0
Late Blight,1,0,-1.0,23.1,72.4,77.4,906.4,low,28.0
Fusarium Wilt,1,0,-1.0,23.1,72.4,77.4,906.4,low,28.0
Bacterial Spot,0,0,0.0,23.1,72.4,77.4,906.4,low,34.0
Early Blight,1,0,-0.6,34.9,84.5,45.2,217.1,moderate,40.0
Late Blight,0,0,0.0,34.9,84.5,45.2,217.1,moderate,46.0
Fusarium Wilt,2,0,-2.0,34.9,84.5,45.2,217.1,moderate,44.0
Bacterial Spot,1,0,-1.0,34.9,84.5,45.2,217.1,low,16.0
Early Blight,1,0,-0.6,24.1,75.3,20.3,526.2,moderate,56.0
Late Blight,1,0,-0.6,24.1,75.3,20.3,526.2,moderate,40.0
Fusarium Wilt,1,0,-1.0,24.1,75.3,20.3,526.2,low,28.0
Bacterial Spot,1,0,-0.6,24.1,75.3,20.3,526.2,moderate,40.0
Early Blight,0,0,0.0,36.2,52.9,39.3,188.8,low,34.0
Late Blight,2,0,-1.6,36.2,52.9,39.3,188.8,low,16.0
Fusarium Wilt,2,0,-2.0,36.2,52.9,39.3,188.8,low,28.0
Bacterial Spot,2,0,-1.6,36.2,52.9,39.3,188.8,low,16.0
Early Blight,1,0,-0.6,35.0,38.9,67.5,278.1,low,28.0
Late Blight,0,0,0.0,35.0,38.9,67.5,278.1,low,34.0
Fusarium Wilt,2,0,-2.0,35.0,38.9,67.5,278.1,low,28.0
Bacterial Spot,0,0,0.0,35.0,38.9,67.5,278.1,low,34.0
Early Blight,1,0,-0.6,37.5,94.4,45.4,1124.4,moderate,40.0
Late Blight,2,0,-1.6,37.5,94.4,45.4,1124.4,low,28.0
Fusarium Wilt,2,0,-2.0,37.5,94.4,45.4,1124.4,low,28.0
Bacterial Spot,1,0,-0.6,37.5,94.4,45.4,1124.4,moderate,40.0
Early Blight,0,0,0.0,32.3,85.8,89.6,602.5,moderate,46.0
Late Blight,2,0,-1.6,32.3,85.8,89.6,602.5,low,28.0
Fusarium Wilt,0,0,0.0,32.3,85.8,89.6,602.5,moderate,62.0
Bacterial Spot,0,0,0.0,32.3,85.8,89.6,602.5,moderate,46.0
Early Blight,1,0,-0.6,16.8,95.2,19.6,113.1,moderate,40.0
Late Blight,1,0,-1.0,16.8,95.2,19.6,113.1,moderate,44.0
Fusarium Wilt,2,0,-2.0,16.8,95.2,19.6,113.1,low,28.0
Bacterial Spot,1,0,-0.6,16.8,95.2,19.6,113.1,moderate,40.0
Early Blight,0,0,0.0,37.9,65.5,86.5,726.2,low,34.0
Late Blight,0,0,0.0,37.9,65.5,86.5,726.2,low,34.0
Fusarium Wilt,1,0,-1.0,37.9,65.5,86.5,726.2,low,28.0
Bacterial Spot,1,0,-1.0,37.9,65.5,86.5,726.2,low,16.0
Early Blight,0,0,0.0,26.0,37.6,12.1,299.7,moderate,46.0
Late Blight,1,0,-0.6,26.0,37.6,12.1,299.7,low,28.0
Fusarium Wilt,2,0,-2.0,26.0,37.6,12.1,299.7,low,28.0
Bacterial Spot,0,0,0.0,26.0,37.6,12.1,299.7,moderate,46.0
Early Blight,0,0,0.0,16.2,72.3,77.3,613.8,moderate,46.0
Late Blight,1,0,-0.6,16.2,72.3,77.3,613.8,moderate,40.0
Fusarium Wilt,2,0,-2.0,16.2,72.3,77.3,613.8,low,28.0
Bacterial Spot,1,0,-1.0,16.2,72.3,77.3,613.8,low,16.0
Early Blight,0,0,0.0,36.7,80.5,51.4,156.8,moderate,46.0
Late Blight,1,0,-1.0,36.7,80.5,51.4,156.8,low,28.0
Fusarium Wilt,0,0,0.0,36.7,80.5,51.4,156.8,moderate,46.0
Bacterial Spot,0,0,0.0,36.7,80.5,51.4,156.8,low,34.0
Early Blight,1,0,-0.6,31.0,65.7,43.0,887.8,low,28.0
Late Blight,2,0,-1.6,31.0,65.7,43.0,887.8,low,16.0
Fusarium Wilt,1,0,-1.0,31.0,65.7,43.0,887.8,moderate,44.0
Bacterial Spot,1,0,-1.0,31.0,65.7,43.0,887.8,low,16.0
Early Blight,1,0,-0.6,36.7,38.2,56.7,927.8,low,28.0
Late Blight,1,0,-1.0,36.7,38.2,56.7,927.8,low,16.0
Fusarium Wilt,1,0,-1.0,36.7,38.2,56.7,927.8,low,16.0
Bacterial Spot,2,0,-1.6,36.7,38.2,56.7,927.8,low,16.0
Early Blight,0,0,0.0,20.4,35.1,36.2,782.7,moderate,46.0
Late Blight,0,0,0.0,20.4,35.1,36.2,782.7,moderate,46.0
Fusarium Wilt,1,0,-1.0,20.4,35.1,36.2,782.7,low,16.0
Bacterial Spot,1,0,-1.0,20.4,35.1,36.2,782.7,low,16.0
Early Blight,0,0,0.0,15.7,41.4,11.1,1129.5,low,34.0
Late Blight,2,0,-1.6,15.7,41.4,11.1,1129.5,low,28.0
Fusarium Wilt,1,0,-1.0,15.7,41.4,11.1,1129.5,low,28.0
Bacterial Spot,1,0,-0.6,15.7,41.4,11.1,1129.5,low,28.0
Early Blight,1,0,-0.6,15.3,94.9,68.7,233.9,moderate,40.0
Late Blight,2,0,-1.6,15.3,94.9,68.7,233.9,moderate,44.0
Fusarium Wilt,1,0,-1.0,15.3,94.9,68.7,233.9,low,28.0
Bacterial Spot,0,0,0.0,15.3,94.9,68.7,233.9,moderate,46.0
Early Blight,0,0,0.0,33.0,52.1,64.6,471.9,low,34.0
Late Blight,0,0,0.0,33.0,52.1,64.6,471.9,low,34.0
Fusarium Wilt,2,0,-2.0,33.0,52.1,64.6,471.9,moderate,44.0
Bacterial Spot,1,0,-1.0,33.0,52.1,64.6,471.9,low,16.0
Early Blight,0,0,0.0,25.1,91.3,41.3,784.2,moderate,62.0
Late Blight,2,0,-1.6,25.1,91.3,41.3,784.2,low,28.0
Fusarium Wilt,2,0,-2.0,25.1,91.3,41.3,784.2,moderate,44.0
Bacterial Spot,1,0,-0.6,25.1,91.3,41.3,784.2,moderate,56.0
Early Blight,1,0,-0.6,32.6,39.1,34.7,1164.4,low,28.0
Late Blight,0,0,0.0,32.6,39.1,34.7,1164.4,low,34.0
Fusarium Wilt,2,0,-2.0,32.6,39.1,34.7,1164.4,low,28.0
Bacterial Spot,1,0,-0.6,32.6,39.1,34.7,1164.4,low,28.0
Early Blight,1,0,-0.6,24.2,37.2,80.1,386.9,moderate,40.0
Late Blight,1,0,-1.0,24.2,37.2,80.1,386.9,low,16.0
Fusarium Wilt,0,0,0.0,24.2,37.2,80.1,386.9,low,34.0
Bacterial Spot,1,0,-1.0,24.2,37.2,80.1,386.9,low,28.0
Early Blight,0,0,0.0,36.2,78.6,80.9,594.0,moderate,46.0
Late Blight,1,0,-1.0,36.2,78.6,80.9,594.0,low,28.0
Fusarium Wilt,0,0,0.0,36.2,78.6,80.9,594.0,moderate,46.0
Bacterial Spot,1,0,-1.0,36.2,78.6,80.9,594.0,low,16.0
Early Blight,0,0,0.0,34.2,93.6,81.9,1141.6,moderate,46.0
Late Blight,1,0,-1.0,34.2,93.6,81.9,1141.6,low,28.0
Fusarium Wilt,1,0,-1.0,34.2,93.6,81.9,1141.6,moderate,44.0
Bacterial Spot,1,0,-1.0,34.2,93.6,81.9,1141.6,low,28.0
Early Blight,1,0,-0.6,25.0,73.6,88.3,418.7,moderate,56.0
Late Blight,2,0,-1.6,25.0,73.6,88.3,418.7,low,16.0
Fusarium Wilt,0,0,0.0,25.0,73.6,88.3,418.7,moderate,62.0
Bacterial Spot,1,0,-0.6,25.0,73.6,88.3,418.7,moderate,40.0
Early Blight,0,0,0.0,25.9,34.9,22.8,732.5,moderate,46.0
Late Blight,1,0,-1.0,25.9,34.9,22.8,732.5,low,16.0
Fusarium Wilt,1,0,-1.0,25.9,34.9,22.8,732.5,low,28.0
Bacterial Spot,1,0,-0.6,25.9,34.9,22.8,732.5,moderate,40.0
Early Blight,1,0,-0.6,35.6,96.8,88.9,582.4,moderate,40.0
Late Blight,2,0,-1.6,35.6,96.8,88.9,582.4,low,28.0
Fusarium Wilt,1,0,-1.0,35.6,96.8,88.9,582.4,low,28.0
Bacterial Spot,2,0,-1.6,35.6,96.8,88.9,582.4,low,28.0
Early Blight,0,0,0.0,26.7,60.4,41.5,737.9,moderate,46.0
Late Blight,0,0,0.0,26.7,60.4,41.5,737.9,low,34.0
Fusarium Wilt,2,0,-2.0,26.7,60.4,41.5,737.9,moderate,44.0
Bacterial Spot,0,0,0.0,26.7,60.4,41.5,737.9,moderate,46.0
Early Blight,0,0,0.0,37.1,75.4,85.9,274.9,moderate,46.0
Late Blight,0,0,0.0,37.1,75.4,85.9,274.9,moderate,46.0
Fusarium Wilt,2,0,-2.0,37.1,75.4,85.9,274.9,low,28.0
Bacterial Spot,0,0,0.0,37.1,75.4,85.9,274.9,low,34.0
Early Blight,0,0,0.0,37.7,40.5,29.9,129.6,low,34.0
Late Blight,1,0,-1.0,37.7,40.5,29.9,129.6,low,16.0
Fusarium Wilt,0,0,0.0,37.7,40.5,29.9,129.6,moderate,46.0
Bacterial Spot,2,0,-1.6,37.7,40.5,29.9,129.6,low,16.0
Early Blight,1,0,-0.6,31.2,42.4,72.0,518.7,low,28.0
Late Blight,0,0,0.0,31.2,42.4,72.0,518.7,low,34.0
Fusarium Wilt,1,0,-1.0,31.2,42.4,72.0,518.7,moderate,44.0
Bacterial Spot,0,0,0.0,31.2,42.4,72.0,518.7,low,34.0
Early Blight,1,0,-0.6,19.9,74.4,13.7,1149.1,moderate,40.0
Late Blight,1,0,-0.6,19.9,74.4,13.7,1149.1,moderate,40.0
Fusarium Wilt,0,0,0.0,19.9,74.4,13.7,1149.1,moderate,46.0
Bacterial Spot,1,0,-0.6,19.9,74.4,13.7,1149.1,low,28.0
Early Blight,0,0,0.0,30.0,38.5,51.2,577.1,moderate,46.0
Late Blight,1,0,-1.0,30.0,38.5,51.2,577.1,low,16.0
Fusarium Wilt,0,0,0.0,30.0,38.5,51.2,577.1,moderate,46.0
Bacterial Spot,0,0,0.0,30.0,38.5,51.2,577.1,moderate,46.0
Early Blight,1,0,-0.6,33.8,31.9,49.9,147.9,low,28.0
Late Blight,1,0,-1.0,33.8,31.9,49.9,147.9,low,16.0
Fusarium Wilt,2,0,-2.0,33.8,31.9,49.9,147.9,low,28.0
Bacterial Spot,1,0,-1.0,33.8,31.9,49.9,147.9,low,16.0
